customer_id,month,mrr,is_new,is_expansion,is_contraction,is_churned
CUST-00001,2023-10,202.39,1,0,0,0
CUST-00002,2023-10,224.82,1,0,0,0
CUST-00003,2023-10,113.66,1,0,0,0
CUST-00004,2023-10,222.07,1,0,0,0
CUST-00005,2023-10,90.96,1,0,0,0
CUST-00006,2023-10,57.23,1,0,0,0
CUST-00007,2023-10,89.33,1,0,0,0
CUST-00008,2023-10,119.52,1,0,0,1
CUST-00009,2023-10,224.08,1,0,0,0
CUST-00010,2023-10,217.88,1,0,0,0
CUST-00011,2023-10,124.63,1,0,0,0
CUST-00012,2023-10,129.29,1,0,0,0
CUST-00013,2023-10,2188.77,1,0,0,0
CUST-00014,2023-10,164.19,1,0,0,0
CUST-00015,2023-10,59.19,1,0,0,0
CUST-00016,2023-10,64.17,1,0,0,0
CUST-00017,2023-10,136.07,1,0,0,0
CUST-00018,2023-10,207.89,1,0,0,0
CUST-00019,2023-10,252.4,1,0,0,0
CUST-00020,2023-10,202.65,1,0,0,0
CUST-00021,2023-10,173.69,1,0,0,0
CUST-00022,2023-10,90.97,1,0,0,0
CUST-00023,2023-10,222.12,1,0,0,0
CUST-00024,2023-10,215.1,1,0,0,0
CUST-00001,2023-11,212.29,0,1,0,0
CUST-00002,2023-11,221.97,0,0,0,0
CUST-00003,2023-11,111.44,0,0,0,0
CUST-00004,2023-11,221.42,0,0,0,0
CUST-00005,2023-11,92.6,0,0,0,0
CUST-00006,2023-11,55.51,0,0,1,0
CUST-00007,2023-11,93.6,0,1,0,0
CUST-00009,2023-11,229.15,0,1,0,0
CUST-00010,2023-11,217.84,0,0,0,0
CUST-00011,2023-11,132.06,0,1,0,0
CUST-00012,2023-11,132.17,0,1,0,0
CUST-00013,2023-11,2231.25,0,0,0,0
CUST-00014,2023-11,106.99,0,0,1,0
CUST-00015,2023-11,57.47,0,0,1,0
CUST-00016,2023-11,66.27,0,1,0,0
CUST-00017,2023-11,134.26,0,0,0,0
CUST-00018,2023-11,176.59,0,0,1,0
CUST-00019,2023-11,245.47,0,0,1,0
CUST-00020,2023-11,205.06,0,0,0,0
CUST-00021,2023-11,175.24,0,0,0,0
CUST-00022,2023-11,87.44,0,0,1,0
CUST-00023,2023-11,222.43,0,0,0,0
CUST-00024,2023-11,213.01,0,0,0,0
CUST-00025,2023-11,238.23,1,0,0,0
CUST-00026,2023-11,247.81,1,0,0,0
CUST-00027,2023-11,50.41,1,0,0,0
CUST-00028,2023-11,86.74,1,0,0,0
CUST-00001,2023-12,214.1,0,0,0,0
CUST-00002,2023-12,219.9,0,0,0,1
CUST-00003,2023-12,109.62,0,0,0,0
CUST-00004,2023-12,227.15,0,1,0,0
CUST-00005,2023-12,97.11,0,1,0,0
CUST-00006,2023-12,57.94,0,1,0,0
CUST-00007,2023-12,78.08,0,0,1,0
CUST-00009,2023-12,224.96,0,0,0,0
CUST-00010,2023-12,212.02,0,0,1,0
CUST-00011,2023-12,129.17,0,0,1,0
CUST-00012,2023-12,133.79,0,0,0,0
CUST-00013,2023-12,2315.67,0,1,0,0
CUST-00014,2023-12,104.21,0,0,1,0
CUST-00015,2023-12,59.3,0,1,0,0
CUST-00016,2023-12,69.34,0,1,0,0
CUST-00017,2023-12,132.21,0,0,0,0
CUST-00018,2023-12,179.76,0,0,0,0
CUST-00019,2023-12,252.5,0,1,0,0
CUST-00020,2023-12,252.56,0,1,0,0
CUST-00021,2023-12,171.35,0,0,1,0
CUST-00022,2023-12,91.53,0,1,0,0
CUST-00023,2023-12,223.57,0,0,0,0
CUST-00024,2023-12,211.36,0,0,0,0
CUST-00025,2023-12,229.2,0,0,1,0
CUST-00026,2023-12,250.42,0,0,0,0
CUST-00027,2023-12,51.9,0,1,0,0
CUST-00028,2023-12,90.4,0,1,0,0
CUST-00029,2023-12,114.41,1,0,0,0
CUST-00030,2023-12,225.23,1,0,0,0
CUST-00031,2023-12,204.48,1,0,0,1
CUST-00032,2023-12,48.6,1,0,0,0
CUST-00033,2023-12,61.78,1,0,0,0
CUST-00001,2024-01,220.67,0,1,0,0
CUST-00003,2024-01,114.4,0,1,0,0
CUST-00004,2024-01,225.18,0,0,0,0
CUST-00005,2024-01,101.68,0,1,0,0
CUST-00006,2024-01,57.43,0,0,0,0
CUST-00007,2024-01,78.42,0,0,0,0
CUST-00009,2024-01,179.34,0,0,1,0
CUST-00010,2024-01,210.14,0,0,0,0
CUST-00011,2024-01,135.27,0,1,0,0
CUST-00012,2024-01,133,0,0,0,0
CUST-00013,2024-01,2331.16,0,0,0,0
CUST-00014,2024-01,102.33,0,0,0,0
CUST-00015,2024-01,61.2,0,1,0,0
CUST-00016,2024-01,67.95,0,0,1,0
CUST-00017,2024-01,138.73,0,1,0,0
CUST-00018,2024-01,174.64,0,0,1,0
CUST-00019,2024-01,249.82,0,0,0,0
CUST-00020,2024-01,258.96,0,1,0,0
CUST-00021,2024-01,178.57,0,1,0,0
CUST-00022,2024-01,96.56,0,1,0,0
CUST-00023,2024-01,233.93,0,1,0,0
CUST-00024,2024-01,203.97,0,0,1,0
CUST-00025,2024-01,240.58,0,1,0,0
CUST-00026,2024-01,255.67,0,1,0,0
CUST-00027,2024-01,54.73,0,1,0,0
CUST-00028,2024-01,88.19,0,0,1,0
CUST-00029,2024-01,115.66,0,0,0,0
CUST-00030,2024-01,222.79,0,0,0,0
CUST-00032,2024-01,47.95,0,0,0,0
CUST-00033,2024-01,60.14,0,0,1,0
CUST-00034,2024-01,152.3,1,0,0,0
CUST-00035,2024-01,219.85,1,0,0,0
CUST-00036,2024-01,121.09,1,0,0,1
CUST-00037,2024-01,243.99,1,0,0,0
CUST-00038,2024-01,228.37,1,0,0,0
CUST-00039,2024-01,4200,1,0,0,0
CUST-00001,2024-02,231.62,0,1,0,0
CUST-00003,2024-02,120.64,0,1,0,0
CUST-00004,2024-02,223.18,0,0,0,0
CUST-00005,2024-02,76.88,0,0,1,0
CUST-00006,2024-02,55.86,0,0,1,0
CUST-00007,2024-02,76.42,0,0,1,0
CUST-00009,2024-02,185.6,0,1,0,0
CUST-00010,2024-02,213,0,0,0,0
CUST-00011,2024-02,141.86,0,1,0,0
CUST-00012,2024-02,132.03,0,0,0,0
CUST-00013,2024-02,2296.36,0,0,0,0
CUST-00014,2024-02,101,0,0,0,0
CUST-00015,2024-02,59.36,0,0,1,0
CUST-00016,2024-02,70.35,0,1,0,0
CUST-00017,2024-02,134.11,0,0,1,1
CUST-00018,2024-02,171.37,0,0,0,0
CUST-00019,2024-02,244,0,0,1,0
CUST-00020,2024-02,266.64,0,1,0,0
CUST-00021,2024-02,175.9,0,0,0,0
CUST-00022,2024-02,101.91,0,1,0,0
CUST-00023,2024-02,226.12,0,0,1,0
CUST-00024,2024-02,206.13,0,0,0,0
CUST-00025,2024-02,254.44,0,1,0,0
CUST-00026,2024-02,256.77,0,0,0,0
CUST-00027,2024-02,55.38,0,0,0,0
CUST-00028,2024-02,85.7,0,0,1,0
CUST-00029,2024-02,120.18,0,1,0,0
CUST-00030,2024-02,147.38,0,0,1,0
CUST-00032,2024-02,47.62,0,0,0,0
CUST-00033,2024-02,58.78,0,0,1,0
CUST-00034,2024-02,147.34,0,0,1,0
CUST-00035,2024-02,247.48,0,1,0,0
CUST-00037,2024-02,249.66,0,1,0,0
CUST-00038,2024-02,230.98,0,0,0,0
CUST-00039,2024-02,4155.58,0,0,0,0
CUST-00040,2024-02,173.96,1,0,0,0
CUST-00041,2024-02,177.07,1,0,0,0
CUST-00042,2024-02,69.67,1,0,0,0
CUST-00043,2024-02,163.55,1,0,0,1
CUST-00044,2024-02,1396.06,1,0,0,0
CUST-00045,2024-02,240.34,1,0,0,0
CUST-00046,2024-02,141.9,1,0,0,1
CUST-00047,2024-02,62.62,1,0,0,0
CUST-00001,2024-03,228.66,0,0,0,0
CUST-00003,2024-03,116.66,0,0,1,0
CUST-00004,2024-03,226.11,0,0,0,0
CUST-00005,2024-03,73.84,0,0,1,0
CUST-00006,2024-03,53.74,0,0,1,0
CUST-00007,2024-03,78.44,0,1,0,0
CUST-00009,2024-03,183.91,0,0,0,0
CUST-00010,2024-03,212.35,0,0,0,1
CUST-00011,2024-03,140.34,0,0,0,0
CUST-00012,2024-03,181.97,0,1,0,0
CUST-00013,2024-03,2365.39,0,1,0,0
CUST-00014,2024-03,100.7,0,0,0,0
CUST-00015,2024-03,59.43,0,0,0,0
CUST-00016,2024-03,68.32,0,0,1,0
CUST-00018,2024-03,168.76,0,0,0,0
CUST-00019,2024-03,238.77,0,0,1,0
CUST-00020,2024-03,256.55,0,0,1,0
CUST-00021,2024-03,182.32,0,1,0,0
CUST-00022,2024-03,100.14,0,0,0,0
CUST-00023,2024-03,218.39,0,0,1,0
CUST-00024,2024-03,213.04,0,1,0,0
CUST-00025,2024-03,251.47,0,0,0,0
CUST-00026,2024-03,255.83,0,0,0,0
CUST-00027,2024-03,54.54,0,0,0,0
CUST-00028,2024-03,87.97,0,1,0,0
CUST-00029,2024-03,116.79,0,0,1,0
CUST-00030,2024-03,103.02,0,0,1,0
CUST-00032,2024-03,47.13,0,0,0,0
CUST-00033,2024-03,57.19,0,0,1,0
CUST-00034,2024-03,147.06,0,0,0,0
CUST-00035,2024-03,262.3,0,1,0,0
CUST-00037,2024-03,279.92,0,1,0,0
CUST-00038,2024-03,235.44,0,0,0,0
CUST-00039,2024-03,4265.24,0,1,0,0
CUST-00040,2024-03,174.4,0,0,0,0
CUST-00041,2024-03,184.51,0,1,0,0
CUST-00042,2024-03,68.66,0,0,0,0
CUST-00044,2024-03,1449.2,0,1,0,0
CUST-00045,2024-03,300.56,0,1,0,0
CUST-00047,2024-03,60.24,0,0,1,0
CUST-00048,2024-03,205.89,1,0,0,0
CUST-00049,2024-03,219.06,1,0,0,0
CUST-00050,2024-03,165.92,1,0,0,0
CUST-00051,2024-03,138.32,1,0,0,0
CUST-00052,2024-03,75.17,1,0,0,0
CUST-00053,2024-03,171.86,1,0,0,0
CUST-00054,2024-03,77.6,1,0,0,0
CUST-00055,2024-03,149.58,1,0,0,0
CUST-00056,2024-03,3900,1,0,0,0
CUST-00001,2024-04,223.04,0,0,1,0
CUST-00003,2024-04,114.47,0,0,0,0
CUST-00004,2024-04,222.11,0,0,0,0
CUST-00005,2024-04,75.97,0,1,0,0
CUST-00006,2024-04,56.05,0,1,0,0
CUST-00007,2024-04,80.83,0,1,0,0
CUST-00009,2024-04,182.94,0,0,0,0
CUST-00011,2024-04,142.75,0,0,0,0
CUST-00012,2024-04,191.29,0,1,0,0
CUST-00013,2024-04,2318.18,0,0,0,0
CUST-00014,2024-04,102.39,0,0,0,0
CUST-00015,2024-04,59.69,0,0,0,0
CUST-00016,2024-04,71.89,0,1,0,0
CUST-00018,2024-04,168.63,0,0,0,0
CUST-00019,2024-04,244.53,0,1,0,0
CUST-00020,2024-04,260.48,0,0,0,0
CUST-00021,2024-04,176.16,0,0,1,0
CUST-00022,2024-04,96.44,0,0,1,0
CUST-00023,2024-04,209.7,0,0,1,0
CUST-00024,2024-04,213.19,0,0,0,0
CUST-00025,2024-04,245.19,0,0,1,0
CUST-00026,2024-04,256.62,0,0,0,0
CUST-00027,2024-04,57.69,0,1,0,0
CUST-00028,2024-04,55.94,0,0,1,0
CUST-00029,2024-04,118.99,0,0,0,0
CUST-00030,2024-04,99.41,0,0,1,0
CUST-00032,2024-04,48.26,0,1,0,0
CUST-00033,2024-04,60.32,0,1,0,0
CUST-00034,2024-04,148.34,0,0,0,0
CUST-00035,2024-04,261.14,0,0,0,0
CUST-00037,2024-04,280.57,0,0,0,0
CUST-00038,2024-04,245.78,0,1,0,0
CUST-00039,2024-04,4300.76,0,0,0,0
CUST-00040,2024-04,170.01,0,0,1,0
CUST-00041,2024-04,193.95,0,1,0,0
CUST-00042,2024-04,70.07,0,1,0,0
CUST-00044,2024-04,1485.79,0,1,0,0
CUST-00045,2024-04,308.26,0,1,0,0
CUST-00047,2024-04,58.11,0,0,1,0
CUST-00048,2024-04,209.45,0,0,0,0
CUST-00049,2024-04,216.25,0,0,0,0
CUST-00050,2024-04,193.51,0,1,0,0
CUST-00051,2024-04,134.41,0,0,1,0
CUST-00052,2024-04,76.43,0,0,0,0
CUST-00053,2024-04,165.75,0,0,1,0
CUST-00054,2024-04,82.14,0,1,0,0
CUST-00055,2024-04,97.61,0,0,1,1
CUST-00056,2024-04,3877.34,0,0,0,1
CUST-00057,2024-04,148.85,1,0,0,0
CUST-00058,2024-04,77.62,1,0,0,0
CUST-00059,2024-04,70,1,0,0,0
CUST-00060,2024-04,102.08,1,0,0,0
CUST-00061,2024-04,521.39,1,0,0,0
CUST-00062,2024-04,257.91,1,0,0,0
CUST-00063,2024-04,141.88,1,0,0,0
CUST-00001,2024-05,216.46,0,0,1,0
CUST-00003,2024-05,112.74,0,0,0,0
CUST-00004,2024-05,223.02,0,0,0,0
CUST-00005,2024-05,80.37,0,1,0,0
CUST-00006,2024-05,57.85,0,1,0,0
CUST-00007,2024-05,79.69,0,0,0,0
CUST-00009,2024-05,188.1,0,1,0,0
CUST-00011,2024-05,110.65,0,0,1,0
CUST-00012,2024-05,201.1,0,1,0,0
CUST-00013,2024-05,2395.02,0,1,0,0
CUST-00014,2024-05,104.53,0,1,0,0
CUST-00015,2024-05,58.52,0,0,0,0
CUST-00016,2024-05,70.31,0,0,1,0
CUST-00018,2024-05,176.25,0,1,0,0
CUST-00019,2024-05,240.36,0,0,0,0
CUST-00020,2024-05,251.41,0,0,1,0
CUST-00021,2024-05,177.7,0,0,0,0
CUST-00022,2024-05,133.04,0,1,0,0
CUST-00023,2024-05,217.22,0,1,0,0
CUST-00024,2024-05,215.32,0,0,0,0
CUST-00025,2024-05,248.13,0,0,0,0
CUST-00026,2024-05,269.84,0,1,0,0
CUST-00027,2024-05,58.79,0,0,0,0
CUST-00028,2024-05,57.09,0,1,0,0
CUST-00029,2024-05,121.46,0,1,0,0
CUST-00030,2024-05,97.69,0,0,0,0
CUST-00032,2024-05,63.06,0,1,0,0
CUST-00033,2024-05,63.03,0,1,0,0
CUST-00034,2024-05,143.04,0,0,1,0
CUST-00035,2024-05,256.16,0,0,0,0
CUST-00037,2024-05,292.64,0,1,0,0
CUST-00038,2024-05,240.12,0,0,1,0
CUST-00039,2024-05,4273.62,0,0,0,0
CUST-00040,2024-05,168.1,0,0,0,0
CUST-00041,2024-05,188.12,0,0,1,0
CUST-00042,2024-05,68.3,0,0,1,0
CUST-00044,2024-05,1484.02,0,0,0,0
CUST-00045,2024-05,322.05,0,1,0,0
CUST-00047,2024-05,56.08,0,0,1,0
CUST-00048,2024-05,208.22,0,0,0,0
CUST-00049,2024-05,208.97,0,0,1,0
CUST-00050,2024-05,188.09,0,0,1,0
CUST-00051,2024-05,134.07,0,0,0,0
CUST-00052,2024-05,77.33,0,0,0,0
CUST-00053,2024-05,172.74,0,1,0,0
CUST-00054,2024-05,85.8,0,1,0,0
CUST-00057,2024-05,145.65,0,0,1,1
CUST-00058,2024-05,77.04,0,0,0,0
CUST-00059,2024-05,59.71,0,0,1,0
CUST-00060,2024-05,107.24,0,1,0,0
CUST-00061,2024-05,520.93,0,0,0,0
CUST-00062,2024-05,260.44,0,0,0,0
CUST-00063,2024-05,137.95,0,0,1,0
CUST-00064,2024-05,1077.87,1,0,0,0
CUST-00065,2024-05,120.09,1,0,0,0
CUST-00066,2024-05,1167.31,1,0,0,0
CUST-00067,2024-05,251.4,1,0,0,0
CUST-00068,2024-05,154.18,1,0,0,0
CUST-00069,2024-05,245.6,1,0,0,0
CUST-00070,2024-05,211.4,1,0,0,0
CUST-00071,2024-05,3600,1,0,0,0
CUST-00001,2024-06,225.53,0,1,0,0
CUST-00003,2024-06,108.97,0,0,1,0
CUST-00004,2024-06,225.71,0,0,0,0
CUST-00005,2024-06,83.58,0,1,0,0
CUST-00006,2024-06,58.85,0,0,0,0
CUST-00007,2024-06,82.05,0,1,0,0
CUST-00009,2024-06,180.73,0,0,1,0
CUST-00011,2024-06,113.43,0,1,0,0
CUST-00012,2024-06,199.24,0,0,0,0
CUST-00013,2024-06,2365.52,0,0,0,0
CUST-00014,2024-06,109.5,0,1,0,0
CUST-00015,2024-06,80.79,0,1,0,0
CUST-00016,2024-06,70.47,0,0,0,0
CUST-00018,2024-06,184.58,0,1,0,0
CUST-00019,2024-06,236.99,0,0,0,0
CUST-00020,2024-06,182.1,0,0,1,0
CUST-00021,2024-06,175.11,0,0,0,0
CUST-00022,2024-06,132.55,0,0,0,0
CUST-00023,2024-06,229.02,0,1,0,0
CUST-00024,2024-06,215.32,0,0,0,0
CUST-00025,2024-06,241.47,0,0,1,0
CUST-00026,2024-06,272.81,0,0,0,0
CUST-00027,2024-06,61.05,0,1,0,0
CUST-00028,2024-06,46.85,0,0,1,0
CUST-00029,2024-06,126.55,0,1,0,0
CUST-00030,2024-06,101.25,0,1,0,0
CUST-00032,2024-06,65.08,0,1,0,0
CUST-00033,2024-06,62.82,0,0,0,0
CUST-00034,2024-06,146.58,0,1,0,0
CUST-00035,2024-06,253.27,0,0,0,0
CUST-00037,2024-06,308.81,0,1,0,0
CUST-00038,2024-06,233.03,0,0,1,0
CUST-00039,2024-06,4435.43,0,1,0,0
CUST-00040,2024-06,177.34,0,1,0,0
CUST-00041,2024-06,195.78,0,1,0,0
CUST-00042,2024-06,70.41,0,1,0,0
CUST-00044,2024-06,1651.82,0,1,0,0
CUST-00045,2024-06,340.54,0,1,0,0
CUST-00047,2024-06,57.27,0,1,0,0
CUST-00048,2024-06,212.23,0,0,0,0
CUST-00049,2024-06,212.03,0,0,0,0
CUST-00050,2024-06,195.56,0,1,0,0
CUST-00051,2024-06,128.76,0,0,1,0
CUST-00052,2024-06,57.09,0,0,1,0
CUST-00053,2024-06,175.6,0,0,0,0
CUST-00054,2024-06,84.81,0,0,0,0
CUST-00058,2024-06,77.15,0,0,0,0
CUST-00059,2024-06,59.14,0,0,0,0
CUST-00060,2024-06,106.21,0,0,0,0
CUST-00061,2024-06,508.17,0,0,1,0
CUST-00062,2024-06,275.67,0,1,0,0
CUST-00063,2024-06,141.61,0,1,0,0
CUST-00064,2024-06,1058.19,0,0,0,0
CUST-00065,2024-06,126.11,0,1,0,0
CUST-00066,2024-06,1205.2,0,1,0,0
CUST-00067,2024-06,337.47,0,1,0,0
CUST-00068,2024-06,155.36,0,0,0,0
CUST-00069,2024-06,253.1,0,1,0,0
CUST-00070,2024-06,223.56,0,1,0,0
CUST-00071,2024-06,3706.39,0,1,0,0
CUST-00072,2024-06,76.47,1,0,0,0
CUST-00073,2024-06,145.52,1,0,0,0
CUST-00074,2024-06,153.37,1,0,0,0
CUST-00075,2024-06,125,1,0,0,0
CUST-00076,2024-06,97.15,1,0,0,0
CUST-00077,2024-06,243.89,1,0,0,0
CUST-00078,2024-06,220.13,1,0,0,0
CUST-00079,2024-06,190.49,1,0,0,0
CUST-00080,2024-06,189.27,1,0,0,0
CUST-00001,2024-07,224.62,0,0,0,0
CUST-00003,2024-07,111.85,0,1,0,0
CUST-00004,2024-07,233.4,0,1,0,0
CUST-00005,2024-07,81.35,0,0,1,0
CUST-00006,2024-07,58.95,0,0,0,0
CUST-00007,2024-07,86.33,0,1,0,1
CUST-00009,2024-07,190.77,0,1,0,0
CUST-00011,2024-07,116.03,0,1,0,0
CUST-00012,2024-07,206.48,0,1,0,0
CUST-00013,2024-07,2418.17,0,1,0,0
CUST-00014,2024-07,113.73,0,1,0,0
CUST-00015,2024-07,81.3,0,0,0,0
CUST-00016,2024-07,69.57,0,0,0,0
CUST-00018,2024-07,184.66,0,0,0,0
CUST-00019,2024-07,231.09,0,0,1,0
CUST-00020,2024-07,179.03,0,0,0,0
CUST-00021,2024-07,179.61,0,1,0,0
CUST-00022,2024-07,138.9,0,1,0,0
CUST-00023,2024-07,226.56,0,0,0,1
CUST-00024,2024-07,219.65,0,1,0,0
CUST-00025,2024-07,252.91,0,1,0,0
CUST-00026,2024-07,271.43,0,0,0,0
CUST-00027,2024-07,59.59,0,0,1,0
CUST-00028,2024-07,48.19,0,1,0,0
CUST-00029,2024-07,122.49,0,0,1,0
CUST-00030,2024-07,105.03,0,1,0,0
CUST-00032,2024-07,67.13,0,1,0,0
CUST-00033,2024-07,66.47,0,1,0,0
CUST-00034,2024-07,92.45,0,0,1,0
CUST-00035,2024-07,255.33,0,0,0,0
CUST-00037,2024-07,311.86,0,0,0,0
CUST-00038,2024-07,243.01,0,1,0,0
CUST-00039,2024-07,3717.07,0,0,1,0
CUST-00040,2024-07,178.38,0,0,0,0
CUST-00041,2024-07,199.27,0,0,0,0
CUST-00042,2024-07,72.98,0,1,0,0
CUST-00044,2024-07,1731.63,0,1,0,0
CUST-00045,2024-07,360.97,0,1,0,0
CUST-00047,2024-07,59.64,0,1,0,0
CUST-00048,2024-07,217.44,0,1,0,0
CUST-00049,2024-07,223.87,0,1,0,0
CUST-00050,2024-07,204.53,0,1,0,0
CUST-00051,2024-07,133.85,0,1,0,1
CUST-00052,2024-07,60.31,0,1,0,0
CUST-00053,2024-07,180.19,0,1,0,0
CUST-00054,2024-07,86.37,0,0,0,0
CUST-00058,2024-07,74.73,0,0,1,0
CUST-00059,2024-07,59.61,0,0,0,0
CUST-00060,2024-07,107.59,0,0,0,0
CUST-00061,2024-07,533.64,0,1,0,0
CUST-00062,2024-07,274.2,0,0,0,0
CUST-00063,2024-07,138.07,0,0,1,0
CUST-00064,2024-07,1087.37,0,1,0,0
CUST-00065,2024-07,128.57,0,0,0,0
CUST-00066,2024-07,1238.24,0,1,0,0
CUST-00067,2024-07,350.35,0,1,0,0
CUST-00068,2024-07,163.88,0,1,0,0
CUST-00069,2024-07,266.58,0,1,0,0
CUST-00070,2024-07,232.71,0,1,0,0
CUST-00071,2024-07,3787.19,0,1,0,0
CUST-00072,2024-07,77.71,0,0,0,0
CUST-00073,2024-07,142.33,0,0,1,0
CUST-00074,2024-07,160.6,0,1,0,0
CUST-00075,2024-07,120.26,0,0,1,0
CUST-00076,2024-07,97.65,0,0,0,0
CUST-00077,2024-07,255,0,1,0,0
CUST-00078,2024-07,140.54,0,0,1,0
CUST-00079,2024-07,194.64,0,1,0,0
CUST-00080,2024-07,184.69,0,0,1,0
CUST-00081,2024-07,201.37,1,0,0,0
CUST-00082,2024-07,174.79,1,0,0,0
CUST-00083,2024-07,154.25,1,0,0,0
CUST-00084,2024-07,249.88,1,0,0,0
CUST-00085,2024-07,155.63,1,0,0,0
CUST-00086,2024-07,73.61,1,0,0,0
CUST-00087,2024-07,118.73,1,0,0,0
CUST-00088,2024-07,118.85,1,0,0,0
CUST-00089,2024-07,41.92,1,0,0,0
CUST-00090,2024-07,213.58,1,0,0,0
CUST-00091,2024-07,258.57,1,0,0,0
CUST-00092,2024-07,2056.34,1,0,0,0
CUST-00093,2024-07,140.16,1,0,0,0
CUST-00094,2024-07,3300,1,0,0,0
CUST-00001,2024-08,223.7,0,0,0,0
CUST-00003,2024-08,116.25,0,1,0,0
CUST-00004,2024-08,243.07,0,1,0,0
CUST-00005,2024-08,78.27,0,0,1,0
CUST-00006,2024-08,81.44,0,1,0,0
CUST-00009,2024-08,188.76,0,0,0,0
CUST-00011,2024-08,118.93,0,1,0,0
CUST-00012,2024-08,209.48,0,0,0,0
CUST-00013,2024-08,2187,0,0,1,0
CUST-00014,2024-08,111.12,0,0,1,0
CUST-00015,2024-08,84.01,0,1,0,0
CUST-00016,2024-08,73.22,0,1,0,0
CUST-00018,2024-08,185.47,0,0,0,0
CUST-00019,2024-08,234.8,0,0,0,0
CUST-00020,2024-08,180.68,0,0,0,0
CUST-00021,2024-08,183.27,0,1,0,0
CUST-00022,2024-08,146.03,0,1,0,0
CUST-00024,2024-08,225.91,0,1,0,0
CUST-00025,2024-08,246.87,0,0,1,0
CUST-00026,2024-08,264.46,0,0,1,0
CUST-00027,2024-08,59.03,0,0,0,0
CUST-00028,2024-08,46.71,0,0,1,1
CUST-00029,2024-08,129.78,0,1,0,0
CUST-00030,2024-08,108.31,0,1,0,0
CUST-00032,2024-08,68.8,0,1,0,0
CUST-00033,2024-08,68.08,0,1,0,0
CUST-00034,2024-08,88.94,0,0,1,0
CUST-00035,2024-08,267.49,0,1,0,0
CUST-00037,2024-08,314.29,0,0,0,0
CUST-00038,2024-08,255.79,0,1,0,0
CUST-00039,2024-08,3875.55,0,1,0,0
CUST-00040,2024-08,183.71,0,1,0,0
CUST-00041,2024-08,209.58,0,1,0,0
CUST-00042,2024-08,71.22,0,0,1,0
CUST-00044,2024-08,1816.99,0,1,0,0
CUST-00045,2024-08,365,0,0,0,0
CUST-00047,2024-08,58.06,0,0,1,0
CUST-00048,2024-08,228.46,0,1,0,0
CUST-00049,2024-08,228.35,0,1,0,0
CUST-00050,2024-08,201.87,0,0,0,0
CUST-00052,2024-08,63.28,0,1,0,0
CUST-00053,2024-08,180.72,0,0,0,0
CUST-00054,2024-08,83.51,0,0,1,0
CUST-00058,2024-08,76.55,0,1,0,0
CUST-00059,2024-08,57.25,0,0,1,0
CUST-00060,2024-08,106.07,0,0,0,0
CUST-00061,2024-08,538.22,0,0,0,0
CUST-00062,2024-08,272.2,0,0,0,0
CUST-00063,2024-08,140.88,0,1,0,0
CUST-00064,2024-08,1099.41,0,0,0,0
CUST-00065,2024-08,123.78,0,0,1,0
CUST-00066,2024-08,1285.31,0,1,0,0
CUST-00067,2024-08,338.38,0,0,1,0
CUST-00068,2024-08,172.12,0,1,0,0
CUST-00069,2024-08,259.25,0,0,1,0
CUST-00070,2024-08,238.31,0,1,0,0
CUST-00071,2024-08,3863.1,0,1,0,0
CUST-00072,2024-08,75.91,0,0,1,0
CUST-00073,2024-08,140.16,0,0,0,0
CUST-00074,2024-08,133.29,0,0,1,0
CUST-00075,2024-08,123.2,0,1,0,0
CUST-00076,2024-08,96.34,0,0,0,0
CUST-00077,2024-08,269.41,0,1,0,0
CUST-00078,2024-08,141.4,0,0,0,0
CUST-00079,2024-08,117.72,0,0,1,0
CUST-00080,2024-08,190.94,0,1,0,0
CUST-00081,2024-08,198.91,0,0,0,0
CUST-00082,2024-08,182.67,0,1,0,0
CUST-00083,2024-08,160.21,0,1,0,0
CUST-00084,2024-08,249.44,0,0,0,0
CUST-00085,2024-08,182.52,0,1,0,0
CUST-00086,2024-08,74.84,0,0,0,0
CUST-00087,2024-08,96.69,0,0,1,0
CUST-00088,2024-08,118.99,0,0,0,0
CUST-00089,2024-08,40.74,0,0,1,0
CUST-00090,2024-08,213.76,0,0,0,0
CUST-00091,2024-08,270.48,0,1,0,0
CUST-00092,2024-08,2062.59,0,0,0,0
CUST-00093,2024-08,141.77,0,0,0,0
CUST-00094,2024-08,3329.02,0,0,0,0
CUST-00095,2024-08,79.94,1,0,0,0
CUST-00096,2024-08,249.31,1,0,0,0
CUST-00097,2024-08,158.63,1,0,0,0
CUST-00098,2024-08,877.78,1,0,0,0
CUST-00099,2024-08,45.21,1,0,0,0
CUST-00100,2024-08,255.84,1,0,0,0
CUST-00101,2024-08,225.64,1,0,0,0
CUST-00102,2024-08,162.23,1,0,0,0
CUST-00103,2024-08,239.74,1,0,0,0
CUST-00104,2024-08,169.35,1,0,0,0
CUST-00105,2024-08,194.19,1,0,0,0
CUST-00106,2024-08,160.84,1,0,0,0
CUST-00107,2024-08,205.09,1,0,0,0
CUST-00108,2024-08,62.56,1,0,0,0
CUST-00109,2024-08,195.09,1,0,0,0
CUST-00110,2024-08,237.41,1,0,0,0
CUST-00111,2024-08,114.08,1,0,0,0
CUST-00001,2024-09,232.91,0,1,0,0
CUST-00003,2024-09,115.06,0,0,0,0
CUST-00004,2024-09,243.12,0,0,0,0
CUST-00005,2024-09,82.79,0,1,0,0
CUST-00006,2024-09,66.84,0,0,1,0
CUST-00009,2024-09,193.89,0,1,0,0
CUST-00011,2024-09,121.42,0,1,0,0
CUST-00012,2024-09,218.36,0,1,0,0
CUST-00013,2024-09,2155.12,0,0,0,0
CUST-00014,2024-09,111.79,0,0,0,0
CUST-00015,2024-09,82.34,0,0,0,0
CUST-00016,2024-09,76.89,0,1,0,0
CUST-00018,2024-09,131.92,0,0,1,0
CUST-00019,2024-09,189.9,0,0,1,0
CUST-00020,2024-09,178.24,0,0,0,0
CUST-00021,2024-09,181.57,0,0,0,0
CUST-00022,2024-09,147.6,0,0,0,0
CUST-00024,2024-09,220.08,0,0,1,0
CUST-00025,2024-09,251.18,0,0,0,0
CUST-00026,2024-09,255.68,0,0,1,0
CUST-00027,2024-09,61.13,0,1,0,0
CUST-00029,2024-09,136.01,0,1,0,0
CUST-00030,2024-09,109.07,0,0,0,0
CUST-00032,2024-09,54.46,0,0,1,0
CUST-00033,2024-09,69.66,0,1,0,0
CUST-00034,2024-09,87.71,0,0,0,0
CUST-00035,2024-09,265.74,0,0,0,0
CUST-00037,2024-09,309.4,0,0,0,0
CUST-00038,2024-09,253.33,0,0,0,0
CUST-00039,2024-09,3969.17,0,1,0,0
CUST-00040,2024-09,194.51,0,1,0,0
CUST-00041,2024-09,206.81,0,0,0,0
CUST-00042,2024-09,72.47,0,0,0,0
CUST-00044,2024-09,1772.02,0,0,1,0
CUST-00045,2024-09,376.47,0,1,0,0
CUST-00047,2024-09,56.29,0,0,1,0
CUST-00048,2024-09,228.25,0,0,0,0
CUST-00049,2024-09,220.15,0,0,1,0
CUST-00050,2024-09,203.25,0,0,0,0
CUST-00052,2024-09,66.29,0,1,0,0
CUST-00053,2024-09,183.67,0,0,0,0
CUST-00054,2024-09,81.23,0,0,1,0
CUST-00058,2024-09,80.66,0,1,0,0
CUST-00059,2024-09,58.69,0,1,0,0
CUST-00060,2024-09,103.46,0,0,1,0
CUST-00061,2024-09,545.45,0,0,0,0
CUST-00062,2024-09,262.31,0,0,1,0
CUST-00063,2024-09,147.53,0,1,0,0
CUST-00064,2024-09,1127.56,0,1,0,0
CUST-00065,2024-09,122.33,0,0,0,0
CUST-00066,2024-09,1313.52,0,1,0,0
CUST-00067,2024-09,422.65,0,1,0,0
CUST-00068,2024-09,173.74,0,0,0,1
CUST-00069,2024-09,323.07,0,1,0,0
CUST-00070,2024-09,246.94,0,1,0,0
CUST-00071,2024-09,3859.44,0,0,0,0
CUST-00072,2024-09,74.94,0,0,0,0
CUST-00073,2024-09,135.54,0,0,1,0
CUST-00074,2024-09,138.06,0,1,0,0
CUST-00075,2024-09,120.78,0,0,0,0
CUST-00076,2024-09,99.41,0,1,0,0
CUST-00077,2024-09,267.26,0,0,0,0
CUST-00078,2024-09,135.91,0,0,1,0
CUST-00079,2024-09,119.04,0,0,0,0
CUST-00080,2024-09,201.38,0,1,0,0
CUST-00081,2024-09,209.02,0,1,0,0
CUST-00082,2024-09,178.66,0,0,1,0
CUST-00083,2024-09,163.52,0,1,0,0
CUST-00084,2024-09,245.27,0,0,0,0
CUST-00085,2024-09,207.32,0,1,0,0
CUST-00086,2024-09,72.84,0,0,1,0
CUST-00087,2024-09,101.46,0,1,0,0
CUST-00088,2024-09,116.66,0,0,0,0
CUST-00089,2024-09,41.61,0,1,0,0
CUST-00090,2024-09,206.51,0,0,1,0
CUST-00091,2024-09,164.24,0,0,1,0
CUST-00092,2024-09,2086.13,0,0,0,0
CUST-00093,2024-09,148,0,1,0,0
CUST-00094,2024-09,3612.93,0,1,0,0
CUST-00095,2024-09,78.78,0,0,0,0
CUST-00096,2024-09,257.67,0,1,0,0
CUST-00097,2024-09,160.76,0,0,0,0
CUST-00098,2024-09,884.04,0,0,0,0
CUST-00099,2024-09,43.79,0,0,1,0
CUST-00100,2024-09,342.84,0,1,0,0
CUST-00101,2024-09,307.53,0,1,0,1
CUST-00102,2024-09,169.52,0,1,0,0
CUST-00103,2024-09,244.24,0,0,0,0
CUST-00104,2024-09,167.7,0,0,0,0
CUST-00105,2024-09,245.22,0,1,0,0
CUST-00106,2024-09,169.85,0,1,0,0
CUST-00107,2024-09,197.2,0,0,1,0
CUST-00108,2024-09,65.67,0,1,0,0
CUST-00109,2024-09,204.53,0,1,0,0
CUST-00110,2024-09,230.8,0,0,1,0
CUST-00111,2024-09,111.3,0,0,1,0
CUST-00112,2024-09,109.66,1,0,0,0
CUST-00113,2024-09,235.02,1,0,0,0
CUST-00114,2024-09,56.2,1,0,0,0
CUST-00115,2024-09,114.35,1,0,0,0
CUST-00116,2024-09,223.99,1,0,0,1
CUST-00117,2024-09,189.37,1,0,0,0
CUST-00118,2024-09,589.06,1,0,0,0
CUST-00119,2024-09,79.61,1,0,0,0
CUST-00120,2024-09,2439.93,1,0,0,0
CUST-00121,2024-09,51.45,1,0,0,0
CUST-00122,2024-09,246.65,1,0,0,0
CUST-00123,2024-09,3000,1,0,0,0
CUST-00001,2024-10,234.34,0,0,0,0
CUST-00003,2024-10,115.22,0,0,0,0
CUST-00004,2024-10,248.47,0,1,0,0
CUST-00005,2024-10,94.47,0,1,0,0
CUST-00006,2024-10,68.06,0,0,0,0
CUST-00009,2024-10,203.98,0,1,0,0
CUST-00011,2024-10,153.14,0,1,0,0
CUST-00012,2024-10,225.33,0,1,0,0
CUST-00013,2024-10,2188.67,0,0,0,0
CUST-00014,2024-10,110.41,0,0,0,0
CUST-00015,2024-10,84.66,0,1,0,0
CUST-00016,2024-10,75,0,0,1,0
CUST-00018,2024-10,133.73,0,0,0,1
CUST-00019,2024-10,189.27,0,0,0,0
CUST-00020,2024-10,183.1,0,1,0,0
CUST-00021,2024-10,174.59,0,0,1,0
CUST-00022,2024-10,147.22,0,0,0,0
CUST-00024,2024-10,229.17,0,1,0,0
CUST-00025,2024-10,241.46,0,0,1,0
CUST-00026,2024-10,258.4,0,0,0,0
CUST-00027,2024-10,64.26,0,1,0,0
CUST-00029,2024-10,144.09,0,1,0,0
CUST-00030,2024-10,111.37,0,1,0,0
CUST-00032,2024-10,42.04,0,0,1,0
CUST-00033,2024-10,67.48,0,0,1,0
CUST-00034,2024-10,88.61,0,0,0,0
CUST-00035,2024-10,274.52,0,1,0,0
CUST-00037,2024-10,300.77,0,0,1,0
CUST-00038,2024-10,262.5,0,1,0,0
CUST-00039,2024-10,4069.08,0,1,0,0
CUST-00040,2024-10,239.5,0,1,0,0
CUST-00041,2024-10,199.68,0,0,1,0
CUST-00042,2024-10,75.5,0,1,0,0
CUST-00044,2024-10,1822.01,0,1,0,0
CUST-00045,2024-10,393.24,0,1,0,0
CUST-00047,2024-10,56.79,0,0,0,0
CUST-00048,2024-10,233.85,0,1,0,0
CUST-00049,2024-10,225.03,0,1,0,0
CUST-00050,2024-10,201.49,0,0,0,0
CUST-00052,2024-10,66.16,0,0,0,0
CUST-00053,2024-10,182.51,0,0,0,0
CUST-00054,2024-10,83.02,0,1,0,0
CUST-00058,2024-10,78.18,0,0,1,0
CUST-00059,2024-10,59.63,0,0,0,0
CUST-00060,2024-10,105.06,0,0,0,0
CUST-00061,2024-10,567.79,0,1,0,0
CUST-00062,2024-10,258.46,0,0,0,0
CUST-00063,2024-10,146.1,0,0,0,0
CUST-00064,2024-10,1111.66,0,0,0,0
CUST-00065,2024-10,94.18,0,0,1,0
CUST-00066,2024-10,1371.76,0,1,0,0
CUST-00067,2024-10,441.26,0,1,0,0
CUST-00069,2024-10,326.22,0,0,0,0
CUST-00070,2024-10,247.22,0,0,0,0
CUST-00071,2024-10,4016.98,0,1,0,0
CUST-00072,2024-10,74.14,0,0,0,0
CUST-00073,2024-10,140.69,0,1,0,0
CUST-00074,2024-10,143.47,0,1,0,0
CUST-00075,2024-10,116.99,0,0,1,0
CUST-00076,2024-10,105.13,0,1,0,0
CUST-00077,2024-10,171.57,0,0,1,0
CUST-00078,2024-10,157.28,0,1,0,0
CUST-00079,2024-10,121.75,0,1,0,0
CUST-00080,2024-10,199.78,0,0,0,0
CUST-00081,2024-10,218.86,0,1,0,0
CUST-00082,2024-10,178.06,0,0,0,0
CUST-00083,2024-10,164.34,0,0,0,0
CUST-00084,2024-10,244.54,0,0,0,0
CUST-00085,2024-10,216.03,0,1,0,0
CUST-00086,2024-10,71.03,0,0,1,1
CUST-00087,2024-10,133.29,0,1,0,0
CUST-00088,2024-10,119.67,0,1,0,0
CUST-00089,2024-10,42.43,0,0,0,0
CUST-00090,2024-10,202.85,0,0,0,0
CUST-00091,2024-10,168.26,0,1,0,0
CUST-00092,2024-10,2082.09,0,0,0,0
CUST-00093,2024-10,145.82,0,0,0,0
CUST-00094,2024-10,3700.43,0,1,0,0
CUST-00095,2024-10,80.82,0,1,0,0
CUST-00096,2024-10,310.55,0,1,0,0
CUST-00097,2024-10,165.47,0,1,0,0
CUST-00098,2024-10,922.56,0,1,0,0
CUST-00099,2024-10,44.95,0,1,0,0
CUST-00100,2024-10,228.14,0,0,1,0
CUST-00102,2024-10,170.92,0,0,0,0
CUST-00103,2024-10,248.12,0,0,0,0
CUST-00104,2024-10,170.56,0,0,0,0
CUST-00105,2024-10,242.42,0,0,0,0
CUST-00106,2024-10,168.59,0,0,0,0
CUST-00107,2024-10,201.92,0,1,0,0
CUST-00108,2024-10,63.19,0,0,1,0
CUST-00109,2024-10,199.99,0,0,1,0
CUST-00110,2024-10,232.39,0,0,0,1
CUST-00111,2024-10,115.59,0,1,0,0
CUST-00112,2024-10,108.02,0,0,0,0
CUST-00113,2024-10,246.83,0,1,0,0
CUST-00114,2024-10,59.36,0,1,0,0
CUST-00115,2024-10,117.23,0,1,0,0
CUST-00117,2024-10,188.25,0,0,0,0
CUST-00118,2024-10,589.02,0,0,0,0
CUST-00119,2024-10,80.9,0,0,0,0
CUST-00120,2024-10,2418.18,0,0,0,0
CUST-00121,2024-10,50.94,0,0,0,0
CUST-00122,2024-10,282.14,0,1,0,0
CUST-00123,2024-10,3026.71,0,0,0,0
CUST-00124,2024-10,120.36,1,0,0,0
CUST-00125,2024-10,588.49,1,0,0,0
CUST-00126,2024-10,180.06,1,0,0,0
CUST-00127,2024-10,250.4,1,0,0,0
CUST-00128,2024-10,55.73,1,0,0,1
CUST-00129,2024-10,210.01,1,0,0,0
CUST-00130,2024-10,46.08,1,0,0,0
CUST-00131,2024-10,676.95,1,0,0,0
CUST-00132,2024-10,138.61,1,0,0,0
CUST-00133,2024-10,775.17,1,0,0,0
CUST-00134,2024-10,219.76,1,0,0,0
CUST-00135,2024-10,575.79,1,0,0,0
CUST-00136,2024-10,1136.17,1,0,0,0
CUST-00137,2024-10,173.94,1,0,0,0
CUST-00138,2024-10,181.35,1,0,0,0
CUST-00139,2024-10,248.4,1,0,0,0
CUST-00140,2024-10,1224.69,1,0,0,0
CUST-00141,2024-10,111.13,1,0,0,0
CUST-00142,2024-10,84.23,1,0,0,0
CUST-00143,2024-10,1254.74,1,0,0,0
CUST-00001,2024-11,233.48,0,0,0,0
CUST-00003,2024-11,115.4,0,0,0,0
CUST-00004,2024-11,261.08,0,1,0,0
CUST-00005,2024-11,97.8,0,1,0,0
CUST-00006,2024-11,68.9,0,0,0,0
CUST-00009,2024-11,209.36,0,1,0,0
CUST-00011,2024-11,161.97,0,1,0,0
CUST-00012,2024-11,232.93,0,1,0,0
CUST-00013,2024-11,2228.53,0,0,0,0
CUST-00014,2024-11,81.24,0,0,1,0
CUST-00015,2024-11,86.84,0,1,0,0
CUST-00016,2024-11,72.44,0,0,1,0
CUST-00019,2024-11,200.23,0,1,0,0
CUST-00020,2024-11,185.94,0,0,0,0
CUST-00021,2024-11,181.66,0,1,0,0
CUST-00022,2024-11,147.72,0,0,0,0
CUST-00024,2024-11,228.55,0,0,0,0
CUST-00025,2024-11,249.83,0,1,0,0
CUST-00026,2024-11,212.36,0,0,1,0
CUST-00027,2024-11,64.3,0,0,0,0
CUST-00029,2024-11,142.45,0,0,0,0
CUST-00030,2024-11,117.81,0,1,0,0
CUST-00032,2024-11,41.4,0,0,0,0
CUST-00033,2024-11,90.4,0,1,0,0
CUST-00034,2024-11,92.93,0,1,0,0
CUST-00035,2024-11,283.77,0,1,0,0
CUST-00037,2024-11,299.33,0,0,0,0
CUST-00038,2024-11,271.95,0,1,0,0
CUST-00039,2024-11,4460.47,0,1,0,0
CUST-00040,2024-11,244.15,0,0,0,0
CUST-00041,2024-11,197.76,0,0,0,0
CUST-00042,2024-11,75.11,0,0,0,0
CUST-00044,2024-11,1800.62,0,0,0,0
CUST-00045,2024-11,388.84,0,0,0,0
CUST-00047,2024-11,55.15,0,0,1,0
CUST-00048,2024-11,224.73,0,0,1,0
CUST-00049,2024-11,219.07,0,0,1,0
CUST-00050,2024-11,205.9,0,1,0,0
CUST-00052,2024-11,67.93,0,1,0,0
CUST-00053,2024-11,188.21,0,1,0,0
CUST-00054,2024-11,83.27,0,0,0,0
CUST-00058,2024-11,78.47,0,0,0,0
CUST-00059,2024-11,61.42,0,1,0,0
CUST-00060,2024-11,110.08,0,1,0,0
CUST-00061,2024-11,572.24,0,0,0,0
CUST-00062,2024-11,258.79,0,0,0,0
CUST-00063,2024-11,148.87,0,0,0,0
CUST-00064,2024-11,1081.57,0,0,1,0
CUST-00065,2024-11,90.57,0,0,1,0
CUST-00066,2024-11,1426.38,0,1,0,0
CUST-00067,2024-11,438,0,0,0,0
CUST-00069,2024-11,319.7,0,0,0,0
CUST-00070,2024-11,150.84,0,0,1,0
CUST-00071,2024-11,4147.38,0,1,0,0
CUST-00072,2024-11,74.6,0,0,0,0
CUST-00073,2024-11,138.28,0,0,0,0
CUST-00074,2024-11,142.18,0,0,0,0
CUST-00075,2024-11,117.25,0,0,0,0
CUST-00076,2024-11,111.21,0,1,0,0
CUST-00077,2024-11,174.01,0,0,0,0
CUST-00078,2024-11,159.34,0,0,0,0
CUST-00079,2024-11,125.04,0,1,0,1
CUST-00080,2024-11,195.25,0,0,1,0
CUST-00081,2024-11,225.81,0,1,0,0
CUST-00082,2024-11,184.89,0,1,0,0
CUST-00083,2024-11,185.35,0,1,0,0
CUST-00084,2024-11,246.63,0,0,0,0
CUST-00085,2024-11,210.94,0,0,1,0
CUST-00087,2024-11,136.63,0,1,0,0
CUST-00088,2024-11,122.82,0,1,0,0
CUST-00089,2024-11,41.88,0,0,0,0
CUST-00090,2024-11,195.08,0,0,1,0
CUST-00091,2024-11,175.46,0,1,0,0
CUST-00092,2024-11,2046.69,0,0,0,0
CUST-00093,2024-11,153.4,0,1,0,0
CUST-00094,2024-11,3750.31,0,0,0,0
CUST-00095,2024-11,79.66,0,0,0,0
CUST-00096,2024-11,328.37,0,1,0,0
CUST-00097,2024-11,162.55,0,0,0,0
CUST-00098,2024-11,921.72,0,0,0,0
CUST-00099,2024-11,54.63,0,1,0,0
CUST-00100,2024-11,299.58,0,1,0,0
CUST-00102,2024-11,176.94,0,1,0,0
CUST-00103,2024-11,257.68,0,1,0,0
CUST-00104,2024-11,179.52,0,1,0,0
CUST-00105,2024-11,243.57,0,0,0,0
CUST-00106,2024-11,169.39,0,0,0,0
CUST-00107,2024-11,213.51,0,1,0,0
CUST-00108,2024-11,64.28,0,0,0,0
CUST-00109,2024-11,207.74,0,1,0,0
CUST-00111,2024-11,118.72,0,1,0,0
CUST-00112,2024-11,109.94,0,0,0,0
CUST-00113,2024-11,255.56,0,1,0,0
CUST-00114,2024-11,58.26,0,0,0,0
CUST-00115,2024-11,117.73,0,0,0,1
CUST-00117,2024-11,198.39,0,1,0,0
CUST-00118,2024-11,591.6,0,0,0,0
CUST-00119,2024-11,84.73,0,1,0,0
CUST-00120,2024-11,2751.1,0,1,0,0
CUST-00121,2024-11,52.15,0,1,0,0
CUST-00122,2024-11,191.93,0,0,1,0
CUST-00123,2024-11,3078.88,0,0,0,0
CUST-00124,2024-11,125.23,0,1,0,0
CUST-00125,2024-11,612.66,0,1,0,0
CUST-00126,2024-11,212.13,0,1,0,0
CUST-00127,2024-11,255.83,0,1,0,0
CUST-00129,2024-11,202.75,0,0,1,0
CUST-00130,2024-11,47.39,0,1,0,0
CUST-00131,2024-11,659.78,0,0,1,0
CUST-00132,2024-11,140.95,0,0,0,0
CUST-00133,2024-11,779.16,0,0,0,0
CUST-00134,2024-11,215.92,0,0,0,0
CUST-00135,2024-11,570.04,0,0,0,0
CUST-00136,2024-11,1190.95,0,1,0,0
CUST-00137,2024-11,171.06,0,0,0,0
CUST-00138,2024-11,179.54,0,0,0,0
CUST-00139,2024-11,248.21,0,0,0,0
CUST-00140,2024-11,1555.23,0,1,0,0
CUST-00141,2024-11,115.09,0,1,0,0
CUST-00142,2024-11,84.66,0,0,0,0
CUST-00143,2024-11,1283.93,0,1,0,0
CUST-00144,2024-11,259.07,1,0,0,0
CUST-00145,2024-11,50.94,1,0,0,0
CUST-00146,2024-11,766.27,1,0,0,0
CUST-00147,2024-11,160.91,1,0,0,0
CUST-00148,2024-11,189.19,1,0,0,0
CUST-00149,2024-11,90.71,1,0,0,0
CUST-00150,2024-11,147.56,1,0,0,0
CUST-00151,2024-11,232.57,1,0,0,0
CUST-00152,2024-11,147.42,1,0,0,0
CUST-00153,2024-11,232.2,1,0,0,0
CUST-00154,2024-11,920.85,1,0,0,0
CUST-00155,2024-11,3048.98,1,0,0,0
CUST-00156,2024-11,118.84,1,0,0,0
CUST-00157,2024-11,451.8,1,0,0,0
CUST-00158,2024-11,57.77,1,0,0,0
CUST-00159,2024-11,116.06,1,0,0,0
CUST-00160,2024-11,45.4,1,0,0,0
CUST-00161,2024-11,106.28,1,0,0,0
CUST-00001,2024-12,229.54,0,0,0,0
CUST-00003,2024-12,113.51,0,0,0,0
CUST-00004,2024-12,266.98,0,1,0,0
CUST-00005,2024-12,98.88,0,0,0,0
CUST-00006,2024-12,66.44,0,0,1,0
CUST-00009,2024-12,208.89,0,0,0,0
CUST-00011,2024-12,159.24,0,0,0,0
CUST-00012,2024-12,244.34,0,1,0,0
CUST-00013,2024-12,2227.56,0,0,0,0
CUST-00014,2024-12,83.09,0,1,0,0
CUST-00015,2024-12,84.3,0,0,1,0
CUST-00016,2024-12,76.64,0,1,0,0
CUST-00019,2024-12,209.48,0,1,0,0
CUST-00020,2024-12,187.44,0,0,0,1
CUST-00021,2024-12,183.29,0,0,0,0
CUST-00022,2024-12,145.9,0,0,0,0
CUST-00024,2024-12,281.58,0,1,0,0
CUST-00025,2024-12,260.64,0,1,0,0
CUST-00026,2024-12,222.9,0,1,0,0
CUST-00027,2024-12,62.29,0,0,1,0
CUST-00029,2024-12,150.65,0,1,0,0
CUST-00030,2024-12,123.41,0,1,0,0
CUST-00032,2024-12,43.84,0,1,0,0
CUST-00033,2024-12,94.3,0,1,0,0
CUST-00034,2024-12,92.34,0,0,0,0
CUST-00035,2024-12,298.14,0,1,0,0
CUST-00037,2024-12,307.3,0,1,0,0
CUST-00038,2024-12,273.02,0,0,0,0
CUST-00039,2024-12,4600.24,0,1,0,0
CUST-00040,2024-12,246.8,0,0,0,0
CUST-00041,2024-12,204.25,0,1,0,0
CUST-00042,2024-12,75.04,0,0,0,0
CUST-00044,2024-12,1821,0,0,0,0
CUST-00045,2024-12,390.6,0,0,0,0
CUST-00047,2024-12,54.42,0,0,0,0
CUST-00048,2024-12,222.24,0,0,0,0
CUST-00049,2024-12,226.05,0,1,0,0
CUST-00050,2024-12,218.02,0,1,0,1
CUST-00052,2024-12,66.59,0,0,0,0
CUST-00053,2024-12,191.11,0,0,0,0
CUST-00054,2024-12,82.58,0,0,0,0
CUST-00058,2024-12,80.04,0,0,0,0
CUST-00059,2024-12,61.2,0,0,0,0
CUST-00060,2024-12,107.42,0,0,1,0
CUST-00061,2024-12,565.96,0,0,0,0
CUST-00062,2024-12,258.18,0,0,0,0
CUST-00063,2024-12,146.88,0,0,0,0
CUST-00064,2024-12,1088.79,0,0,0,0
CUST-00065,2024-12,92.11,0,0,0,0
CUST-00066,2024-12,1456.52,0,1,0,0
CUST-00067,2024-12,452.57,0,1,0,0
CUST-00069,2024-12,322.32,0,0,0,0
CUST-00070,2024-12,147.67,0,0,1,0
CUST-00071,2024-12,4175.3,0,0,0,0
CUST-00072,2024-12,76.98,0,1,0,0
CUST-00073,2024-12,141.95,0,1,0,0
CUST-00074,2024-12,149.23,0,1,0,0
CUST-00075,2024-12,113.82,0,0,1,0
CUST-00076,2024-12,117.3,0,1,0,0
CUST-00077,2024-12,175.8,0,0,0,0
CUST-00078,2024-12,162.05,0,0,0,0
CUST-00080,2024-12,253.67,0,1,0,0
CUST-00081,2024-12,234.85,0,1,0,0
CUST-00082,2024-12,192.67,0,1,0,0
CUST-00083,2024-12,190.37,0,1,0,0
CUST-00084,2024-12,239.64,0,0,1,0
CUST-00085,2024-12,214.97,0,0,0,0
CUST-00087,2024-12,142.66,0,1,0,0
CUST-00088,2024-12,124.93,0,0,0,0
CUST-00089,2024-12,43.04,0,1,0,0
CUST-00090,2024-12,188.93,0,0,1,0
CUST-00091,2024-12,182.53,0,1,0,0
CUST-00092,2024-12,2090.61,0,1,0,0
CUST-00093,2024-12,157.49,0,1,0,0
CUST-00094,2024-12,3746.45,0,0,0,0
CUST-00095,2024-12,83.31,0,1,0,0
CUST-00096,2024-12,328.2,0,0,0,0
CUST-00097,2024-12,166.46,0,1,0,0
CUST-00098,2024-12,944.28,0,1,0,0
CUST-00099,2024-12,55.87,0,1,0,0
CUST-00100,2024-12,301.22,0,0,0,0
CUST-00102,2024-12,170.5,0,0,1,0
CUST-00103,2024-12,251.82,0,0,1,0
CUST-00104,2024-12,181.69,0,0,0,0
CUST-00105,2024-12,244.14,0,0,0,0
CUST-00106,2024-12,178.31,0,1,0,0
CUST-00107,2024-12,208.93,0,0,1,0
CUST-00108,2024-12,67.77,0,1,0,0
CUST-00109,2024-12,216.53,0,1,0,0
CUST-00111,2024-12,121.28,0,1,0,0
CUST-00112,2024-12,115.8,0,1,0,0
CUST-00113,2024-12,251.15,0,0,0,0
CUST-00114,2024-12,59.15,0,0,0,0
CUST-00117,2024-12,192.76,0,0,1,0
CUST-00118,2024-12,589.72,0,0,0,0
CUST-00119,2024-12,86.22,0,0,0,0
CUST-00120,2024-12,2800.3,0,0,0,0
CUST-00121,2024-12,51.96,0,0,0,1
CUST-00122,2024-12,186.6,0,0,1,0
CUST-00123,2024-12,3216.41,0,1,0,0
CUST-00124,2024-12,132.74,0,1,0,0
CUST-00125,2024-12,625.51,0,1,0,0
CUST-00126,2024-12,224.12,0,1,0,0
CUST-00127,2024-12,257.77,0,0,0,0
CUST-00129,2024-12,200.44,0,0,0,0
CUST-00130,2024-12,49.36,0,1,0,1
CUST-00131,2024-12,679.67,0,1,0,0
CUST-00132,2024-12,136.33,0,0,1,0
CUST-00133,2024-12,787.45,0,0,0,0
CUST-00134,2024-12,210.45,0,0,1,0
CUST-00135,2024-12,562.04,0,0,0,0
CUST-00136,2024-12,1211.13,0,0,0,0
CUST-00137,2024-12,173.29,0,0,0,0
CUST-00138,2024-12,176.09,0,0,0,0
CUST-00139,2024-12,257.63,0,1,0,0
CUST-00140,2024-12,1579.88,0,0,0,0
CUST-00141,2024-12,112.31,0,0,1,0
CUST-00142,2024-12,84.97,0,0,0,0
CUST-00143,2024-12,1310.93,0,1,0,0
CUST-00144,2024-12,293.5,0,1,0,0
CUST-00145,2024-12,52.31,0,1,0,0
CUST-00146,2024-12,765.6,0,0,0,0
CUST-00147,2024-12,213.74,0,1,0,0
CUST-00148,2024-12,183.2,0,0,1,0
CUST-00149,2024-12,92.68,0,1,0,0
CUST-00150,2024-12,144.2,0,0,1,0
CUST-00151,2024-12,232.76,0,0,0,0
CUST-00152,2024-12,143.85,0,0,1,0
CUST-00153,2024-12,229.78,0,0,0,0
CUST-00154,2024-12,927.16,0,0,0,0
CUST-00155,2024-12,3046.58,0,0,0,0
CUST-00156,2024-12,125.51,0,1,0,0
CUST-00157,2024-12,446.81,0,0,0,0
CUST-00158,2024-12,57.52,0,0,0,1
CUST-00159,2024-12,120.98,0,1,0,0
CUST-00160,2024-12,46.15,0,0,0,0
CUST-00161,2024-12,109.68,0,1,0,0
CUST-00162,2024-12,450.2,1,0,0,0
CUST-00163,2024-12,207.38,1,0,0,0
CUST-00164,2024-12,568.84,1,0,0,0
CUST-00165,2024-12,246.18,1,0,0,0
CUST-00166,2024-12,134.06,1,0,0,0
CUST-00167,2024-12,144.76,1,0,0,0
CUST-00168,2024-12,232.96,1,0,0,0
CUST-00169,2024-12,2086.01,1,0,0,0
CUST-00170,2024-12,231.2,1,0,0,0
CUST-00171,2024-12,442.96,1,0,0,0
CUST-00172,2024-12,2248.53,1,0,0,0
CUST-00173,2024-12,228.9,1,0,0,0
CUST-00174,2024-12,145.47,1,0,0,0
CUST-00175,2024-12,164.48,1,0,0,0
CUST-00176,2024-12,196.3,1,0,0,0
CUST-00177,2024-12,163.4,1,0,0,0
CUST-00178,2024-12,255.42,1,0,0,0
CUST-00179,2024-12,1681.24,1,0,0,0
CUST-00001,2025-01,220.38,0,0,1,0
CUST-00003,2025-01,113.96,0,0,0,0
CUST-00004,2025-01,267.83,0,0,0,0
CUST-00005,2025-01,97.78,0,0,0,0
CUST-00006,2025-01,47.44,0,0,1,0
CUST-00009,2025-01,218.87,0,1,0,0
CUST-00011,2025-01,162.8,0,1,0,0
CUST-00012,2025-01,185.18,0,0,1,0
CUST-00013,2025-01,2294.67,0,1,0,0
CUST-00014,2025-01,85,0,1,0,0
CUST-00015,2025-01,88.57,0,1,0,0
CUST-00016,2025-01,73.89,0,0,1,0
CUST-00019,2025-01,216.33,0,1,0,0
CUST-00021,2025-01,182.31,0,0,0,0
CUST-00022,2025-01,144.02,0,0,0,0
CUST-00024,2025-01,295.35,0,1,0,0
CUST-00025,2025-01,258.4,0,0,0,0
CUST-00026,2025-01,216.76,0,0,1,1
CUST-00027,2025-01,64.44,0,1,0,0
CUST-00029,2025-01,157.63,0,1,0,0
CUST-00030,2025-01,118.83,0,0,1,0
CUST-00032,2025-01,44.1,0,0,0,0
CUST-00033,2025-01,96.27,0,1,0,0
CUST-00034,2025-01,92.76,0,0,0,0
CUST-00035,2025-01,287.58,0,0,1,0
CUST-00037,2025-01,323.53,0,1,0,0
CUST-00038,2025-01,272.72,0,0,0,0
CUST-00039,2025-01,4579.01,0,0,0,0
CUST-00040,2025-01,245.64,0,0,0,0
CUST-00041,2025-01,198.24,0,0,1,0
CUST-00042,2025-01,78.35,0,1,0,0
CUST-00044,2025-01,1901.49,0,1,0,1
CUST-00045,2025-01,412.47,0,1,0,0
CUST-00047,2025-01,52.69,0,0,1,0
CUST-00048,2025-01,234.24,0,1,0,0
CUST-00049,2025-01,220.7,0,0,1,0
CUST-00052,2025-01,67.14,0,0,0,0
CUST-00053,2025-01,190.53,0,0,0,0
CUST-00054,2025-01,92.57,0,1,0,0
CUST-00058,2025-01,82.1,0,1,0,1
CUST-00059,2025-01,61.39,0,0,0,0
CUST-00060,2025-01,111.28,0,1,0,0
CUST-00061,2025-01,711.65,0,1,0,0
CUST-00062,2025-01,255.73,0,0,0,0
CUST-00063,2025-01,151.75,0,1,0,0
CUST-00064,2025-01,1067,0,0,1,0
CUST-00065,2025-01,89.24,0,0,1,0
CUST-00066,2025-01,1523.33,0,1,0,0
CUST-00067,2025-01,464.18,0,1,0,0
CUST-00069,2025-01,332.02,0,1,0,0
CUST-00070,2025-01,149.18,0,0,0,0
CUST-00071,2025-01,4240.49,0,0,0,0
CUST-00072,2025-01,80.93,0,1,0,0
CUST-00073,2025-01,143.9,0,0,0,0
CUST-00074,2025-01,155.85,0,1,0,0
CUST-00075,2025-01,113.76,0,0,0,0
CUST-00076,2025-01,121.44,0,1,0,0
CUST-00077,2025-01,174.06,0,0,0,0
CUST-00078,2025-01,164.64,0,0,0,0
CUST-00080,2025-01,243.58,0,0,1,0
CUST-00081,2025-01,237.21,0,0,0,0
CUST-00082,2025-01,187.85,0,0,1,0
CUST-00083,2025-01,188.52,0,0,0,0
CUST-00084,2025-01,246.64,0,1,0,0
CUST-00085,2025-01,210.81,0,0,0,0
CUST-00087,2025-01,148.15,0,1,0,0
CUST-00088,2025-01,121.97,0,0,1,0
CUST-00089,2025-01,42.79,0,0,0,0
CUST-00090,2025-01,183.58,0,0,1,0
CUST-00091,2025-01,177.51,0,0,1,0
CUST-00092,2025-01,2143.58,0,1,0,0
CUST-00093,2025-01,160.42,0,0,0,0
CUST-00094,2025-01,3783.97,0,0,0,0
CUST-00095,2025-01,51.55,0,0,1,0
CUST-00096,2025-01,456.27,0,1,0,0
CUST-00097,2025-01,171.38,0,1,0,0
CUST-00098,2025-01,927.65,0,0,0,0
CUST-00099,2025-01,58.84,0,1,0,1
CUST-00100,2025-01,310.02,0,1,0,0
CUST-00102,2025-01,177.56,0,1,0,0
CUST-00103,2025-01,283.43,0,1,0,0
CUST-00104,2025-01,188.11,0,1,0,0
CUST-00105,2025-01,236.3,0,0,1,0
CUST-00106,2025-01,183.33,0,1,0,0
CUST-00107,2025-01,212.17,0,0,0,0
CUST-00108,2025-01,65.48,0,0,1,0
CUST-00109,2025-01,223.76,0,1,0,0
CUST-00111,2025-01,122.09,0,0,0,0
CUST-00112,2025-01,112,0,0,1,0
CUST-00113,2025-01,261,0,1,0,0
CUST-00114,2025-01,57.75,0,0,1,0
CUST-00117,2025-01,190.47,0,0,0,0
CUST-00118,2025-01,573.35,0,0,1,0
CUST-00119,2025-01,86.55,0,0,0,0
CUST-00120,2025-01,2801.69,0,0,0,0
CUST-00122,2025-01,185.07,0,0,0,0
CUST-00123,2025-01,3353.75,0,1,0,0
CUST-00124,2025-01,138.38,0,1,0,0
CUST-00125,2025-01,653.8,0,1,0,0
CUST-00126,2025-01,232.99,0,1,0,0
CUST-00127,2025-01,186.09,0,0,1,0
CUST-00129,2025-01,195.07,0,0,1,0
CUST-00131,2025-01,750.04,0,1,0,0
CUST-00132,2025-01,133.34,0,0,1,0
CUST-00133,2025-01,798.75,0,0,0,0
CUST-00134,2025-01,205.84,0,0,1,0
CUST-00135,2025-01,579.44,0,1,0,0
CUST-00136,2025-01,1247.36,0,1,0,0
CUST-00137,2025-01,170.88,0,0,0,0
CUST-00138,2025-01,127.16,0,0,1,0
CUST-00139,2025-01,251.53,0,0,1,0
CUST-00140,2025-01,1539.73,0,0,1,0
CUST-00141,2025-01,107.99,0,0,1,0
CUST-00142,2025-01,83.67,0,0,0,0
CUST-00143,2025-01,1357.45,0,1,0,0
CUST-00144,2025-01,282.1,0,0,1,0
CUST-00145,2025-01,53.36,0,1,0,0
CUST-00146,2025-01,777.36,0,0,0,0
CUST-00147,2025-01,222.06,0,1,0,0
CUST-00148,2025-01,178.4,0,0,1,0
CUST-00149,2025-01,93.47,0,0,0,0
CUST-00150,2025-01,151.75,0,1,0,0
CUST-00151,2025-01,239.1,0,1,0,0
CUST-00152,2025-01,144.53,0,0,0,0
CUST-00153,2025-01,232.59,0,0,0,0
CUST-00154,2025-01,902.64,0,0,1,0
CUST-00155,2025-01,3150.88,0,1,0,0
CUST-00156,2025-01,131.09,0,1,0,0
CUST-00157,2025-01,464.02,0,1,0,0
CUST-00159,2025-01,125.05,0,1,0,0
CUST-00160,2025-01,45.73,0,0,0,0
CUST-00161,2025-01,115.46,0,1,0,0
CUST-00162,2025-01,445.59,0,0,0,0
CUST-00163,2025-01,219.42,0,1,0,0
CUST-00164,2025-01,591.54,0,1,0,0
CUST-00165,2025-01,240.89,0,0,1,0
CUST-00166,2025-01,135.31,0,0,0,0
CUST-00167,2025-01,152.09,0,1,0,0
CUST-00168,2025-01,245.77,0,1,0,0
CUST-00169,2025-01,2058.57,0,0,0,0
CUST-00170,2025-01,305.18,0,1,0,0
CUST-00171,2025-01,437.98,0,0,0,0
CUST-00172,2025-01,2211.71,0,0,0,0
CUST-00173,2025-01,224.38,0,0,0,0
CUST-00174,2025-01,150.69,0,1,0,0
CUST-00175,2025-01,169.6,0,1,0,0
CUST-00176,2025-01,201.1,0,1,0,0
CUST-00177,2025-01,167.28,0,1,0,0
CUST-00178,2025-01,250.32,0,0,0,0
CUST-00179,2025-01,1745.15,0,1,0,0
CUST-00180,2025-01,251.17,1,0,0,0
CUST-00181,2025-01,223.23,1,0,0,0
CUST-00182,2025-01,168.99,1,0,0,0
CUST-00183,2025-01,247.68,1,0,0,0
CUST-00184,2025-01,135.71,1,0,0,0
CUST-00185,2025-01,78.38,1,0,0,1
CUST-00186,2025-01,160.82,1,0,0,0
CUST-00187,2025-01,74.74,1,0,0,0
CUST-00188,2025-01,1170.49,1,0,0,0
CUST-00189,2025-01,256.64,1,0,0,0
CUST-00190,2025-01,41.2,1,0,0,0
CUST-00191,2025-01,201.12,1,0,0,0
CUST-00192,2025-01,1520.52,1,0,0,0
CUST-00193,2025-01,183.47,1,0,0,0
CUST-00194,2025-01,99.47,1,0,0,0
CUST-00195,2025-01,75.1,1,0,0,0
CUST-00196,2025-01,121.93,1,0,0,0
CUST-00197,2025-01,89.66,1,0,0,0
CUST-00198,2025-01,3180.78,1,0,0,0
CUST-00199,2025-01,52.07,1,0,0,0
CUST-00200,2025-01,116.21,1,0,0,0
CUST-00201,2025-01,129.26,1,0,0,0
CUST-00202,2025-01,69.56,1,0,0,0
CUST-00001,2025-02,229.83,0,1,0,0
CUST-00003,2025-02,110.58,0,0,1,0
CUST-00004,2025-02,277.22,0,1,0,0
CUST-00005,2025-02,101.29,0,1,0,1
CUST-00006,2025-02,50.11,0,1,0,0
CUST-00009,2025-02,219.65,0,0,0,0
CUST-00011,2025-02,170.11,0,1,0,0
CUST-00012,2025-02,191.53,0,1,0,0
CUST-00013,2025-02,2666.62,0,1,0,0
CUST-00014,2025-02,87.71,0,1,0,0
CUST-00015,2025-02,90.02,0,0,0,0
CUST-00016,2025-02,72.53,0,0,0,0
CUST-00019,2025-02,298.27,0,1,0,0
CUST-00021,2025-02,178.2,0,0,1,0
CUST-00022,2025-02,140.15,0,0,1,0
CUST-00024,2025-02,305.13,0,1,0,0
CUST-00025,2025-02,261.85,0,0,0,0
CUST-00027,2025-02,62.44,0,0,1,0
CUST-00029,2025-02,165.97,0,1,0,0
CUST-00030,2025-02,123.31,0,1,0,0
CUST-00032,2025-02,44.04,0,0,0,0
CUST-00033,2025-02,101.23,0,1,0,0
CUST-00034,2025-02,95.49,0,1,0,0
CUST-00035,2025-02,301.66,0,1,0,0
CUST-00037,2025-02,399.72,0,1,0,0
CUST-00038,2025-02,283.66,0,1,0,0
CUST-00039,2025-02,4530.36,0,0,0,0
CUST-00040,2025-02,242.22,0,0,0,0
CUST-00041,2025-02,206.65,0,1,0,0
CUST-00042,2025-02,77.8,0,0,0,0
CUST-00045,2025-02,413.52,0,0,0,0
CUST-00047,2025-02,52.56,0,0,0,0
CUST-00048,2025-02,236.42,0,0,0,0
CUST-00049,2025-02,228.09,0,1,0,0
CUST-00052,2025-02,89.45,0,1,0,0
CUST-00053,2025-02,200.75,0,1,0,0
CUST-00054,2025-02,94.08,0,0,0,0
CUST-00059,2025-02,59.03,0,0,1,0
CUST-00060,2025-02,129.15,0,1,0,0
CUST-00061,2025-02,735.59,0,1,0,0
CUST-00062,2025-02,265.39,0,1,0,0
CUST-00063,2025-02,147.6,0,0,1,0
CUST-00064,2025-02,1042.05,0,0,1,0
CUST-00065,2025-02,88.01,0,0,0,0
CUST-00066,2025-02,1561.51,0,1,0,0
CUST-00067,2025-02,457.88,0,0,0,0
CUST-00069,2025-02,332.25,0,0,0,0
CUST-00070,2025-02,145.37,0,0,1,0
CUST-00071,2025-02,4303.79,0,0,0,0
CUST-00072,2025-02,112.22,0,1,0,0
CUST-00073,2025-02,150.11,0,1,0,0
CUST-00074,2025-02,215.39,0,1,0,0
CUST-00075,2025-02,114.57,0,0,0,0
CUST-00076,2025-02,150.09,0,1,0,0
CUST-00077,2025-02,183.78,0,1,0,0
CUST-00078,2025-02,159.02,0,0,1,0
CUST-00080,2025-02,250.27,0,1,0,0
CUST-00081,2025-02,237.31,0,0,0,0
CUST-00082,2025-02,184.84,0,0,0,0
CUST-00083,2025-02,187.88,0,0,0,0
CUST-00084,2025-02,245.96,0,0,0,0
CUST-00085,2025-02,291.78,0,1,0,0
CUST-00087,2025-02,142.6,0,0,1,0
CUST-00088,2025-02,124.14,0,0,0,0
CUST-00089,2025-02,41.31,0,0,1,1
CUST-00090,2025-02,189.33,0,1,0,0
CUST-00091,2025-02,185.01,0,1,0,0
CUST-00092,2025-02,2195.4,0,1,0,0
CUST-00093,2025-02,160.54,0,0,0,0
CUST-00094,2025-02,3736.72,0,0,0,0
CUST-00095,2025-02,49.78,0,0,1,0
CUST-00096,2025-02,450.5,0,0,0,0
CUST-00097,2025-02,180.54,0,1,0,0
CUST-00098,2025-02,960.03,0,1,0,0
CUST-00100,2025-02,318.45,0,1,0,0
CUST-00102,2025-02,173.56,0,0,1,0
CUST-00103,2025-02,280.62,0,0,0,0
CUST-00104,2025-02,187.2,0,0,0,0
CUST-00105,2025-02,237.78,0,0,0,0
CUST-00106,2025-02,185.4,0,0,0,0
CUST-00107,2025-02,213.4,0,0,0,0
CUST-00108,2025-02,74.78,0,1,0,0
CUST-00109,2025-02,218.87,0,0,1,0
CUST-00111,2025-02,124.64,0,1,0,0
CUST-00112,2025-02,117.48,0,1,0,0
CUST-00113,2025-02,265.02,0,0,0,0
CUST-00114,2025-02,58.03,0,0,0,0
CUST-00117,2025-02,198.59,0,1,0,0
CUST-00118,2025-02,561.96,0,0,0,0
CUST-00119,2025-02,88.69,0,1,0,0
CUST-00120,2025-02,2857.39,0,0,0,0
CUST-00122,2025-02,185.34,0,0,0,0
CUST-00123,2025-02,3414.72,0,0,0,0
CUST-00124,2025-02,138.02,0,0,0,0
CUST-00125,2025-02,670.8,0,1,0,0
CUST-00126,2025-02,225.1,0,0,1,0
CUST-00127,2025-02,179.3,0,0,1,0
CUST-00129,2025-02,196.93,0,0,0,0
CUST-00131,2025-02,773.24,0,1,0,0
CUST-00132,2025-02,140.88,0,1,0,0
CUST-00133,2025-02,793.25,0,0,0,0
CUST-00134,2025-02,202.69,0,0,0,0
CUST-00135,2025-02,593.42,0,1,0,0
CUST-00136,2025-02,1225.69,0,0,0,0
CUST-00137,2025-02,166.77,0,0,1,0
CUST-00138,2025-02,126.39,0,0,0,0
CUST-00139,2025-02,254.68,0,0,0,0
CUST-00140,2025-02,1541.94,0,0,0,0
CUST-00141,2025-02,150.22,0,1,0,0
CUST-00142,2025-02,83.08,0,0,0,0
CUST-00143,2025-02,1336.49,0,0,0,0
CUST-00144,2025-02,284.47,0,0,0,0
CUST-00145,2025-02,52.76,0,0,0,0
CUST-00146,2025-02,760.72,0,0,1,0
CUST-00147,2025-02,229.41,0,1,0,0
CUST-00148,2025-02,172.65,0,0,1,0
CUST-00149,2025-02,91.31,0,0,1,0
CUST-00150,2025-02,156.27,0,1,0,0
CUST-00151,2025-02,234.93,0,0,0,0
CUST-00152,2025-02,143.02,0,0,0,0
CUST-00153,2025-02,245.91,0,1,0,0
CUST-00154,2025-02,884.65,0,0,0,0
CUST-00155,2025-02,3159.51,0,0,0,0
CUST-00156,2025-02,129.57,0,0,0,0
CUST-00157,2025-02,464.63,0,0,0,0
CUST-00159,2025-02,130.65,0,1,0,0
CUST-00160,2025-02,44.77,0,0,1,0
CUST-00161,2025-02,118.87,0,1,0,0
CUST-00162,2025-02,464.6,0,1,0,0
CUST-00163,2025-02,226.13,0,1,0,0
CUST-00164,2025-02,583.81,0,0,0,0
CUST-00165,2025-02,247.53,0,1,0,0
CUST-00166,2025-02,131.16,0,0,1,0
CUST-00167,2025-02,147.63,0,0,1,0
CUST-00168,2025-02,241.71,0,0,0,0
CUST-00169,2025-02,2128.26,0,1,0,0
CUST-00170,2025-02,299.18,0,0,0,0
CUST-00171,2025-02,435.67,0,0,0,0
CUST-00172,2025-02,2218.5,0,0,0,0
CUST-00173,2025-02,235.19,0,1,0,0
CUST-00174,2025-02,158.71,0,1,0,0
CUST-00175,2025-02,164.46,0,0,1,0
CUST-00176,2025-02,280.81,0,1,0,0
CUST-00177,2025-02,176.13,0,1,0,0
CUST-00178,2025-02,261.96,0,1,0,0
CUST-00179,2025-02,1754.49,0,0,0,0
CUST-00180,2025-02,257.24,0,1,0,0
CUST-00181,2025-02,233.47,0,1,0,0
CUST-00182,2025-02,169.84,0,0,0,0
CUST-00183,2025-02,248.57,0,0,0,0
CUST-00184,2025-02,140.2,0,1,0,0
CUST-00186,2025-02,154.67,0,0,1,0
CUST-00187,2025-02,73.18,0,0,1,0
CUST-00188,2025-02,1191.22,0,0,0,0
CUST-00189,2025-02,257.97,0,0,0,0
CUST-00190,2025-02,43.66,0,1,0,0
CUST-00191,2025-02,195.16,0,0,1,0
CUST-00192,2025-02,1522.18,0,0,0,0
CUST-00193,2025-02,148.59,0,0,1,0
CUST-00194,2025-02,100.65,0,0,0,0
CUST-00195,2025-02,78.46,0,1,0,0
CUST-00196,2025-02,117.33,0,0,1,0
CUST-00197,2025-02,63.48,0,0,1,0
CUST-00198,2025-02,3144.19,0,0,0,0
CUST-00199,2025-02,54.9,0,1,0,0
CUST-00200,2025-02,117.86,0,0,0,0
CUST-00201,2025-02,129.43,0,0,0,0
CUST-00202,2025-02,67.45,0,0,1,0
CUST-00203,2025-02,132.25,1,0,0,0
CUST-00204,2025-02,223.26,1,0,0,0
CUST-00205,2025-02,122.9,1,0,0,0
CUST-00206,2025-02,200.47,1,0,0,0
CUST-00207,2025-02,2582.53,1,0,0,0
CUST-00208,2025-02,2592.27,1,0,0,0
CUST-00209,2025-02,3617.36,1,0,0,0
CUST-00210,2025-02,183,1,0,0,0
CUST-00211,2025-02,58.55,1,0,0,0
CUST-00212,2025-02,240.24,1,0,0,0
CUST-00213,2025-02,49.96,1,0,0,0
CUST-00214,2025-02,86.24,1,0,0,0
CUST-00215,2025-02,160.51,1,0,0,0
CUST-00216,2025-02,129.89,1,0,0,0
CUST-00217,2025-02,56.05,1,0,0,0
CUST-00218,2025-02,130.22,1,0,0,0
CUST-00219,2025-02,177.51,1,0,0,0
CUST-00220,2025-02,101.69,1,0,0,0
CUST-00221,2025-02,2079.55,1,0,0,0
CUST-00222,2025-02,797.54,1,0,0,0
CUST-00223,2025-02,223.01,1,0,0,0
CUST-00224,2025-02,120.24,1,0,0,0
CUST-00225,2025-02,241.6,1,0,0,0
CUST-00001,2025-03,235.85,0,1,0,1
CUST-00003,2025-03,113.68,0,1,0,1
CUST-00004,2025-03,284.39,0,1,0,0
CUST-00006,2025-03,49.66,0,0,0,0
CUST-00009,2025-03,230.1,0,1,0,0
CUST-00011,2025-03,164.48,0,0,1,0
CUST-00012,2025-03,202.53,0,1,0,0
CUST-00013,2025-03,2619.77,0,0,0,0
CUST-00014,2025-03,91.67,0,1,0,0
CUST-00015,2025-03,87.07,0,0,1,0
CUST-00016,2025-03,72.83,0,0,0,0
CUST-00019,2025-03,310.92,0,1,0,0
CUST-00021,2025-03,176.17,0,0,0,0
CUST-00022,2025-03,143.43,0,1,0,0
CUST-00024,2025-03,318.46,0,1,0,0
CUST-00025,2025-03,264.03,0,0,0,0
CUST-00027,2025-03,63.57,0,0,0,0
CUST-00029,2025-03,174.95,0,1,0,0
CUST-00030,2025-03,168.98,0,1,0,0
CUST-00032,2025-03,42.31,0,0,1,0
CUST-00033,2025-03,104.96,0,1,0,1
CUST-00034,2025-03,97.07,0,0,0,1
CUST-00035,2025-03,294.68,0,0,1,1
CUST-00037,2025-03,393.2,0,0,0,0
CUST-00038,2025-03,278.17,0,0,0,0
CUST-00039,2025-03,4542.03,0,0,0,0
CUST-00040,2025-03,250.62,0,1,0,0
CUST-00041,2025-03,198.46,0,0,1,0
CUST-00042,2025-03,75.12,0,0,1,0
CUST-00045,2025-03,401.88,0,0,1,0
CUST-00047,2025-03,54.83,0,1,0,0
CUST-00048,2025-03,248.45,0,1,0,0
CUST-00049,2025-03,314.15,0,1,0,0
CUST-00052,2025-03,94.14,0,1,0,0
CUST-00053,2025-03,205.63,0,1,0,0
CUST-00054,2025-03,126.72,0,1,0,0
CUST-00059,2025-03,59.62,0,0,0,1
CUST-00060,2025-03,112.33,0,0,1,0
CUST-00061,2025-03,889.92,0,1,0,1
CUST-00062,2025-03,269.84,0,0,0,0
CUST-00063,2025-03,154.58,0,1,0,1
CUST-00064,2025-03,1020.96,0,0,1,0
CUST-00065,2025-03,87.57,0,0,0,1
CUST-00066,2025-03,1553.1,0,0,0,0
CUST-00067,2025-03,474.22,0,1,0,0
CUST-00069,2025-03,351.97,0,1,0,0
CUST-00070,2025-03,139.88,0,0,1,0
CUST-00071,2025-03,4417.75,0,1,0,0
CUST-00072,2025-03,115.9,0,1,0,0
CUST-00073,2025-03,152.6,0,0,0,1
CUST-00074,2025-03,219.83,0,1,0,0
CUST-00075,2025-03,80.83,0,0,1,0
CUST-00076,2025-03,158.02,0,1,0,0
CUST-00077,2025-03,185.15,0,0,0,0
CUST-00078,2025-03,164.62,0,1,0,0
CUST-00080,2025-03,265.06,0,1,0,0
CUST-00081,2025-03,238.59,0,0,0,0
CUST-00082,2025-03,179.57,0,0,1,0
CUST-00083,2025-03,254.22,0,1,0,1
CUST-00084,2025-03,258.88,0,1,0,0
CUST-00085,2025-03,284,0,0,1,0
CUST-00087,2025-03,141.74,0,0,0,0
CUST-00088,2025-03,121.92,0,0,0,0
CUST-00090,2025-03,197.72,0,1,0,0
CUST-00091,2025-03,187.29,0,0,0,0
CUST-00092,2025-03,2268.62,0,1,0,0
CUST-00093,2025-03,167.46,0,1,0,0
CUST-00094,2025-03,3854.95,0,1,0,0
CUST-00095,2025-03,48.59,0,0,1,0
CUST-00096,2025-03,448.43,0,0,0,0
CUST-00097,2025-03,237.33,0,1,0,0
CUST-00098,2025-03,1004.22,0,1,0,0
CUST-00100,2025-03,306.66,0,0,1,0
CUST-00102,2025-03,179.06,0,1,0,0
CUST-00103,2025-03,348.27,0,1,0,0
CUST-00104,2025-03,185.77,0,0,0,0
CUST-00105,2025-03,244.52,0,1,0,0
CUST-00106,2025-03,191.32,0,1,0,0
CUST-00107,2025-03,276.47,0,1,0,0
CUST-00108,2025-03,76.05,0,0,0,0
CUST-00109,2025-03,222.43,0,0,0,0
CUST-00111,2025-03,122.89,0,0,0,0
CUST-00112,2025-03,113.44,0,0,1,0
CUST-00113,2025-03,267.79,0,0,0,0
CUST-00114,2025-03,76.39,0,1,0,0
CUST-00117,2025-03,193.85,0,0,1,0
CUST-00118,2025-03,546.75,0,0,1,0
CUST-00119,2025-03,89.95,0,0,0,0
CUST-00120,2025-03,2943.76,0,1,0,0
CUST-00122,2025-03,187.33,0,0,0,0
CUST-00123,2025-03,3551.41,0,1,0,0
CUST-00124,2025-03,142.18,0,1,0,0
CUST-00125,2025-03,651.95,0,0,1,0
CUST-00126,2025-03,231.03,0,1,0,0
CUST-00127,2025-03,177.24,0,0,0,0
CUST-00129,2025-03,198.64,0,0,0,0
CUST-00131,2025-03,787,0,0,0,0
CUST-00132,2025-03,141.92,0,0,0,1
CUST-00133,2025-03,833.33,0,1,0,0
CUST-00134,2025-03,198.47,0,0,1,0
CUST-00135,2025-03,612.83,0,1,0,0
CUST-00136,2025-03,1257.37,0,1,0,0
CUST-00137,2025-03,171.15,0,1,0,1
CUST-00138,2025-03,132.12,0,1,0,0
CUST-00139,2025-03,248.95,0,0,1,0
CUST-00140,2025-03,1567.47,0,0,0,0
CUST-00141,2025-03,200.06,0,1,0,0
CUST-00142,2025-03,83.27,0,0,0,0
CUST-00143,2025-03,1355.59,0,0,0,0
CUST-00144,2025-03,289.19,0,0,0,1
CUST-00145,2025-03,54.34,0,1,0,0
CUST-00146,2025-03,755.23,0,0,0,0
CUST-00147,2025-03,237.96,0,1,0,0
CUST-00148,2025-03,177.87,0,1,0,0
CUST-00149,2025-03,95.45,0,1,0,0
CUST-00150,2025-03,151.15,0,0,1,0
CUST-00151,2025-03,247.4,0,1,0,0
CUST-00152,2025-03,138.85,0,0,1,0
CUST-00153,2025-03,256.72,0,1,0,0
CUST-00154,2025-03,885.09,0,0,0,0
CUST-00155,2025-03,3229.57,0,1,0,0
CUST-00156,2025-03,133.19,0,1,0,0
CUST-00157,2025-03,451.62,0,0,1,0
CUST-00159,2025-03,137.16,0,1,0,1
CUST-00160,2025-03,43.98,0,0,0,0
CUST-00161,2025-03,136.3,0,1,0,0
CUST-00162,2025-03,455.55,0,0,0,0
CUST-00163,2025-03,224.63,0,0,0,0
CUST-00164,2025-03,577.56,0,0,0,0
CUST-00165,2025-03,240.35,0,0,1,0
CUST-00166,2025-03,128.79,0,0,0,0
CUST-00167,2025-03,144.25,0,0,1,0
CUST-00168,2025-03,234.02,0,0,1,0
CUST-00169,2025-03,2166.78,0,0,0,0
CUST-00170,2025-03,287.34,0,0,1,0
CUST-00171,2025-03,454.71,0,1,0,0
CUST-00172,2025-03,2269,0,1,0,0
CUST-00173,2025-03,239.88,0,0,0,0
CUST-00174,2025-03,159.31,0,0,0,0
CUST-00175,2025-03,169.14,0,1,0,0
CUST-00176,2025-03,275.94,0,0,0,0
CUST-00177,2025-03,173.01,0,0,0,0
CUST-00178,2025-03,262.19,0,0,0,0
CUST-00179,2025-03,1732.46,0,0,0,0
CUST-00180,2025-03,269.29,0,1,0,0
CUST-00181,2025-03,225.89,0,0,1,0
CUST-00182,2025-03,165.03,0,0,1,0
CUST-00183,2025-03,262.72,0,1,0,0
CUST-00184,2025-03,144.56,0,1,0,0
CUST-00186,2025-03,154.19,0,0,0,0
CUST-00187,2025-03,76.86,0,1,0,0
CUST-00188,2025-03,1219.7,0,1,0,0
CUST-00189,2025-03,266.77,0,1,0,0
CUST-00190,2025-03,45.08,0,1,0,0
CUST-00191,2025-03,189.48,0,0,1,0
CUST-00192,2025-03,1524.99,0,0,0,0
CUST-00193,2025-03,149.35,0,0,0,0
CUST-00194,2025-03,102.92,0,1,0,0
CUST-00195,2025-03,80,0,0,0,0
CUST-00196,2025-03,119.35,0,0,0,0
CUST-00197,2025-03,65.01,0,1,0,0
CUST-00198,2025-03,3112.02,0,0,0,0
CUST-00199,2025-03,55.93,0,0,0,0
CUST-00200,2025-03,120.35,0,1,0,0
CUST-00201,2025-03,129.21,0,0,0,0
CUST-00202,2025-03,68.33,0,0,0,0
CUST-00203,2025-03,134.64,0,0,0,0
CUST-00204,2025-03,229.29,0,1,0,0
CUST-00205,2025-03,127.13,0,1,0,0
CUST-00206,2025-03,201.35,0,0,0,0
CUST-00207,2025-03,2575.54,0,0,0,0
CUST-00208,2025-03,2577.77,0,0,0,0
CUST-00209,2025-03,3611.78,0,0,0,0
CUST-00210,2025-03,229.51,0,1,0,0
CUST-00211,2025-03,60.16,0,1,0,0
CUST-00212,2025-03,248.41,0,1,0,0
CUST-00213,2025-03,48.86,0,0,1,1
CUST-00214,2025-03,111.64,0,1,0,0
CUST-00215,2025-03,156.55,0,0,1,0
CUST-00216,2025-03,131.14,0,0,0,0
CUST-00217,2025-03,54.69,0,0,1,0
CUST-00218,2025-03,137.01,0,1,0,0
CUST-00219,2025-03,187.94,0,1,0,1
CUST-00220,2025-03,103.45,0,0,0,0
CUST-00221,2025-03,2068.95,0,0,0,0
CUST-00222,2025-03,573.51,0,0,1,0
CUST-00223,2025-03,220.82,0,0,0,0
CUST-00224,2025-03,124.87,0,1,0,0
CUST-00225,2025-03,251.04,0,1,0,0
CUST-00226,2025-03,563.19,1,0,0,0
CUST-00227,2025-03,224.42,1,0,0,0
CUST-00228,2025-03,94.43,1,0,0,1
CUST-00229,2025-03,100.73,1,0,0,0
CUST-00230,2025-03,230.75,1,0,0,0
CUST-00231,2025-03,119.22,1,0,0,0
CUST-00232,2025-03,178.25,1,0,0,0
CUST-00233,2025-03,943.79,1,0,0,0
CUST-00234,2025-03,93.31,1,0,0,0
CUST-00235,2025-03,2756.75,1,0,0,0
CUST-00236,2025-03,61.43,1,0,0,0
CUST-00237,2025-03,257.83,1,0,0,0
CUST-00238,2025-03,444.55,1,0,0,0
CUST-00239,2025-03,185.21,1,0,0,0
CUST-00240,2025-03,198.55,1,0,0,0
CUST-00241,2025-03,80.65,1,0,0,0
CUST-00242,2025-03,188.02,1,0,0,0
CUST-00243,2025-03,51.28,1,0,0,1
CUST-00244,2025-03,72.56,1,0,0,0
CUST-00004,2025-04,298.68,0,1,0,0
CUST-00006,2025-04,49.99,0,0,0,0
CUST-00009,2025-04,230.38,0,0,0,0
CUST-00011,2025-04,110.01,0,0,1,0
CUST-00012,2025-04,172.66,0,0,1,0
CUST-00013,2025-04,2604.3,0,0,0,0
CUST-00014,2025-04,90.76,0,0,0,0
CUST-00015,2025-04,83.61,0,0,1,0
CUST-00016,2025-04,71.66,0,0,0,0
CUST-00019,2025-04,309.16,0,0,0,1
CUST-00021,2025-04,169.78,0,0,1,0
CUST-00022,2025-04,143.58,0,0,0,0
CUST-00024,2025-04,313.32,0,0,0,0
CUST-00025,2025-04,269.41,0,1,0,0
CUST-00027,2025-04,63.27,0,0,0,0
CUST-00029,2025-04,184.78,0,1,0,0
CUST-00030,2025-04,163.27,0,0,1,0
CUST-00032,2025-04,41.48,0,0,0,0
CUST-00037,2025-04,382.97,0,0,1,0
CUST-00038,2025-04,278.53,0,0,0,0
CUST-00039,2025-04,4525.22,0,0,0,0
CUST-00040,2025-04,244.57,0,0,1,0
CUST-00041,2025-04,199.23,0,0,0,0
CUST-00042,2025-04,72.42,0,0,1,0
CUST-00045,2025-04,412.53,0,1,0,0
CUST-00047,2025-04,54.65,0,0,0,0
CUST-00048,2025-04,262.43,0,1,0,0
CUST-00049,2025-04,322.86,0,1,0,1
CUST-00052,2025-04,96.67,0,1,0,0
CUST-00053,2025-04,204.19,0,0,0,1
CUST-00054,2025-04,121.86,0,0,1,1
CUST-00060,2025-04,109.97,0,0,1,0
CUST-00062,2025-04,280.06,0,1,0,0
CUST-00064,2025-04,998.03,0,0,1,0
CUST-00066,2025-04,1620.42,0,1,0,0
CUST-00067,2025-04,499.87,0,1,0,0
CUST-00069,2025-04,339.67,0,0,1,0
CUST-00070,2025-04,143.71,0,1,0,1
CUST-00071,2025-04,4549.48,0,1,0,0
CUST-00072,2025-04,112.11,0,0,1,0
CUST-00074,2025-04,223.01,0,0,0,0
CUST-00075,2025-04,78.76,0,0,1,0
CUST-00076,2025-04,221.07,0,1,0,0
CUST-00077,2025-04,187.99,0,0,0,0
CUST-00078,2025-04,170.12,0,1,0,0
CUST-00080,2025-04,263.2,0,0,0,0
CUST-00081,2025-04,248.28,0,1,0,0
CUST-00082,2025-04,182.5,0,0,0,0
CUST-00084,2025-04,269.3,0,1,0,0
CUST-00085,2025-04,281.47,0,0,0,0
CUST-00087,2025-04,147.44,0,1,0,0
CUST-00088,2025-04,127.99,0,1,0,0
CUST-00090,2025-04,194.48,0,0,0,0
CUST-00091,2025-04,190.32,0,0,0,0
CUST-00092,2025-04,2258.76,0,0,0,0
CUST-00093,2025-04,171.36,0,1,0,0
CUST-00094,2025-04,4103.34,0,1,0,0
CUST-00095,2025-04,48.06,0,0,0,0
CUST-00096,2025-04,463.84,0,1,0,0
CUST-00097,2025-04,243.71,0,1,0,0
CUST-00098,2025-04,1045.59,0,1,0,0
CUST-00100,2025-04,254.82,0,0,1,0
CUST-00102,2025-04,173.19,0,0,1,0
CUST-00103,2025-04,338.88,0,0,1,0
CUST-00104,2025-04,181.85,0,0,1,0
CUST-00105,2025-04,282.62,0,1,0,0
CUST-00106,2025-04,193.56,0,0,0,0
CUST-00107,2025-04,283.81,0,1,0,0
CUST-00108,2025-04,79.84,0,1,0,0
CUST-00109,2025-04,213.7,0,0,1,0
CUST-00111,2025-04,124.16,0,0,0,0
CUST-00112,2025-04,112,0,0,0,0
CUST-00113,2025-04,346.73,0,1,0,0
CUST-00114,2025-04,76.33,0,0,0,0
CUST-00117,2025-04,205.24,0,1,0,0
CUST-00118,2025-04,544.47,0,0,0,0
CUST-00119,2025-04,94.75,0,1,0,0
CUST-00120,2025-04,3042.68,0,1,0,0
CUST-00122,2025-04,190.7,0,0,0,0
CUST-00123,2025-04,3643.12,0,1,0,0
CUST-00124,2025-04,149.16,0,1,0,0
CUST-00125,2025-04,643.19,0,0,0,0
CUST-00126,2025-04,239.33,0,1,0,0
CUST-00127,2025-04,181.34,0,1,0,1
CUST-00129,2025-04,200.42,0,0,0,0
CUST-00131,2025-04,808.35,0,1,0,0
CUST-00133,2025-04,829.3,0,0,0,0
CUST-00134,2025-04,208.62,0,1,0,0
CUST-00135,2025-04,610.42,0,0,0,0
CUST-00136,2025-04,1297.65,0,1,0,0
CUST-00138,2025-04,139.31,0,1,0,0
CUST-00139,2025-04,262.84,0,1,0,0
CUST-00140,2025-04,1570.31,0,0,0,0
CUST-00141,2025-04,208.44,0,1,0,0
CUST-00142,2025-04,86.33,0,1,0,0
CUST-00143,2025-04,1367.98,0,0,0,0
CUST-00145,2025-04,34.85,0,0,1,0
CUST-00146,2025-04,768.12,0,0,0,0
CUST-00147,2025-04,229.21,0,0,1,0
CUST-00148,2025-04,186.91,0,1,0,0
CUST-00149,2025-04,71.9,0,0,1,0
CUST-00150,2025-04,153.81,0,0,0,0
CUST-00151,2025-04,261.51,0,1,0,0
CUST-00152,2025-04,140.97,0,0,0,1
CUST-00153,2025-04,270.61,0,1,0,1
CUST-00154,2025-04,868.22,0,0,0,0
CUST-00155,2025-04,3248.81,0,0,0,0
CUST-00156,2025-04,135.23,0,0,0,0
CUST-00157,2025-04,455.31,0,0,0,0
CUST-00160,2025-04,46.53,0,1,0,1
CUST-00161,2025-04,141.97,0,1,0,0
CUST-00162,2025-04,451.22,0,0,0,0
CUST-00163,2025-04,218.83,0,0,1,0
CUST-00164,2025-04,604.37,0,1,0,0
CUST-00165,2025-04,248.59,0,1,0,0
CUST-00166,2025-04,127.74,0,0,0,0
CUST-00167,2025-04,151.76,0,1,0,1
CUST-00168,2025-04,226.21,0,0,1,0
CUST-00169,2025-04,2231.84,0,1,0,0
CUST-00170,2025-04,383.6,0,1,0,0
CUST-00171,2025-04,464.63,0,1,0,0
CUST-00172,2025-04,2338.83,0,1,0,0
CUST-00173,2025-04,241.9,0,0,0,0
CUST-00174,2025-04,156.57,0,0,0,0
CUST-00175,2025-04,175.73,0,1,0,0
CUST-00176,2025-04,381.95,0,1,0,0
CUST-00177,2025-04,182.07,0,1,0,0
CUST-00178,2025-04,263.33,0,0,0,0
CUST-00179,2025-04,1797.68,0,1,0,0
CUST-00180,2025-04,258.78,0,0,1,0
CUST-00181,2025-04,220.39,0,0,1,0
CUST-00182,2025-04,171.15,0,1,0,1
CUST-00183,2025-04,263.48,0,0,0,0
CUST-00184,2025-04,149.97,0,1,0,0
CUST-00186,2025-04,149.43,0,0,1,0
CUST-00187,2025-04,79.11,0,1,0,1
CUST-00188,2025-04,1204.56,0,0,0,0
CUST-00189,2025-04,351.71,0,1,0,0
CUST-00190,2025-04,46.78,0,1,0,0
CUST-00191,2025-04,192.66,0,0,0,0
CUST-00192,2025-04,1583.17,0,1,0,0
CUST-00193,2025-04,151.79,0,0,0,0
CUST-00194,2025-04,105.46,0,1,0,0
CUST-00195,2025-04,82.71,0,1,0,0
CUST-00196,2025-04,114.92,0,0,1,0
CUST-00197,2025-04,66.28,0,0,0,0
CUST-00198,2025-04,3141.07,0,0,0,0
CUST-00199,2025-04,55.08,0,0,0,0
CUST-00200,2025-04,117.47,0,0,1,0
CUST-00201,2025-04,125.38,0,0,1,0
CUST-00202,2025-04,71.84,0,1,0,0
CUST-00203,2025-04,131.55,0,0,1,0
CUST-00204,2025-04,223.4,0,0,1,0
CUST-00205,2025-04,172.43,0,1,0,0
CUST-00206,2025-04,202.68,0,0,0,0
CUST-00207,2025-04,2567.94,0,0,0,0
CUST-00208,2025-04,2800.06,0,1,0,0
CUST-00209,2025-04,3650.8,0,0,0,0
CUST-00210,2025-04,229.28,0,0,0,0
CUST-00211,2025-04,62.37,0,1,0,0
CUST-00212,2025-04,238.98,0,0,1,0
CUST-00214,2025-04,115.95,0,1,0,0
CUST-00215,2025-04,165.35,0,1,0,0
CUST-00216,2025-04,125.98,0,0,1,0
CUST-00217,2025-04,57.34,0,1,0,0
CUST-00218,2025-04,156.24,0,1,0,1
CUST-00220,2025-04,106.83,0,1,0,0
CUST-00221,2025-04,2064.68,0,0,0,0
CUST-00222,2025-04,562.61,0,0,0,0
CUST-00223,2025-04,212.91,0,0,1,0
CUST-00224,2025-04,122.56,0,0,0,0
CUST-00225,2025-04,254.59,0,0,0,0
CUST-00226,2025-04,570.24,0,0,0,0
CUST-00227,2025-04,284.54,0,1,0,0
CUST-00229,2025-04,100.78,0,0,0,0
CUST-00230,2025-04,239.27,0,1,0,0
CUST-00231,2025-04,122.98,0,1,0,0
CUST-00232,2025-04,186.21,0,1,0,0
CUST-00233,2025-04,943.86,0,0,0,0
CUST-00234,2025-04,96.97,0,1,0,0
CUST-00235,2025-04,2713.93,0,0,0,0
CUST-00236,2025-04,64.72,0,1,0,0
CUST-00237,2025-04,258.1,0,0,0,1
CUST-00238,2025-04,445.17,0,0,0,0
CUST-00239,2025-04,194.99,0,1,0,0
CUST-00240,2025-04,198.6,0,0,0,0
CUST-00241,2025-04,79.21,0,0,0,0
CUST-00242,2025-04,218.32,0,1,0,0
CUST-00244,2025-04,76.24,0,1,0,0
CUST-00245,2025-04,231.29,1,0,0,0
CUST-00246,2025-04,168.51,1,0,0,0
CUST-00247,2025-04,415.26,1,0,0,0
CUST-00248,2025-04,691.57,1,0,0,0
CUST-00249,2025-04,946.62,1,0,0,0
CUST-00250,2025-04,236.5,1,0,0,0
CUST-00251,2025-04,1110.54,1,0,0,0
CUST-00252,2025-04,221.31,1,0,0,1
CUST-00253,2025-04,44.21,1,0,0,0
CUST-00254,2025-04,102.37,1,0,0,0
CUST-00255,2025-04,243.6,1,0,0,0
CUST-00256,2025-04,137.37,1,0,0,0
CUST-00257,2025-04,2556.11,1,0,0,0
CUST-00258,2025-04,144.84,1,0,0,0
CUST-00259,2025-04,1340.68,1,0,0,0
CUST-00260,2025-04,242.27,1,0,0,0
CUST-00261,2025-04,1360.27,1,0,0,0
CUST-00262,2025-04,202.09,1,0,0,0
CUST-00263,2025-04,151.74,1,0,0,0
CUST-00004,2025-05,367.09,0,1,0,0
CUST-00006,2025-05,48.51,0,0,1,0
CUST-00009,2025-05,233.9,0,0,0,0
CUST-00011,2025-05,109.81,0,0,0,0
CUST-00012,2025-05,181.88,0,1,0,0
CUST-00013,2025-05,2564.93,0,0,0,0
CUST-00014,2025-05,88.46,0,0,1,0
CUST-00015,2025-05,87.89,0,1,0,0
CUST-00016,2025-05,75.66,0,1,0,0
CUST-00021,2025-05,175.63,0,1,0,0
CUST-00022,2025-05,137.88,0,0,1,0
CUST-00024,2025-05,329.96,0,1,0,0
CUST-00025,2025-05,323.7,0,1,0,0
CUST-00027,2025-05,63.11,0,0,0,0
CUST-00029,2025-05,190.22,0,1,0,0
CUST-00030,2025-05,157.01,0,0,1,0
CUST-00032,2025-05,41.71,0,0,0,0
CUST-00037,2025-05,403,0,1,0,0
CUST-00038,2025-05,274.59,0,0,0,0
CUST-00039,2025-05,4538.39,0,0,0,0
CUST-00040,2025-05,242.67,0,0,0,1
CUST-00041,2025-05,204.87,0,1,0,0
CUST-00042,2025-05,69.77,0,0,1,1
CUST-00045,2025-05,426.67,0,1,0,0
CUST-00047,2025-05,54.42,0,0,0,0
CUST-00048,2025-05,262.12,0,0,0,0
CUST-00052,2025-05,99.22,0,1,0,0
CUST-00060,2025-05,114.63,0,1,0,0
CUST-00062,2025-05,288.7,0,1,0,0
CUST-00064,2025-05,1013.04,0,0,0,0
CUST-00066,2025-05,1073.42,0,0,1,0
CUST-00067,2025-05,481.38,0,0,1,0
CUST-00069,2025-05,266.43,0,0,1,0
CUST-00071,2025-05,4753.14,0,1,0,0
CUST-00072,2025-05,118.01,0,1,0,0
CUST-00074,2025-05,217.44,0,0,1,0
CUST-00075,2025-05,81.31,0,1,0,0
CUST-00076,2025-05,218.01,0,0,0,0
CUST-00077,2025-05,183.74,0,0,1,0
CUST-00078,2025-05,168.63,0,0,0,0
CUST-00080,2025-05,266.14,0,0,0,1
CUST-00081,2025-05,245.17,0,0,0,0
CUST-00082,2025-05,175.4,0,0,1,0
CUST-00084,2025-05,277.83,0,1,0,0
CUST-00085,2025-05,289.3,0,1,0,0
CUST-00087,2025-05,141.67,0,0,1,0
CUST-00088,2025-05,123.54,0,0,1,0
CUST-00090,2025-05,196.46,0,0,0,1
CUST-00091,2025-05,187.37,0,0,0,0
CUST-00092,2025-05,2297.27,0,0,0,0
CUST-00093,2025-05,174.14,0,0,0,0
CUST-00094,2025-05,4273.49,0,1,0,0
CUST-00095,2025-05,65.61,0,1,0,0
CUST-00096,2025-05,471.81,0,0,0,0
CUST-00097,2025-05,242.9,0,0,0,0
CUST-00098,2025-05,1338.78,0,1,0,0
CUST-00100,2025-05,257.01,0,0,0,0
CUST-00102,2025-05,169.92,0,0,0,0
CUST-00103,2025-05,358.14,0,1,0,0
CUST-00104,2025-05,184.16,0,0,0,0
CUST-00105,2025-05,296.67,0,1,0,0
CUST-00106,2025-05,187,0,0,1,0
CUST-00107,2025-05,296.13,0,1,0,0
CUST-00108,2025-05,78.1,0,0,1,0
CUST-00109,2025-05,208.68,0,0,1,0
CUST-00111,2025-05,131.01,0,1,0,0
CUST-00112,2025-05,108.54,0,0,1,0
CUST-00113,2025-05,364.28,0,1,0,0
CUST-00114,2025-05,80.33,0,1,0,0
CUST-00117,2025-05,212.75,0,1,0,0
CUST-00118,2025-05,550.08,0,0,0,0
CUST-00119,2025-05,93.37,0,0,0,0
CUST-00120,2025-05,3006.23,0,0,0,0
CUST-00122,2025-05,191.63,0,0,0,0
CUST-00123,2025-05,3644.04,0,0,0,0
CUST-00124,2025-05,150.14,0,0,0,0
CUST-00125,2025-05,669.18,0,1,0,0
CUST-00126,2025-05,244.33,0,1,0,0
CUST-00129,2025-05,209.03,0,1,0,0
CUST-00131,2025-05,790.9,0,0,1,0
CUST-00133,2025-05,844.06,0,0,0,0
CUST-00134,2025-05,205.77,0,0,0,1
CUST-00135,2025-05,632,0,1,0,0
CUST-00136,2025-05,1272.79,0,0,0,0
CUST-00138,2025-05,135.52,0,0,1,0
CUST-00139,2025-05,263.66,0,0,0,0
CUST-00140,2025-05,1771.68,0,1,0,0
CUST-00141,2025-05,202.67,0,0,1,0
CUST-00142,2025-05,83.85,0,0,1,0
CUST-00143,2025-05,1352.17,0,0,0,0
CUST-00145,2025-05,35.64,0,1,0,0
CUST-00146,2025-05,748.24,0,0,1,0
CUST-00147,2025-05,227.42,0,0,0,0
CUST-00148,2025-05,184.99,0,0,0,0
CUST-00149,2025-05,73.09,0,0,0,0
CUST-00150,2025-05,152.9,0,0,0,0
CUST-00151,2025-05,266.42,0,0,0,0
CUST-00154,2025-05,852.02,0,0,0,0
CUST-00155,2025-05,3202.09,0,0,0,0
CUST-00156,2025-05,135.08,0,0,0,0
CUST-00157,2025-05,463.74,0,0,0,0
CUST-00161,2025-05,137.81,0,0,1,0
CUST-00162,2025-05,462.12,0,1,0,0
CUST-00163,2025-05,227.08,0,1,0,0
CUST-00164,2025-05,613.05,0,0,0,1
CUST-00165,2025-05,248.76,0,0,0,0
CUST-00166,2025-05,132.72,0,1,0,0
CUST-00168,2025-05,236.43,0,1,0,0
CUST-00169,2025-05,2319.18,0,1,0,0
CUST-00170,2025-05,386.45,0,0,0,0
CUST-00171,2025-05,470.83,0,0,0,0
CUST-00172,2025-05,2370.03,0,0,0,0
CUST-00173,2025-05,238.65,0,0,0,0
CUST-00174,2025-05,153.58,0,0,0,0
CUST-00175,2025-05,181.1,0,1,0,0
CUST-00176,2025-05,380.91,0,0,0,0
CUST-00177,2025-05,189.9,0,1,0,0
CUST-00178,2025-05,261.2,0,0,0,0
CUST-00179,2025-05,1842.53,0,1,0,0
CUST-00180,2025-05,267.3,0,1,0,0
CUST-00181,2025-05,212.78,0,0,1,0
CUST-00183,2025-05,212.9,0,0,1,0
CUST-00184,2025-05,144.26,0,0,1,0
CUST-00186,2025-05,152.39,0,0,0,0
CUST-00188,2025-05,1210.68,0,0,0,0
CUST-00189,2025-05,360.26,0,1,0,0
CUST-00190,2025-05,45.66,0,0,1,0
CUST-00191,2025-05,200.81,0,1,0,1
CUST-00192,2025-05,1643.21,0,1,0,0
CUST-00193,2025-05,152.01,0,0,0,0
CUST-00194,2025-05,111.33,0,1,0,0
CUST-00195,2025-05,79.95,0,0,1,0
CUST-00196,2025-05,120.7,0,1,0,0
CUST-00197,2025-05,67.4,0,0,0,0
CUST-00198,2025-05,3161.69,0,0,0,0
CUST-00199,2025-05,54.08,0,0,0,0
CUST-00200,2025-05,118.42,0,0,0,0
CUST-00201,2025-05,125.43,0,0,0,0
CUST-00202,2025-05,75.7,0,1,0,0
CUST-00203,2025-05,137.64,0,1,0,1
CUST-00204,2025-05,235.73,0,1,0,0
CUST-00205,2025-05,177.82,0,1,0,0
CUST-00206,2025-05,206.01,0,0,0,0
CUST-00207,2025-05,2654.67,0,1,0,0
CUST-00208,2025-05,2798.92,0,0,0,0
CUST-00209,2025-05,3709.97,0,0,0,0
CUST-00210,2025-05,229.84,0,0,0,0
CUST-00211,2025-05,65.52,0,1,0,0
CUST-00212,2025-05,150.82,0,0,1,0
CUST-00214,2025-05,118.17,0,0,0,0
CUST-00215,2025-05,166.81,0,0,0,0
CUST-00216,2025-05,123.95,0,0,0,0
CUST-00217,2025-05,60.13,0,1,0,0
CUST-00220,2025-05,81.09,0,0,1,0
CUST-00221,2025-05,2145.35,0,1,0,0
CUST-00222,2025-05,578.48,0,1,0,0
CUST-00223,2025-05,206.32,0,0,1,0
CUST-00224,2025-05,124.24,0,0,0,0
CUST-00225,2025-05,255.41,0,0,0,1
CUST-00226,2025-05,596.28,0,1,0,0
CUST-00227,2025-05,281.29,0,0,0,0
CUST-00229,2025-05,105.64,0,1,0,0
CUST-00230,2025-05,232.62,0,0,1,0
CUST-00231,2025-05,122.02,0,0,0,0
CUST-00232,2025-05,188.96,0,0,0,1
CUST-00233,2025-05,964.44,0,1,0,0
CUST-00234,2025-05,96.43,0,0,0,0
CUST-00235,2025-05,2805.3,0,1,0,0
CUST-00236,2025-05,68.25,0,1,0,0
CUST-00238,2025-05,449.69,0,0,0,0
CUST-00239,2025-05,203.9,0,1,0,0
CUST-00240,2025-05,206.19,0,1,0,0
CUST-00241,2025-05,79.5,0,0,0,0
CUST-00242,2025-05,213.42,0,0,1,0
CUST-00244,2025-05,79.19,0,1,0,0
CUST-00245,2025-05,239.38,0,1,0,0
CUST-00246,2025-05,169.22,0,0,0,1
CUST-00247,2025-05,428.55,0,1,0,0
CUST-00248,2025-05,695.82,0,0,0,0
CUST-00249,2025-05,979.18,0,1,0,0
CUST-00250,2025-05,239.48,0,0,0,0
CUST-00251,2025-05,1104.97,0,0,0,0
CUST-00253,2025-05,51.62,0,1,0,0
CUST-00254,2025-05,107.28,0,1,0,0
CUST-00255,2025-05,245.52,0,0,0,0
CUST-00256,2025-05,133.27,0,0,1,0
CUST-00257,2025-05,2650.77,0,1,0,0
CUST-00258,2025-05,139.78,0,0,1,0
CUST-00259,2025-05,1355.1,0,0,0,0
CUST-00260,2025-05,233.06,0,0,1,0
CUST-00261,2025-05,1413.81,0,1,0,0
CUST-00262,2025-05,209.09,0,1,0,0
CUST-00263,2025-05,152.95,0,0,0,0
CUST-00264,2025-05,148.92,1,0,0,0
CUST-00265,2025-05,48.56,1,0,0,0
CUST-00266,2025-05,139.09,1,0,0,0
CUST-00267,2025-05,224.55,1,0,0,0
CUST-00268,2025-05,212.58,1,0,0,0
CUST-00269,2025-05,134.23,1,0,0,0
CUST-00270,2025-05,668.69,1,0,0,0
CUST-00271,2025-05,54.48,1,0,0,0
CUST-00272,2025-05,207.32,1,0,0,0
CUST-00273,2025-05,3343.4,1,0,0,0
CUST-00274,2025-05,165.11,1,0,0,0
CUST-00275,2025-05,210.54,1,0,0,0
CUST-00276,2025-05,86.33,1,0,0,0
CUST-00277,2025-05,137.01,1,0,0,0
CUST-00278,2025-05,185.34,1,0,0,0
CUST-00279,2025-05,191.95,1,0,0,0
CUST-00280,2025-05,150.7,1,0,0,0
CUST-00281,2025-05,157.53,1,0,0,0
CUST-00282,2025-05,75.74,1,0,0,1
CUST-00283,2025-05,137.35,1,0,0,0
CUST-00284,2025-05,173.09,1,0,0,0
CUST-00285,2025-05,47.18,1,0,0,0
CUST-00286,2025-05,1326.19,1,0,0,0
CUST-00287,2025-05,1096.78,1,0,0,0
CUST-00288,2025-05,3671.52,1,0,0,0
CUST-00289,2025-05,161.66,1,0,0,0
CUST-00290,2025-05,222.12,1,0,0,0
CUST-00291,2025-05,84.48,1,0,0,1
CUST-00004,2025-06,357.38,0,0,1,0
CUST-00006,2025-06,46.78,0,0,1,0
CUST-00009,2025-06,235.19,0,0,0,0
CUST-00011,2025-06,106.27,0,0,1,0
CUST-00012,2025-06,186.29,0,1,0,0
CUST-00013,2025-06,2603.38,0,0,0,0
CUST-00014,2025-06,88.47,0,0,0,0
CUST-00015,2025-06,88.37,0,0,0,0
CUST-00016,2025-06,78.92,0,1,0,0
CUST-00021,2025-06,184.74,0,1,0,0
CUST-00022,2025-06,183.53,0,1,0,0
CUST-00024,2025-06,347.61,0,1,0,0
CUST-00025,2025-06,316.33,0,0,1,0
CUST-00027,2025-06,62.84,0,0,0,0
CUST-00029,2025-06,195.13,0,1,0,0
CUST-00030,2025-06,157.12,0,0,0,0
CUST-00032,2025-06,41.98,0,0,0,0
CUST-00037,2025-06,388.29,0,0,1,0
CUST-00038,2025-06,273.95,0,0,0,0
CUST-00039,2025-06,4734.33,0,1,0,0
CUST-00041,2025-06,270.17,0,1,0,0
CUST-00045,2025-06,410.37,0,0,1,0
CUST-00047,2025-06,56.1,0,1,0,0
CUST-00048,2025-06,256.16,0,0,1,0
CUST-00052,2025-06,120.08,0,1,0,0
CUST-00060,2025-06,118.35,0,1,0,0
CUST-00062,2025-06,305.76,0,1,0,0
CUST-00064,2025-06,988.03,0,0,1,0
CUST-00066,2025-06,1107.73,0,1,0,0
CUST-00067,2025-06,497.73,0,1,0,0
CUST-00069,2025-06,276.75,0,1,0,0
CUST-00071,2025-06,4832.37,0,0,0,0
CUST-00072,2025-06,124.59,0,1,0,0
CUST-00074,2025-06,216.28,0,0,0,0
CUST-00075,2025-06,85.07,0,1,0,0
CUST-00076,2025-06,211.21,0,0,1,0
CUST-00077,2025-06,182.78,0,0,0,0
CUST-00078,2025-06,164.7,0,0,1,0
CUST-00081,2025-06,236.95,0,0,1,0
CUST-00082,2025-06,182.95,0,1,0,0
CUST-00084,2025-06,268.18,0,0,1,0
CUST-00085,2025-06,280.88,0,0,1,0
CUST-00087,2025-06,143.57,0,0,0,0
CUST-00088,2025-06,118.86,0,0,1,0
CUST-00091,2025-06,197.75,0,1,0,0
CUST-00092,2025-06,2312.81,0,0,0,0
CUST-00093,2025-06,180.52,0,1,0,0
CUST-00094,2025-06,4321.04,0,0,0,0
CUST-00095,2025-06,68.39,0,1,0,0
CUST-00096,2025-06,569.97,0,1,0,0
CUST-00097,2025-06,254.16,0,1,0,0
CUST-00098,2025-06,1339.04,0,0,0,0
CUST-00100,2025-06,268.53,0,1,0,0
CUST-00102,2025-06,169.93,0,0,0,0
CUST-00103,2025-06,375.02,0,1,0,0
CUST-00104,2025-06,183.41,0,0,0,0
CUST-00105,2025-06,310.21,0,1,0,0
CUST-00106,2025-06,182.95,0,0,1,0
CUST-00107,2025-06,299.74,0,0,0,0
CUST-00108,2025-06,75.18,0,0,1,0
CUST-00109,2025-06,291.16,0,1,0,0
CUST-00111,2025-06,128.02,0,0,1,0
CUST-00112,2025-06,109.73,0,0,0,0
CUST-00113,2025-06,379.73,0,1,0,0
CUST-00114,2025-06,83.68,0,1,0,0
CUST-00117,2025-06,216.59,0,0,0,0
CUST-00118,2025-06,553.78,0,0,0,0
CUST-00119,2025-06,96.62,0,1,0,0
CUST-00120,2025-06,3096.96,0,1,0,0
CUST-00122,2025-06,216.98,0,1,0,0
CUST-00123,2025-06,3647.78,0,0,0,0
CUST-00124,2025-06,145.15,0,0,1,0
CUST-00125,2025-06,753.27,0,1,0,0
CUST-00126,2025-06,253.87,0,1,0,0
CUST-00129,2025-06,209.26,0,0,0,0
CUST-00131,2025-06,1027.07,0,1,0,0
CUST-00133,2025-06,826.41,0,0,1,0
CUST-00135,2025-06,662.16,0,1,0,0
CUST-00136,2025-06,1277.29,0,0,0,0
CUST-00138,2025-06,142.9,0,1,0,0
CUST-00139,2025-06,256.78,0,0,1,0
CUST-00140,2025-06,1805.59,0,0,0,0
CUST-00141,2025-06,200.79,0,0,0,0
CUST-00142,2025-06,84.7,0,0,0,0
CUST-00143,2025-06,1336.32,0,0,0,0
CUST-00145,2025-06,35.43,0,0,0,0
CUST-00146,2025-06,766.08,0,1,0,0
CUST-00147,2025-06,235.07,0,1,0,0
CUST-00148,2025-06,115.41,0,0,1,0
CUST-00149,2025-06,74.99,0,1,0,0
CUST-00150,2025-06,150.96,0,0,0,0
CUST-00151,2025-06,273.01,0,1,0,0
CUST-00154,2025-06,867.86,0,0,0,0
CUST-00155,2025-06,3317.94,0,1,0,0
CUST-00156,2025-06,139.16,0,1,0,0
CUST-00157,2025-06,453.5,0,0,1,0
CUST-00161,2025-06,136.7,0,0,0,0
CUST-00162,2025-06,462.67,0,0,0,0
CUST-00163,2025-06,199.5,0,0,1,0
CUST-00165,2025-06,253.53,0,0,0,0
CUST-00166,2025-06,140.57,0,1,0,0
CUST-00168,2025-06,240.72,0,0,0,0
CUST-00169,2025-06,2748.87,0,1,0,0
CUST-00170,2025-06,398.77,0,1,0,0
CUST-00171,2025-06,467.08,0,0,0,0
CUST-00172,2025-06,2419.63,0,1,0,0
CUST-00173,2025-06,239.51,0,0,0,0
CUST-00174,2025-06,149.85,0,0,1,0
CUST-00175,2025-06,181.22,0,0,0,1
CUST-00176,2025-06,257.57,0,0,1,0
CUST-00177,2025-06,197.84,0,1,0,0
CUST-00178,2025-06,253.3,0,0,1,0
CUST-00179,2025-06,1384.5,0,0,1,0
CUST-00180,2025-06,275.74,0,1,0,0
CUST-00181,2025-06,222.6,0,1,0,0
CUST-00183,2025-06,219.95,0,1,0,0
CUST-00184,2025-06,142.28,0,0,0,0
CUST-00186,2025-06,156.34,0,1,0,0
CUST-00188,2025-06,1181.64,0,0,1,0
CUST-00189,2025-06,370.25,0,1,0,0
CUST-00190,2025-06,45.86,0,0,0,0
CUST-00192,2025-06,1806.77,0,1,0,0
CUST-00193,2025-06,153.59,0,0,0,0
CUST-00194,2025-06,109.01,0,0,1,0
CUST-00195,2025-06,80.83,0,0,0,0
CUST-00196,2025-06,123.31,0,1,0,0
CUST-00197,2025-06,68.88,0,1,0,0
CUST-00198,2025-06,3143.42,0,0,0,0
CUST-00199,2025-06,44.97,0,0,1,0
CUST-00200,2025-06,121.29,0,1,0,0
CUST-00201,2025-06,122.7,0,0,1,0
CUST-00202,2025-06,73.4,0,0,1,0
CUST-00204,2025-06,314.11,0,1,0,0
CUST-00205,2025-06,180.88,0,0,0,0
CUST-00206,2025-06,198.11,0,0,1,0
CUST-00207,2025-06,2239.51,0,0,1,0
CUST-00208,2025-06,2873.63,0,1,0,0
CUST-00209,2025-06,3731.52,0,0,0,0
CUST-00210,2025-06,243.14,0,1,0,0
CUST-00211,2025-06,64.3,0,0,0,0
CUST-00212,2025-06,157,0,1,0,0
CUST-00214,2025-06,118.57,0,0,0,0
CUST-00215,2025-06,162.29,0,0,1,0
CUST-00216,2025-06,124.7,0,0,0,0
CUST-00217,2025-06,59.89,0,0,0,0
CUST-00220,2025-06,80.24,0,0,0,0
CUST-00221,2025-06,2154.66,0,0,0,0
CUST-00222,2025-06,578.8,0,0,0,0
CUST-00223,2025-06,201.52,0,0,1,0
CUST-00224,2025-06,124.08,0,0,0,0
CUST-00226,2025-06,592.99,0,0,0,0
CUST-00227,2025-06,282.52,0,0,0,0
CUST-00229,2025-06,103.15,0,0,1,0
CUST-00230,2025-06,239.5,0,1,0,0
CUST-00231,2025-06,122.12,0,0,0,0
CUST-00233,2025-06,1149.53,0,1,0,0
CUST-00234,2025-06,93.53,0,0,1,0
CUST-00235,2025-06,2899.33,0,1,0,0
CUST-00236,2025-06,65.62,0,0,1,0
CUST-00238,2025-06,458.76,0,1,0,0
CUST-00239,2025-06,236.73,0,1,0,0
CUST-00240,2025-06,200.2,0,0,1,0
CUST-00241,2025-06,83.46,0,1,0,0
CUST-00242,2025-06,219.1,0,1,0,0
CUST-00244,2025-06,81.36,0,1,0,0
CUST-00245,2025-06,250.91,0,1,0,0
CUST-00247,2025-06,419.55,0,0,1,0
CUST-00248,2025-06,705.45,0,0,0,0
CUST-00249,2025-06,954.99,0,0,1,0
CUST-00250,2025-06,237.53,0,0,0,0
CUST-00251,2025-06,1134.22,0,1,0,0
CUST-00253,2025-06,52.18,0,0,0,0
CUST-00254,2025-06,110.06,0,1,0,0
CUST-00255,2025-06,250.52,0,1,0,0
CUST-00256,2025-06,133.13,0,0,0,0
CUST-00257,2025-06,2712.32,0,1,0,0
CUST-00258,2025-06,136.61,0,0,1,0
CUST-00259,2025-06,1354.08,0,0,0,0
CUST-00260,2025-06,234.88,0,0,0,0
CUST-00261,2025-06,1408.74,0,0,0,0
CUST-00262,2025-06,201.43,0,0,1,0
CUST-00263,2025-06,155.36,0,0,0,0
CUST-00264,2025-06,157.57,0,1,0,0
CUST-00265,2025-06,50.39,0,1,0,0
CUST-00266,2025-06,146.19,0,1,0,0
CUST-00267,2025-06,222.94,0,0,0,0
CUST-00268,2025-06,209.85,0,0,0,0
CUST-00269,2025-06,134,0,0,0,0
CUST-00270,2025-06,685.12,0,1,0,0
CUST-00271,2025-06,52.46,0,0,1,0
CUST-00272,2025-06,209.21,0,0,0,0
CUST-00273,2025-06,3390.44,0,0,0,0
CUST-00274,2025-06,118.82,0,0,1,0
CUST-00275,2025-06,211.79,0,0,0,0
CUST-00276,2025-06,83.34,0,0,1,0
CUST-00277,2025-06,144.36,0,1,0,0
CUST-00278,2025-06,184.43,0,0,0,0
CUST-00279,2025-06,193.11,0,0,0,0
CUST-00280,2025-06,146.96,0,0,1,0
CUST-00281,2025-06,155.96,0,0,0,0
CUST-00283,2025-06,144.12,0,1,0,0
CUST-00284,2025-06,172.24,0,0,0,0
CUST-00285,2025-06,49.83,0,1,0,0
CUST-00286,2025-06,1412.45,0,1,0,0
CUST-00287,2025-06,1067.98,0,0,1,0
CUST-00288,2025-06,2970.72,0,0,1,0
CUST-00289,2025-06,165,0,1,0,0
CUST-00290,2025-06,217.18,0,0,1,0
CUST-00292,2025-06,130.25,1,0,0,0
CUST-00293,2025-06,115.56,1,0,0,0
CUST-00294,2025-06,1215.7,1,0,0,0
CUST-00295,2025-06,347.59,1,0,0,0
CUST-00296,2025-06,60.12,1,0,0,0
CUST-00297,2025-06,117.3,1,0,0,0
CUST-00298,2025-06,246.88,1,0,0,0
CUST-00299,2025-06,244.7,1,0,0,0
CUST-00300,2025-06,126.95,1,0,0,0
CUST-00301,2025-06,904.55,1,0,0,0
CUST-00302,2025-06,231.46,1,0,0,0
CUST-00303,2025-06,51.06,1,0,0,0
CUST-00304,2025-06,225.14,1,0,0,0
CUST-00305,2025-06,178.19,1,0,0,0
CUST-00306,2025-06,1234.43,1,0,0,0
CUST-00307,2025-06,481.33,1,0,0,0
CUST-00308,2025-06,253.83,1,0,0,1
CUST-00309,2025-06,1238.72,1,0,0,0
CUST-00310,2025-06,47.23,1,0,0,0
CUST-00311,2025-06,243.35,1,0,0,0
CUST-00312,2025-06,121.64,1,0,0,0
CUST-00313,2025-06,171.89,1,0,0,0
CUST-00314,2025-06,146.65,1,0,0,0
CUST-00315,2025-06,224.35,1,0,0,0
CUST-00316,2025-06,905.23,1,0,0,0
CUST-00317,2025-06,147.44,1,0,0,0
CUST-00318,2025-06,167.65,1,0,0,0
CUST-00319,2025-06,47.04,1,0,0,0
CUST-00320,2025-06,152.17,1,0,0,0
CUST-00004,2025-07,370,0,1,0,0
CUST-00006,2025-07,47.57,0,0,0,0
CUST-00009,2025-07,238.43,0,0,0,0
CUST-00011,2025-07,106.98,0,0,0,0
CUST-00012,2025-07,122.99,0,0,1,0
CUST-00013,2025-07,2556.89,0,0,0,0
CUST-00014,2025-07,90.36,0,1,0,0
CUST-00015,2025-07,84.85,0,0,1,0
CUST-00016,2025-07,83.4,0,1,0,0
CUST-00021,2025-07,186.55,0,0,0,0
CUST-00022,2025-07,182.1,0,0,0,0
CUST-00024,2025-07,362.25,0,1,0,0
CUST-00025,2025-07,321.53,0,0,0,0
CUST-00027,2025-07,63.26,0,0,0,0
CUST-00029,2025-07,202.74,0,1,0,0
CUST-00030,2025-07,151.43,0,0,1,0
CUST-00032,2025-07,43.87,0,1,0,0
CUST-00037,2025-07,398.38,0,1,0,0
CUST-00038,2025-07,264.95,0,0,1,0
CUST-00039,2025-07,3731.39,0,0,1,0
CUST-00041,2025-07,285.46,0,1,0,0
CUST-00045,2025-07,423.08,0,1,0,0
CUST-00047,2025-07,55.97,0,0,0,0
CUST-00048,2025-07,259.53,0,0,0,0
CUST-00052,2025-07,116.18,0,0,1,1
CUST-00060,2025-07,119.82,0,0,0,0
CUST-00062,2025-07,414.48,0,1,0,0
CUST-00064,2025-07,1030.86,0,1,0,0
CUST-00066,2025-07,1104.49,0,0,0,0
CUST-00067,2025-07,492.49,0,0,0,0
CUST-00069,2025-07,291.5,0,1,0,0
CUST-00071,2025-07,5034.7,0,1,0,0
CUST-00072,2025-07,124.69,0,0,0,0
CUST-00074,2025-07,218.49,0,0,0,0
CUST-00075,2025-07,86.92,0,1,0,0
CUST-00076,2025-07,211,0,0,0,0
CUST-00077,2025-07,179.85,0,0,0,0
CUST-00078,2025-07,163.23,0,0,0,0
CUST-00081,2025-07,245.36,0,1,0,0
CUST-00082,2025-07,179.75,0,0,0,0
CUST-00084,2025-07,311.18,0,1,0,1
CUST-00085,2025-07,362.01,0,1,0,0
CUST-00087,2025-07,144.59,0,0,0,0
CUST-00088,2025-07,117.34,0,0,0,0
CUST-00091,2025-07,197.85,0,0,0,0
CUST-00092,2025-07,2299.91,0,0,0,0
CUST-00093,2025-07,185,0,1,0,0
CUST-00094,2025-07,4342.33,0,0,0,0
CUST-00095,2025-07,71.41,0,1,0,0
CUST-00096,2025-07,559.85,0,0,0,0
CUST-00097,2025-07,347.46,0,1,0,1
CUST-00098,2025-07,1319.58,0,0,0,0
CUST-00100,2025-07,348.17,0,1,0,0
CUST-00102,2025-07,177.32,0,1,0,0
CUST-00103,2025-07,380.3,0,0,0,0
CUST-00104,2025-07,189.39,0,1,0,0
CUST-00105,2025-07,309.29,0,0,0,1
CUST-00106,2025-07,184.64,0,0,0,0
CUST-00107,2025-07,317.3,0,1,0,0
CUST-00108,2025-07,76.78,0,1,0,0
CUST-00109,2025-07,299.86,0,1,0,1
CUST-00111,2025-07,132.26,0,1,0,0
CUST-00112,2025-07,114.72,0,1,0,0
CUST-00113,2025-07,398.56,0,1,0,1
CUST-00114,2025-07,87.1,0,1,0,0
CUST-00117,2025-07,212.54,0,0,0,0
CUST-00118,2025-07,557,0,0,0,0
CUST-00119,2025-07,97.75,0,0,0,0
CUST-00120,2025-07,3183.56,0,1,0,0
CUST-00122,2025-07,216.5,0,0,0,0
CUST-00123,2025-07,3796.07,0,1,0,0
CUST-00124,2025-07,152.27,0,1,0,0
CUST-00125,2025-07,757.62,0,0,0,0
CUST-00126,2025-07,259.15,0,1,0,0
CUST-00129,2025-07,202.39,0,0,1,0
CUST-00131,2025-07,1079.18,0,1,0,0
CUST-00133,2025-07,839.8,0,0,0,0
CUST-00135,2025-07,645.06,0,0,1,0
CUST-00136,2025-07,1283.4,0,0,0,0
CUST-00138,2025-07,144.09,0,0,0,0
CUST-00139,2025-07,255.42,0,0,0,0
CUST-00140,2025-07,1858.01,0,1,0,0
CUST-00141,2025-07,208.86,0,1,0,0
CUST-00142,2025-07,87.23,0,1,0,0
CUST-00143,2025-07,1344.8,0,0,0,0
CUST-00145,2025-07,35.28,0,0,0,0
CUST-00146,2025-07,771.91,0,0,0,0
CUST-00147,2025-07,226.23,0,0,1,0
CUST-00148,2025-07,119.9,0,1,0,0
CUST-00149,2025-07,72.68,0,0,1,0
CUST-00150,2025-07,159.64,0,1,0,1
CUST-00151,2025-07,284.78,0,1,0,0
CUST-00154,2025-07,615.02,0,0,1,0
CUST-00155,2025-07,3389.78,0,1,0,0
CUST-00156,2025-07,139.49,0,0,0,0
CUST-00157,2025-07,451.69,0,0,0,0
CUST-00161,2025-07,136.31,0,0,0,0
CUST-00162,2025-07,479.31,0,1,0,0
CUST-00163,2025-07,196.93,0,0,0,0
CUST-00165,2025-07,244.1,0,0,1,0
CUST-00166,2025-07,144.75,0,1,0,0
CUST-00168,2025-07,246.77,0,1,0,0
CUST-00169,2025-07,2290.76,0,0,1,0
CUST-00170,2025-07,418.58,0,1,0,0
CUST-00171,2025-07,486.52,0,1,0,0
CUST-00172,2025-07,2423.17,0,0,0,0
CUST-00173,2025-07,241.84,0,0,0,0
CUST-00174,2025-07,148.2,0,0,0,0
CUST-00176,2025-07,270.36,0,1,0,0
CUST-00177,2025-07,208.59,0,1,0,0
CUST-00178,2025-07,256.67,0,0,0,0
CUST-00179,2025-07,1376.54,0,0,0,0
CUST-00180,2025-07,273.12,0,0,0,0
CUST-00181,2025-07,232.59,0,1,0,0
CUST-00183,2025-07,139.74,0,0,1,0
CUST-00184,2025-07,139.64,0,0,0,0
CUST-00186,2025-07,152.49,0,0,1,0
CUST-00188,2025-07,1202.45,0,0,0,0
CUST-00189,2025-07,362.12,0,0,1,0
CUST-00190,2025-07,44.43,0,0,1,0
CUST-00192,2025-07,1830.71,0,0,0,0
CUST-00193,2025-07,153.4,0,0,0,0
CUST-00194,2025-07,110.91,0,0,0,0
CUST-00195,2025-07,78.87,0,0,1,0
CUST-00196,2025-07,130.45,0,1,0,0
CUST-00197,2025-07,66.32,0,0,1,0
CUST-00198,2025-07,2427.44,0,0,1,0
CUST-00199,2025-07,45.03,0,0,0,0
CUST-00200,2025-07,117.69,0,0,1,0
CUST-00201,2025-07,125.21,0,1,0,0
CUST-00202,2025-07,71.41,0,0,1,0
CUST-00204,2025-07,329.87,0,1,0,0
CUST-00205,2025-07,184.48,0,0,0,0
CUST-00206,2025-07,203.42,0,1,0,0
CUST-00207,2025-07,2209.06,0,0,0,0
CUST-00208,2025-07,2826.3,0,0,0,0
CUST-00209,2025-07,3848.28,0,1,0,0
CUST-00210,2025-07,254.13,0,1,0,0
CUST-00211,2025-07,68.04,0,1,0,0
CUST-00212,2025-07,158.96,0,0,0,0
CUST-00214,2025-07,120.55,0,0,0,0
CUST-00215,2025-07,196.71,0,1,0,0
CUST-00216,2025-07,122.61,0,0,0,0
CUST-00217,2025-07,57.72,0,0,1,0
CUST-00220,2025-07,81.36,0,0,0,0
CUST-00221,2025-07,2129.77,0,0,0,0
CUST-00222,2025-07,602.13,0,1,0,0
CUST-00223,2025-07,203.52,0,0,0,0
CUST-00224,2025-07,130.06,0,1,0,0
CUST-00226,2025-07,582.56,0,0,0,0
CUST-00227,2025-07,271.33,0,0,1,0
CUST-00229,2025-07,109.03,0,1,0,0
CUST-00230,2025-07,245.38,0,1,0,0
CUST-00231,2025-07,137.88,0,1,0,0
CUST-00233,2025-07,1170.84,0,0,0,0
CUST-00234,2025-07,93.42,0,0,0,0
CUST-00235,2025-07,2948.13,0,0,0,0
CUST-00236,2025-07,64.98,0,0,0,0
CUST-00238,2025-07,456.11,0,0,0,0
CUST-00239,2025-07,247.26,0,1,0,0
CUST-00240,2025-07,250.37,0,1,0,0
CUST-00241,2025-07,84.15,0,0,0,0
CUST-00242,2025-07,222.47,0,0,0,0
CUST-00244,2025-07,82.06,0,0,0,0
CUST-00245,2025-07,249.66,0,0,0,0
CUST-00247,2025-07,419.67,0,0,0,0
CUST-00248,2025-07,704.77,0,0,0,0
CUST-00249,2025-07,941.03,0,0,0,0
CUST-00250,2025-07,250.5,0,1,0,0
CUST-00251,2025-07,1133.46,0,0,0,0
CUST-00253,2025-07,51.68,0,0,0,0
CUST-00254,2025-07,111.54,0,0,0,0
CUST-00255,2025-07,259.39,0,1,0,0
CUST-00256,2025-07,133.94,0,0,0,0
CUST-00257,2025-07,2746.63,0,0,0,0
CUST-00258,2025-07,131.76,0,0,1,0
CUST-00259,2025-07,1357.41,0,0,0,0
CUST-00260,2025-07,244.5,0,1,0,0
CUST-00261,2025-07,1399.72,0,0,0,0
CUST-00262,2025-07,211.5,0,1,0,0
CUST-00263,2025-07,162.08,0,1,0,1
CUST-00264,2025-07,166.58,0,1,0,0
CUST-00265,2025-07,49.43,0,0,0,0
CUST-00266,2025-07,145.76,0,0,0,0
CUST-00267,2025-07,225.45,0,0,0,0
CUST-00268,2025-07,201.53,0,0,1,0
CUST-00269,2025-07,134.53,0,0,0,0
CUST-00270,2025-07,710.9,0,1,0,0
CUST-00271,2025-07,53.55,0,1,0,0
CUST-00272,2025-07,217.34,0,1,0,0
CUST-00273,2025-07,3416.64,0,0,0,0
CUST-00274,2025-07,119.72,0,0,0,0
CUST-00275,2025-07,216.27,0,1,0,0
CUST-00276,2025-07,82.38,0,0,0,0
CUST-00277,2025-07,152.37,0,1,0,0
CUST-00278,2025-07,182.2,0,0,0,0
CUST-00279,2025-07,194.8,0,0,0,0
CUST-00280,2025-07,149.38,0,0,0,0
CUST-00281,2025-07,161.65,0,1,0,0
CUST-00283,2025-07,152.64,0,1,0,0
CUST-00284,2025-07,174.78,0,0,0,0
CUST-00285,2025-07,52.02,0,1,0,0
CUST-00286,2025-07,1442.04,0,1,0,0
CUST-00287,2025-07,1084.42,0,0,0,0
CUST-00288,2025-07,3080.33,0,1,0,0
CUST-00289,2025-07,167.95,0,0,0,0
CUST-00290,2025-07,216.4,0,0,0,0
CUST-00292,2025-07,132.23,0,0,0,0
CUST-00293,2025-07,116.8,0,0,0,0
CUST-00294,2025-07,1229.77,0,0,0,0
CUST-00295,2025-07,353.73,0,0,0,0
CUST-00296,2025-07,59.92,0,0,0,0
CUST-00297,2025-07,122.42,0,1,0,0
CUST-00298,2025-07,248.11,0,0,0,0
CUST-00299,2025-07,198.7,0,0,1,0
CUST-00300,2025-07,130.67,0,1,0,0
CUST-00301,2025-07,920.49,0,0,0,0
CUST-00302,2025-07,244.73,0,1,0,0
CUST-00303,2025-07,51.41,0,0,0,0
CUST-00304,2025-07,221.52,0,0,0,0
CUST-00305,2025-07,187.98,0,1,0,0
CUST-00306,2025-07,1293.12,0,1,0,0
CUST-00307,2025-07,469.3,0,0,1,0
CUST-00309,2025-07,1271.03,0,1,0,0
CUST-00310,2025-07,48.54,0,1,0,0
CUST-00311,2025-07,243.55,0,0,0,0
CUST-00312,2025-07,117.26,0,0,1,0
CUST-00313,2025-07,182.04,0,1,0,0
CUST-00314,2025-07,143.9,0,0,0,0
CUST-00315,2025-07,230.93,0,1,0,0
CUST-00316,2025-07,937.57,0,1,0,0
CUST-00317,2025-07,205.18,0,1,0,0
CUST-00318,2025-07,168.64,0,0,0,0
CUST-00319,2025-07,45.5,0,0,1,0
CUST-00320,2025-07,156.41,0,1,0,0
CUST-00321,2025-07,159.32,1,0,0,0
CUST-00322,2025-07,212.15,1,0,0,0
CUST-00323,2025-07,241.4,1,0,0,0
CUST-00324,2025-07,1112.27,1,0,0,0
CUST-00325,2025-07,141.22,1,0,0,0
CUST-00326,2025-07,67.01,1,0,0,0
CUST-00327,2025-07,1169.79,1,0,0,0
CUST-00328,2025-07,243.25,1,0,0,0
CUST-00329,2025-07,41.3,1,0,0,0
CUST-00330,2025-07,234.9,1,0,0,0
CUST-00331,2025-07,151.33,1,0,0,0
CUST-00332,2025-07,46.02,1,0,0,0
CUST-00333,2025-07,252.48,1,0,0,0
CUST-00334,2025-07,109.21,1,0,0,0
CUST-00335,2025-07,204.08,1,0,0,0
CUST-00336,2025-07,123.26,1,0,0,0
CUST-00337,2025-07,231.84,1,0,0,0
CUST-00338,2025-07,252.05,1,0,0,0
CUST-00339,2025-07,138.4,1,0,0,0
CUST-00340,2025-07,900.49,1,0,0,0
CUST-00341,2025-07,466.51,1,0,0,0
CUST-00342,2025-07,151.15,1,0,0,0
CUST-00343,2025-07,63.98,1,0,0,0
CUST-00344,2025-07,258.58,1,0,0,0
CUST-00345,2025-07,108.64,1,0,0,1
CUST-00346,2025-07,166.11,1,0,0,0
CUST-00347,2025-07,134.84,1,0,0,0
CUST-00004,2025-08,357.43,0,0,1,0
CUST-00006,2025-08,46.01,0,0,1,0
CUST-00009,2025-08,233.37,0,0,1,0
CUST-00011,2025-08,106.1,0,0,0,0
CUST-00012,2025-08,128.37,0,1,0,0
CUST-00013,2025-08,2522.21,0,0,0,0
CUST-00014,2025-08,91.17,0,0,0,0
CUST-00015,2025-08,104.62,0,1,0,0
CUST-00016,2025-08,81.51,0,0,1,0
CUST-00021,2025-08,187.93,0,0,0,0
CUST-00022,2025-08,181.25,0,0,0,0
CUST-00024,2025-08,357.12,0,0,0,0
CUST-00025,2025-08,313.13,0,0,1,1
CUST-00027,2025-08,63.11,0,0,0,0
CUST-00029,2025-08,203.95,0,0,0,0
CUST-00030,2025-08,148.91,0,0,0,0
CUST-00032,2025-08,32.01,0,0,1,0
CUST-00037,2025-08,414.17,0,1,0,0
CUST-00038,2025-08,261.27,0,0,0,0
CUST-00039,2025-08,3721.71,0,0,0,0
CUST-00041,2025-08,283.46,0,0,0,0
CUST-00045,2025-08,334.91,0,0,1,0
CUST-00047,2025-08,55.09,0,0,0,0
CUST-00048,2025-08,270.18,0,1,0,0
CUST-00060,2025-08,125.97,0,1,0,0
CUST-00062,2025-08,420.47,0,0,0,0
CUST-00064,2025-08,1048.98,0,0,0,0
CUST-00066,2025-08,1080.48,0,0,1,0
CUST-00067,2025-08,496.68,0,0,0,0
CUST-00069,2025-08,283.15,0,0,1,0
CUST-00071,2025-08,5209.08,0,1,0,0
CUST-00072,2025-08,131.32,0,1,0,0
CUST-00074,2025-08,229.47,0,1,0,0
CUST-00075,2025-08,88.61,0,0,0,0
CUST-00076,2025-08,209.82,0,0,0,0
CUST-00077,2025-08,183.41,0,0,0,0
CUST-00078,2025-08,171.1,0,1,0,0
CUST-00081,2025-08,254.9,0,1,0,1
CUST-00082,2025-08,187.87,0,1,0,0
CUST-00085,2025-08,383.27,0,1,0,0
CUST-00087,2025-08,139.33,0,0,1,0
CUST-00088,2025-08,123.29,0,1,0,0
CUST-00091,2025-08,209.64,0,1,0,0
CUST-00092,2025-08,2321.87,0,0,0,0
CUST-00093,2025-08,178.55,0,0,1,1
CUST-00094,2025-08,4325.96,0,0,0,0
CUST-00095,2025-08,75.4,0,1,0,0
CUST-00096,2025-08,567.54,0,0,0,0
CUST-00098,2025-08,1349.79,0,1,0,0
CUST-00100,2025-08,350.55,0,0,0,0
CUST-00102,2025-08,171.68,0,0,1,0
CUST-00103,2025-08,387.27,0,0,0,0
CUST-00104,2025-08,187.02,0,0,0,0
CUST-00106,2025-08,190.16,0,1,0,0
CUST-00107,2025-08,315.74,0,0,0,0
CUST-00108,2025-08,76.85,0,0,0,0
CUST-00111,2025-08,153.25,0,1,0,0
CUST-00112,2025-08,111.18,0,0,1,0
CUST-00114,2025-08,90.71,0,1,0,0
CUST-00117,2025-08,217.35,0,1,0,0
CUST-00118,2025-08,576.26,0,1,0,0
CUST-00119,2025-08,96.14,0,0,0,0
CUST-00120,2025-08,3176.18,0,0,0,0
CUST-00122,2025-08,222.3,0,1,0,0
CUST-00123,2025-08,3969.88,0,1,0,0
CUST-00124,2025-08,159.3,0,1,0,0
CUST-00125,2025-08,747.56,0,0,0,1
CUST-00126,2025-08,265.81,0,1,0,0
CUST-00129,2025-08,207.56,0,1,0,0
CUST-00131,2025-08,1090.83,0,0,0,0
CUST-00133,2025-08,828.77,0,0,0,0
CUST-00135,2025-08,674.36,0,1,0,0
CUST-00136,2025-08,1320.82,0,1,0,0
CUST-00138,2025-08,150.41,0,1,0,0
CUST-00139,2025-08,259.61,0,0,0,0
CUST-00140,2025-08,1941.22,0,1,0,0
CUST-00141,2025-08,164.56,0,0,1,0
CUST-00142,2025-08,88.74,0,0,0,0
CUST-00143,2025-08,1354.98,0,0,0,0
CUST-00145,2025-08,34.27,0,0,1,0
CUST-00146,2025-08,963.97,0,1,0,0
CUST-00147,2025-08,279.05,0,1,0,0
CUST-00148,2025-08,123.58,0,1,0,0
CUST-00149,2025-08,72.73,0,0,0,0
CUST-00151,2025-08,287.27,0,0,0,0
CUST-00154,2025-08,708.76,0,1,0,0
CUST-00155,2025-08,3448.09,0,0,0,0
CUST-00156,2025-08,146.33,0,1,0,0
CUST-00157,2025-08,438.86,0,0,1,0
CUST-00161,2025-08,141.64,0,1,0,0
CUST-00162,2025-08,480.03,0,0,0,0
CUST-00163,2025-08,208.18,0,1,0,0
CUST-00165,2025-08,250.72,0,1,0,0
CUST-00166,2025-08,143.71,0,0,0,0
CUST-00168,2025-08,248.3,0,0,0,0
CUST-00169,2025-08,2382.27,0,1,0,0
CUST-00170,2025-08,416.17,0,0,0,0
CUST-00171,2025-08,493.94,0,0,0,0
CUST-00172,2025-08,2404.49,0,0,0,0
CUST-00173,2025-08,246.29,0,0,0,0
CUST-00174,2025-08,201.61,0,1,0,0
CUST-00176,2025-08,263.62,0,0,1,0
CUST-00177,2025-08,214.67,0,1,0,0
CUST-00178,2025-08,265.16,0,1,0,0
CUST-00179,2025-08,1353.31,0,0,0,0
CUST-00180,2025-08,275.18,0,0,0,0
CUST-00181,2025-08,240.91,0,1,0,0
CUST-00183,2025-08,139.43,0,0,0,0
CUST-00184,2025-08,147.89,0,1,0,0
CUST-00186,2025-08,156.58,0,1,0,0
CUST-00188,2025-08,1213.87,0,0,0,0
CUST-00189,2025-08,366.84,0,0,0,0
CUST-00190,2025-08,46.06,0,1,0,0
CUST-00192,2025-08,1888.01,0,1,0,0
CUST-00193,2025-08,160.64,0,1,0,0
CUST-00194,2025-08,109.96,0,0,0,0
CUST-00195,2025-08,76.78,0,0,1,0
CUST-00196,2025-08,136.46,0,1,0,0
CUST-00197,2025-08,68.42,0,1,0,0
CUST-00198,2025-08,2478.81,0,1,0,0
CUST-00199,2025-08,43.91,0,0,1,0
CUST-00200,2025-08,122.08,0,1,0,0
CUST-00201,2025-08,122.36,0,0,1,0
CUST-00202,2025-08,71.32,0,0,0,0
CUST-00204,2025-08,335.68,0,0,0,0
CUST-00205,2025-08,221.78,0,1,0,0
CUST-00206,2025-08,205.75,0,0,0,0
CUST-00207,2025-08,2183.72,0,0,0,0
CUST-00208,2025-08,2800.12,0,0,0,0
CUST-00209,2025-08,3974.83,0,1,0,0
CUST-00210,2025-08,259.29,0,1,0,0
CUST-00211,2025-08,77.44,0,1,0,0
CUST-00212,2025-08,154.04,0,0,1,1
CUST-00214,2025-08,120.01,0,0,0,0
CUST-00215,2025-08,190.53,0,0,1,0
CUST-00216,2025-08,127.44,0,1,0,0
CUST-00217,2025-08,56.02,0,0,1,0
CUST-00220,2025-08,84.1,0,1,0,0
CUST-00221,2025-08,2170.27,0,0,0,0
CUST-00222,2025-08,610.34,0,0,0,0
CUST-00223,2025-08,259.05,0,1,0,0
CUST-00224,2025-08,130.25,0,0,0,0
CUST-00226,2025-08,586.19,0,0,0,0
CUST-00227,2025-08,272.02,0,0,0,0
CUST-00229,2025-08,112.65,0,1,0,0
CUST-00230,2025-08,236.5,0,0,1,0
CUST-00231,2025-08,136.75,0,0,0,0
CUST-00233,2025-08,1209.48,0,1,0,0
CUST-00234,2025-08,92.1,0,0,0,0
CUST-00235,2025-08,2956.06,0,0,0,0
CUST-00236,2025-08,66.74,0,1,0,0
CUST-00238,2025-08,453.13,0,0,0,0
CUST-00239,2025-08,260.35,0,1,0,0
CUST-00240,2025-08,247.47,0,0,0,0
CUST-00241,2025-08,81.69,0,0,1,0
CUST-00242,2025-08,232.31,0,1,0,0
CUST-00244,2025-08,86.95,0,1,0,0
CUST-00245,2025-08,293.22,0,1,0,0
CUST-00247,2025-08,276.98,0,0,1,0
CUST-00248,2025-08,712.28,0,0,0,0
CUST-00249,2025-08,927.4,0,0,0,0
CUST-00250,2025-08,249.27,0,0,0,0
CUST-00251,2025-08,1133.75,0,0,0,0
CUST-00253,2025-08,52.44,0,0,0,0
CUST-00254,2025-08,111.05,0,0,0,0
CUST-00255,2025-08,258.35,0,0,0,0
CUST-00256,2025-08,132.35,0,0,0,0
CUST-00257,2025-08,2699.75,0,0,0,0
CUST-00258,2025-08,134.96,0,1,0,0
CUST-00259,2025-08,1385.44,0,1,0,0
CUST-00260,2025-08,328.86,0,1,0,0
CUST-00261,2025-08,1443.72,0,1,0,0
CUST-00262,2025-08,209.56,0,0,0,0
CUST-00264,2025-08,171.31,0,1,0,0
CUST-00265,2025-08,51.39,0,1,0,0
CUST-00266,2025-08,142.73,0,0,1,0
CUST-00267,2025-08,227.43,0,0,0,0
CUST-00268,2025-08,197.52,0,0,0,0
CUST-00269,2025-08,132.65,0,0,0,0
CUST-00270,2025-08,829.98,0,1,0,0
CUST-00271,2025-08,52.34,0,0,1,0
CUST-00272,2025-08,223.98,0,1,0,0
CUST-00273,2025-08,3395.85,0,0,0,0
CUST-00274,2025-08,121.38,0,0,0,0
CUST-00275,2025-08,301.84,0,1,0,0
CUST-00276,2025-08,82.83,0,0,0,0
CUST-00277,2025-08,159.67,0,1,0,0
CUST-00278,2025-08,178.37,0,0,1,0
CUST-00279,2025-08,199.37,0,1,0,0
CUST-00280,2025-08,148.17,0,0,0,0
CUST-00281,2025-08,155.21,0,0,1,0
CUST-00283,2025-08,152.95,0,0,0,0
CUST-00284,2025-08,183.33,0,1,0,0
CUST-00285,2025-08,51.27,0,0,0,0
CUST-00286,2025-08,1425.78,0,0,0,0
CUST-00287,2025-08,1122.45,0,1,0,0
CUST-00288,2025-08,3173.05,0,1,0,0
CUST-00289,2025-08,169.16,0,0,0,0
CUST-00290,2025-08,227.41,0,1,0,0
CUST-00292,2025-08,137.69,0,1,0,0
CUST-00293,2025-08,122.06,0,1,0,0
CUST-00294,2025-08,1247.39,0,0,0,0
CUST-00295,2025-08,362.43,0,1,0,0
CUST-00296,2025-08,57.77,0,0,1,0
CUST-00297,2025-08,124.57,0,0,0,0
CUST-00298,2025-08,256.79,0,1,0,0
CUST-00299,2025-08,198.43,0,0,0,0
CUST-00300,2025-08,133.32,0,1,0,0
CUST-00301,2025-08,925.09,0,0,0,0
CUST-00302,2025-08,235.08,0,0,1,0
CUST-00303,2025-08,51.71,0,0,0,0
CUST-00304,2025-08,218.01,0,0,0,0
CUST-00305,2025-08,120.02,0,0,1,0
CUST-00306,2025-08,1264.54,0,0,1,0
CUST-00307,2025-08,605.37,0,1,0,0
CUST-00309,2025-08,1294.43,0,0,0,0
CUST-00310,2025-08,49.55,0,1,0,0
CUST-00311,2025-08,257.29,0,1,0,0
CUST-00312,2025-08,117.11,0,0,0,0
CUST-00313,2025-08,178.7,0,0,0,0
CUST-00314,2025-08,151.9,0,1,0,0
CUST-00315,2025-08,229.21,0,0,0,0
CUST-00316,2025-08,971.43,0,1,0,0
CUST-00317,2025-08,206.21,0,0,0,0
CUST-00318,2025-08,169.61,0,0,0,0
CUST-00319,2025-08,46.28,0,0,0,0
CUST-00320,2025-08,159.56,0,1,0,0
CUST-00321,2025-08,157.65,0,0,0,0
CUST-00322,2025-08,210.94,0,0,0,0
CUST-00323,2025-08,237.73,0,0,0,0
CUST-00324,2025-08,1122.52,0,0,0,0
CUST-00325,2025-08,146.08,0,1,0,0
CUST-00326,2025-08,65.14,0,0,1,0
CUST-00327,2025-08,1142.12,0,0,1,0
CUST-00328,2025-08,237.98,0,0,1,0
CUST-00329,2025-08,43.12,0,1,0,0
CUST-00330,2025-08,236.89,0,0,0,0
CUST-00331,2025-08,153.51,0,0,0,0
CUST-00332,2025-08,45.88,0,0,0,0
CUST-00333,2025-08,259.85,0,1,0,0
CUST-00334,2025-08,108.96,0,0,0,0
CUST-00335,2025-08,212.14,0,1,0,0
CUST-00336,2025-08,128.49,0,1,0,0
CUST-00337,2025-08,232.86,0,0,0,0
CUST-00338,2025-08,258.89,0,1,0,0
CUST-00339,2025-08,136.2,0,0,0,0
CUST-00340,2025-08,903.58,0,0,0,0
CUST-00341,2025-08,482.37,0,1,0,0
CUST-00342,2025-08,114.82,0,0,1,0
CUST-00343,2025-08,51.7,0,0,1,0
CUST-00344,2025-08,297.15,0,1,0,0
CUST-00346,2025-08,170.18,0,1,0,0
CUST-00347,2025-08,142.37,0,1,0,0
CUST-00348,2025-08,230.62,1,0,0,0
CUST-00349,2025-08,214.83,1,0,0,0
CUST-00350,2025-08,197.38,1,0,0,0
CUST-00351,2025-08,153.86,1,0,0,0
CUST-00352,2025-08,216.06,1,0,0,0
CUST-00353,2025-08,252.53,1,0,0,0
CUST-00354,2025-08,323.64,1,0,0,0
CUST-00355,2025-08,124.95,1,0,0,0
CUST-00356,2025-08,157.98,1,0,0,0
CUST-00357,2025-08,42.05,1,0,0,0
CUST-00358,2025-08,228.75,1,0,0,0
CUST-00359,2025-08,136.59,1,0,0,0
CUST-00360,2025-08,174.06,1,0,0,0
CUST-00361,2025-08,155.21,1,0,0,0
CUST-00362,2025-08,88.68,1,0,0,0
CUST-00363,2025-08,242.14,1,0,0,0
CUST-00364,2025-08,213.82,1,0,0,0
CUST-00365,2025-08,69.21,1,0,0,0
CUST-00366,2025-08,638.73,1,0,0,0
CUST-00367,2025-08,218.63,1,0,0,0
CUST-00368,2025-08,156.9,1,0,0,0
CUST-00369,2025-08,353.46,1,0,0,0
CUST-00370,2025-08,1256.43,1,0,0,0
CUST-00371,2025-08,79.53,1,0,0,0
CUST-00372,2025-08,182.96,1,0,0,0
CUST-00373,2025-08,145.19,1,0,0,0
CUST-00374,2025-08,1049.76,1,0,0,0
CUST-00375,2025-08,236.82,1,0,0,0
CUST-00004,2025-09,362.29,0,0,0,0
CUST-00006,2025-09,53.07,0,1,0,0
CUST-00009,2025-09,246.98,0,1,0,0
CUST-00011,2025-09,104.16,0,0,0,0
CUST-00012,2025-09,128.96,0,0,0,0
CUST-00013,2025-09,2786.62,0,1,0,0
CUST-00014,2025-09,95.04,0,1,0,0
CUST-00015,2025-09,104.73,0,0,0,0
CUST-00016,2025-09,79.75,0,0,1,0
CUST-00021,2025-09,182.76,0,0,1,0
CUST-00022,2025-09,185.94,0,1,0,0
CUST-00024,2025-09,451.67,0,1,0,0
CUST-00027,2025-09,63.21,0,0,0,0
CUST-00029,2025-09,199.73,0,0,1,0
CUST-00030,2025-09,146.04,0,0,0,0
CUST-00032,2025-09,32.55,0,0,0,0
CUST-00037,2025-09,438.4,0,1,0,0
CUST-00038,2025-09,258.26,0,0,0,0
CUST-00039,2025-09,3832.54,0,1,0,0
CUST-00041,2025-09,276.28,0,0,1,0
CUST-00045,2025-09,322.89,0,0,1,0
CUST-00047,2025-09,58.33,0,1,0,0
CUST-00048,2025-09,259.49,0,0,1,0
CUST-00060,2025-09,122.13,0,0,1,0
CUST-00062,2025-09,422.76,0,0,0,0
CUST-00064,2025-09,1019.31,0,0,1,0
CUST-00066,2025-09,1076.69,0,0,0,0
CUST-00067,2025-09,486.98,0,0,0,0
CUST-00069,2025-09,272.49,0,0,1,0
CUST-00071,2025-09,5253.97,0,0,0,0
CUST-00072,2025-09,160.77,0,1,0,0
CUST-00074,2025-09,223.05,0,0,1,0
CUST-00075,2025-09,90.35,0,0,0,0
CUST-00076,2025-09,221.15,0,1,0,0
CUST-00077,2025-09,186.51,0,0,0,0
CUST-00078,2025-09,165.44,0,0,1,0
CUST-00082,2025-09,188.7,0,0,0,0
CUST-00085,2025-09,371.74,0,0,1,0
CUST-00087,2025-09,134.14,0,0,1,0
CUST-00088,2025-09,122.08,0,0,0,0
CUST-00091,2025-09,215.89,0,1,0,0
CUST-00092,2025-09,2374.75,0,1,0,0
CUST-00094,2025-09,4452.87,0,1,0,0
CUST-00095,2025-09,75.6,0,0,0,0
CUST-00096,2025-09,553.92,0,0,1,0
CUST-00098,2025-09,1337.35,0,0,0,0
CUST-00100,2025-09,371.57,0,1,0,0
CUST-00102,2025-09,172.95,0,0,0,0
CUST-00103,2025-09,404.61,0,1,0,0
CUST-00104,2025-09,180.21,0,0,1,0
CUST-00106,2025-09,186.24,0,0,1,0
CUST-00107,2025-09,304.2,0,0,1,0
CUST-00108,2025-09,80.78,0,1,0,0
CUST-00111,2025-09,154.37,0,0,0,0
CUST-00112,2025-09,107.41,0,0,1,0
CUST-00114,2025-09,93.47,0,1,0,0
CUST-00117,2025-09,218.41,0,0,0,0
CUST-00118,2025-09,579.42,0,0,0,0
CUST-00119,2025-09,96.93,0,0,0,0
CUST-00120,2025-09,3141.48,0,0,0,0
CUST-00122,2025-09,227.19,0,1,0,0
CUST-00123,2025-09,3942.56,0,0,0,0
CUST-00124,2025-09,157.32,0,0,0,1
CUST-00126,2025-09,277.82,0,1,0,0
CUST-00129,2025-09,200.67,0,0,1,0
CUST-00131,2025-09,1119.83,0,1,0,0
CUST-00133,2025-09,814.95,0,0,0,0
CUST-00135,2025-09,684.64,0,0,0,0
CUST-00136,2025-09,1356.74,0,1,0,0
CUST-00138,2025-09,156.47,0,1,0,0
CUST-00139,2025-09,255.78,0,0,0,0
CUST-00140,2025-09,1910.9,0,0,0,0
CUST-00141,2025-09,172.95,0,1,0,0
CUST-00142,2025-09,91.51,0,1,0,0
CUST-00143,2025-09,1481.34,0,1,0,0
CUST-00145,2025-09,34.48,0,0,0,0
CUST-00146,2025-09,996.49,0,1,0,0
CUST-00147,2025-09,269.31,0,0,1,0
CUST-00148,2025-09,130.48,0,1,0,0
CUST-00149,2025-09,72.58,0,0,0,0
CUST-00151,2025-09,299.72,0,1,0,0
CUST-00154,2025-09,743.64,0,1,0,0
CUST-00155,2025-09,3524.54,0,1,0,0
CUST-00156,2025-09,141.27,0,0,1,0
CUST-00157,2025-09,516.24,0,1,0,0
CUST-00161,2025-09,147.95,0,1,0,0
CUST-00162,2025-09,479.24,0,0,0,0
CUST-00163,2025-09,220.35,0,1,0,0
CUST-00165,2025-09,260.98,0,1,0,0
CUST-00166,2025-09,140.42,0,0,1,0
CUST-00168,2025-09,250.36,0,0,0,0
CUST-00169,2025-09,2744.88,0,1,0,0
CUST-00170,2025-09,408.59,0,0,0,0
CUST-00171,2025-09,479.64,0,0,1,0
CUST-00172,2025-09,2390.45,0,0,0,0
CUST-00173,2025-09,250.44,0,0,0,0
CUST-00174,2025-09,203.71,0,0,0,0
CUST-00176,2025-09,180.1,0,0,1,0
CUST-00177,2025-09,219.71,0,1,0,0
CUST-00178,2025-09,279.35,0,1,0,0
CUST-00179,2025-09,1382.32,0,1,0,0
CUST-00180,2025-09,269.98,0,0,0,0
CUST-00181,2025-09,238,0,0,0,0
CUST-00183,2025-09,143.66,0,1,0,0
CUST-00184,2025-09,146.59,0,0,0,0
CUST-00186,2025-09,108.19,0,0,1,0
CUST-00188,2025-09,1237.83,0,0,0,0
CUST-00189,2025-09,365.73,0,0,0,0
CUST-00190,2025-09,45.63,0,0,0,0
CUST-00192,2025-09,1907.8,0,0,0,0
CUST-00193,2025-09,163.09,0,0,0,0
CUST-00194,2025-09,114.16,0,1,0,0
CUST-00195,2025-09,78.49,0,1,0,0
CUST-00196,2025-09,89.57,0,0,1,0
CUST-00197,2025-09,72.15,0,1,0,0
CUST-00198,2025-09,2536.05,0,1,0,0
CUST-00199,2025-09,44.46,0,0,0,0
CUST-00200,2025-09,125.9,0,1,0,0
CUST-00201,2025-09,125.28,0,1,0,0
CUST-00202,2025-09,69.37,0,0,1,1
CUST-00204,2025-09,342.04,0,0,0,0
CUST-00205,2025-09,221.16,0,0,0,0
CUST-00206,2025-09,206.09,0,0,0,0
CUST-00207,2025-09,2222.82,0,0,0,0
CUST-00208,2025-09,2853.51,0,0,0,0
CUST-00209,2025-09,4022.68,0,0,0,0
CUST-00210,2025-09,274.43,0,1,0,0
CUST-00211,2025-09,75.72,0,0,1,0
CUST-00214,2025-09,115.73,0,0,1,0
CUST-00215,2025-09,192.52,0,0,0,0
CUST-00216,2025-09,131.2,0,1,0,0
CUST-00217,2025-09,57.48,0,1,0,0
CUST-00220,2025-09,85.32,0,0,0,0
CUST-00221,2025-09,2172.39,0,0,0,0
CUST-00222,2025-09,633.82,0,1,0,0
CUST-00223,2025-09,251.93,0,0,1,0
CUST-00224,2025-09,129.96,0,0,0,0
CUST-00226,2025-09,615.91,0,1,0,0
CUST-00227,2025-09,285.42,0,1,0,0
CUST-00229,2025-09,115.57,0,1,0,0
CUST-00230,2025-09,298.78,0,1,0,0
CUST-00231,2025-09,132.03,0,0,1,0
CUST-00233,2025-09,1197.23,0,0,0,0
CUST-00234,2025-09,89.09,0,0,1,0
CUST-00235,2025-09,2977.19,0,0,0,0
CUST-00236,2025-09,67.89,0,0,0,0
CUST-00238,2025-09,453.78,0,0,0,0
CUST-00239,2025-09,251.31,0,0,1,0
CUST-00240,2025-09,247.99,0,0,0,0
CUST-00241,2025-09,84.07,0,1,0,0
CUST-00242,2025-09,241.47,0,1,0,0
CUST-00244,2025-09,91.64,0,1,0,0
CUST-00245,2025-09,294.23,0,0,0,0
CUST-00247,2025-09,313.07,0,1,0,0
CUST-00248,2025-09,727.25,0,1,0,0
CUST-00249,2025-09,971.21,0,1,0,0
CUST-00250,2025-09,252.84,0,0,0,0
CUST-00251,2025-09,1159.95,0,1,0,0
CUST-00253,2025-09,54.56,0,1,0,0
CUST-00254,2025-09,109.45,0,0,0,0
CUST-00255,2025-09,251.62,0,0,1,0
CUST-00256,2025-09,138.58,0,1,0,0
CUST-00257,2025-09,2794.02,0,1,0,0
CUST-00258,2025-09,142.16,0,1,0,0
CUST-00259,2025-09,1389.38,0,0,0,0
CUST-00260,2025-09,338.35,0,1,0,0
CUST-00261,2025-09,1490.94,0,1,0,0
CUST-00262,2025-09,204.76,0,0,1,0
CUST-00264,2025-09,170.59,0,0,0,0
CUST-00265,2025-09,49.78,0,0,1,0
CUST-00266,2025-09,145.39,0,0,0,0
CUST-00267,2025-09,238.78,0,1,0,0
CUST-00268,2025-09,196.17,0,0,0,0
CUST-00269,2025-09,139.39,0,1,0,0
CUST-00270,2025-09,996.91,0,1,0,0
CUST-00271,2025-09,37.73,0,0,1,0
CUST-00272,2025-09,233.74,0,1,0,0
CUST-00273,2025-09,3513.36,0,1,0,0
CUST-00274,2025-09,126.28,0,1,0,0
CUST-00275,2025-09,312.3,0,1,0,0
CUST-00276,2025-09,81.93,0,0,0,0
CUST-00277,2025-09,162.37,0,0,0,0
CUST-00278,2025-09,185.66,0,1,0,0
CUST-00279,2025-09,195.32,0,0,1,0
CUST-00280,2025-09,145.01,0,0,1,0
CUST-00281,2025-09,215.28,0,1,0,0
CUST-00283,2025-09,149.2,0,0,1,0
CUST-00284,2025-09,180.39,0,0,0,0
CUST-00285,2025-09,53.76,0,1,0,0
CUST-00286,2025-09,1437.14,0,0,0,0
CUST-00287,2025-09,1165.28,0,1,0,0
CUST-00288,2025-09,3201.17,0,0,0,0
CUST-00289,2025-09,167.81,0,0,0,0
CUST-00290,2025-09,227.52,0,0,0,0
CUST-00292,2025-09,132.27,0,0,1,0
CUST-00293,2025-09,119.67,0,0,0,0
CUST-00294,2025-09,1295.42,0,1,0,0
CUST-00295,2025-09,359.54,0,0,0,0
CUST-00296,2025-09,58.89,0,0,0,0
CUST-00297,2025-09,123.35,0,0,0,0
CUST-00298,2025-09,262.77,0,1,0,0
CUST-00299,2025-09,197.35,0,0,0,0
CUST-00300,2025-09,137.01,0,1,0,0
CUST-00301,2025-09,909.37,0,0,0,0
CUST-00302,2025-09,238.16,0,0,0,0
CUST-00303,2025-09,53.42,0,1,0,0
CUST-00304,2025-09,213.88,0,0,0,0
CUST-00305,2025-09,127.11,0,1,0,0
CUST-00306,2025-09,1290.12,0,1,0,0
CUST-00307,2025-09,614.11,0,0,0,0
CUST-00309,2025-09,1327.3,0,1,0,0
CUST-00310,2025-09,48.87,0,0,0,0
CUST-00311,2025-09,247.12,0,0,1,0
CUST-00312,2025-09,135.8,0,1,0,0
CUST-00313,2025-09,187.15,0,1,0,0
CUST-00314,2025-09,181.09,0,1,0,0
CUST-00315,2025-09,242.06,0,1,0,0
CUST-00316,2025-09,958.56,0,0,0,0
CUST-00317,2025-09,217.18,0,1,0,0
CUST-00318,2025-09,168.17,0,0,0,0
CUST-00319,2025-09,46.55,0,0,0,0
CUST-00320,2025-09,164.21,0,1,0,0
CUST-00321,2025-09,166.15,0,1,0,0
CUST-00322,2025-09,209.44,0,0,0,0
CUST-00323,2025-09,240.96,0,0,0,0
CUST-00324,2025-09,1123.91,0,0,0,0
CUST-00325,2025-09,147.14,0,0,0,0
CUST-00326,2025-09,65.01,0,0,0,0
CUST-00327,2025-09,1192.78,0,1,0,0
CUST-00328,2025-09,234.89,0,0,0,1
CUST-00329,2025-09,44.49,0,1,0,0
CUST-00330,2025-09,232.37,0,0,0,0
CUST-00331,2025-09,189.35,0,1,0,0
CUST-00332,2025-09,46.61,0,0,0,0
CUST-00333,2025-09,191.18,0,0,1,0
CUST-00334,2025-09,110.45,0,0,0,0
CUST-00335,2025-09,203.93,0,0,1,0
CUST-00336,2025-09,125.2,0,0,1,0
CUST-00337,2025-09,224.21,0,0,1,0
CUST-00338,2025-09,254.75,0,0,0,0
CUST-00339,2025-09,132.2,0,0,1,0
CUST-00340,2025-09,894.2,0,0,0,0
CUST-00341,2025-09,503.25,0,1,0,0
CUST-00342,2025-09,113.39,0,0,0,0
CUST-00343,2025-09,54.12,0,1,0,0
CUST-00344,2025-09,307.89,0,1,0,0
CUST-00346,2025-09,177.16,0,1,0,0
CUST-00347,2025-09,147.52,0,1,0,0
CUST-00348,2025-09,226.37,0,0,0,0
CUST-00349,2025-09,213.98,0,0,0,0
CUST-00350,2025-09,204.65,0,1,0,1
CUST-00351,2025-09,158.01,0,1,0,0
CUST-00352,2025-09,228.98,0,1,0,0
CUST-00353,2025-09,254.85,0,0,0,0
CUST-00354,2025-09,335.16,0,1,0,0
CUST-00355,2025-09,130.68,0,1,0,0
CUST-00356,2025-09,166.55,0,1,0,0
CUST-00357,2025-09,44.11,0,1,0,0
CUST-00358,2025-09,229.94,0,0,0,0
CUST-00359,2025-09,142.28,0,1,0,0
CUST-00360,2025-09,167.69,0,0,1,0
CUST-00361,2025-09,155.09,0,0,0,0
CUST-00362,2025-09,86.37,0,0,1,1
CUST-00363,2025-09,248.61,0,1,0,0
CUST-00364,2025-09,221.99,0,1,0,0
CUST-00365,2025-09,67.41,0,0,1,0
CUST-00366,2025-09,620.87,0,0,1,0
CUST-00367,2025-09,220.16,0,0,0,1
CUST-00368,2025-09,154.68,0,0,0,0
CUST-00369,2025-09,353.45,0,0,0,0
CUST-00370,2025-09,1260.77,0,0,0,0
CUST-00371,2025-09,81.12,0,0,0,0
CUST-00372,2025-09,185.22,0,0,0,0
CUST-00373,2025-09,152.4,0,1,0,0
CUST-00374,2025-09,1054.56,0,0,0,0
CUST-00375,2025-09,227.91,0,0,1,0
CUST-00376,2025-09,57.72,1,0,0,0
CUST-00377,2025-09,707.55,1,0,0,0
CUST-00378,2025-09,921.11,1,0,0,0
CUST-00379,2025-09,78.62,1,0,0,0
CUST-00380,2025-09,247.67,1,0,0,0
CUST-00381,2025-09,250.31,1,0,0,0
CUST-00382,2025-09,223.13,1,0,0,0
CUST-00383,2025-09,65.88,1,0,0,0
CUST-00384,2025-09,44.04,1,0,0,1
CUST-00385,2025-09,1000.44,1,0,0,0
CUST-00386,2025-09,158.38,1,0,0,0
CUST-00387,2025-09,256.89,1,0,0,0
CUST-00388,2025-09,101.41,1,0,0,0
CUST-00389,2025-09,189.23,1,0,0,0
CUST-00390,2025-09,844.64,1,0,0,0
CUST-00391,2025-09,1273.99,1,0,0,0
CUST-00392,2025-09,236.11,1,0,0,1
CUST-00393,2025-09,820.43,1,0,0,0
CUST-00394,2025-09,249.01,1,0,0,0
CUST-00395,2025-09,231.31,1,0,0,0
CUST-00396,2025-09,438.64,1,0,0,0
CUST-00397,2025-09,133.96,1,0,0,0
CUST-00398,2025-09,114.2,1,0,0,0
CUST-00399,2025-09,71.52,1,0,0,0
CUST-00400,2025-09,104.52,1,0,0,0
CUST-00401,2025-09,239.67,1,0,0,0
CUST-00402,2025-09,137.4,1,0,0,0
CUST-00403,2025-09,179.01,1,0,0,0
CUST-00404,2025-09,921.82,1,0,0,0
CUST-00405,2025-09,87.5,1,0,0,0
CUST-00406,2025-09,923.34,1,0,0,0
CUST-00407,2025-09,98.93,1,0,0,0
CUST-00004,2025-10,366.54,0,0,0,0
CUST-00006,2025-10,54.56,0,1,0,0
CUST-00009,2025-10,247.1,0,0,0,0
CUST-00011,2025-10,110.32,0,1,0,0
CUST-00012,2025-10,127.42,0,0,0,0
CUST-00013,2025-10,2488.43,0,0,1,0
CUST-00014,2025-10,73.39,0,0,1,0
CUST-00015,2025-10,104.37,0,0,0,0
CUST-00016,2025-10,78.78,0,0,0,0
CUST-00021,2025-10,178.47,0,0,1,0
CUST-00022,2025-10,182.38,0,0,0,0
CUST-00024,2025-10,445.49,0,0,0,0
CUST-00027,2025-10,71.27,0,1,0,0
CUST-00029,2025-10,200.28,0,0,0,0
CUST-00030,2025-10,145.81,0,0,0,0
CUST-00032,2025-10,33.13,0,0,0,1
CUST-00037,2025-10,464.44,0,1,0,0
CUST-00038,2025-10,258.39,0,0,0,0
CUST-00039,2025-10,3894.37,0,0,0,0
CUST-00041,2025-10,273.79,0,0,0,0
CUST-00045,2025-10,319.58,0,0,0,0
CUST-00047,2025-10,59.91,0,1,0,0
CUST-00048,2025-10,257.45,0,0,0,0
CUST-00060,2025-10,122.24,0,0,0,0
CUST-00062,2025-10,422.49,0,0,0,0
CUST-00064,2025-10,1020.47,0,0,0,0
CUST-00066,2025-10,1118.14,0,1,0,0
CUST-00067,2025-10,479.69,0,0,0,0
CUST-00069,2025-10,262.9,0,0,1,0
CUST-00071,2025-10,5485.28,0,1,0,0
CUST-00072,2025-10,157.78,0,0,0,0
CUST-00074,2025-10,220.81,0,0,0,0
CUST-00075,2025-10,93.41,0,1,0,0
CUST-00076,2025-10,216.21,0,0,1,0
CUST-00077,2025-10,184.31,0,0,0,0
CUST-00078,2025-10,175.31,0,1,0,0
CUST-00082,2025-10,197.9,0,1,0,0
CUST-00085,2025-10,364.3,0,0,1,0
CUST-00087,2025-10,180.64,0,1,0,0
CUST-00088,2025-10,129.36,0,1,0,0
CUST-00091,2025-10,154,0,0,1,0
CUST-00092,2025-10,2393.05,0,0,0,0
CUST-00094,2025-10,4631.5,0,1,0,0
CUST-00095,2025-10,74.97,0,0,0,0
CUST-00096,2025-10,578.94,0,1,0,0
CUST-00098,2025-10,1306.02,0,0,1,0
CUST-00100,2025-10,384.29,0,1,0,0
CUST-00102,2025-10,180.4,0,1,0,0
CUST-00103,2025-10,302.76,0,0,1,0
CUST-00104,2025-10,174.8,0,0,1,0
CUST-00106,2025-10,218.15,0,1,0,0
CUST-00107,2025-10,306.35,0,0,0,0
CUST-00108,2025-10,54.53,0,0,1,0
CUST-00111,2025-10,150.46,0,0,1,0
CUST-00112,2025-10,113.53,0,1,0,0
CUST-00114,2025-10,98.31,0,1,0,0
CUST-00117,2025-10,210.75,0,0,1,1
CUST-00118,2025-10,573.59,0,0,0,0
CUST-00119,2025-10,97.62,0,0,0,0
CUST-00120,2025-10,3496.91,0,1,0,0
CUST-00122,2025-10,226.9,0,0,0,0
CUST-00123,2025-10,4110.97,0,1,0,0
CUST-00126,2025-10,273.23,0,0,0,0
CUST-00129,2025-10,209.98,0,1,0,0
CUST-00131,2025-10,1114.39,0,0,0,0
CUST-00133,2025-10,812.92,0,0,0,0
CUST-00135,2025-10,875.98,0,1,0,0
CUST-00136,2025-10,1317.8,0,0,1,0
CUST-00138,2025-10,159.59,0,0,0,0
CUST-00139,2025-10,258.7,0,0,0,0
CUST-00140,2025-10,1873.94,0,0,0,0
CUST-00141,2025-10,219.89,0,1,0,0
CUST-00142,2025-10,92.43,0,0,0,0
CUST-00143,2025-10,1518.32,0,1,0,0
CUST-00145,2025-10,35.05,0,0,0,0
CUST-00146,2025-10,992.59,0,0,0,0
CUST-00147,2025-10,281.95,0,1,0,0
CUST-00148,2025-10,153.29,0,1,0,0
CUST-00149,2025-10,69.74,0,0,1,0
CUST-00151,2025-10,297.44,0,0,0,0
CUST-00154,2025-10,747.09,0,0,0,0
CUST-00155,2025-10,3577.26,0,0,0,0
CUST-00156,2025-10,144.09,0,0,0,0
CUST-00157,2025-10,531.59,0,1,0,0
CUST-00161,2025-10,151.03,0,1,0,0
CUST-00162,2025-10,471.87,0,0,0,0
CUST-00163,2025-10,215.93,0,0,1,0
CUST-00165,2025-10,273.03,0,1,0,0
CUST-00166,2025-10,141.86,0,0,0,0
CUST-00168,2025-10,247.77,0,0,0,0
CUST-00169,2025-10,2783.65,0,0,0,0
CUST-00170,2025-10,431.44,0,1,0,0
CUST-00171,2025-10,474.86,0,0,0,0
CUST-00172,2025-10,2441.12,0,1,0,0
CUST-00173,2025-10,240.88,0,0,1,0
CUST-00174,2025-10,212.21,0,1,0,0
CUST-00176,2025-10,186.73,0,1,0,0
CUST-00177,2025-10,218.67,0,0,0,0
CUST-00178,2025-10,288.39,0,1,0,0
CUST-00179,2025-10,1358.81,0,0,0,0
CUST-00180,2025-10,260.53,0,0,1,0
CUST-00181,2025-10,228.77,0,0,1,0
CUST-00183,2025-10,148.45,0,1,0,0
CUST-00184,2025-10,143.77,0,0,0,0
CUST-00186,2025-10,105.09,0,0,1,0
CUST-00188,2025-10,1241.78,0,0,0,0
CUST-00189,2025-10,382.41,0,1,0,0
CUST-00190,2025-10,47.33,0,1,0,0
CUST-00192,2025-10,1980.84,0,1,0,0
CUST-00193,2025-10,168.03,0,1,0,0
CUST-00194,2025-10,113.33,0,0,0,0
CUST-00195,2025-10,81.92,0,1,0,0
CUST-00196,2025-10,86.89,0,0,1,0
CUST-00197,2025-10,69.74,0,0,1,0
CUST-00198,2025-10,2588.44,0,1,0,0
CUST-00199,2025-10,45.58,0,1,0,0
CUST-00200,2025-10,129.33,0,1,0,0
CUST-00201,2025-10,127.36,0,0,0,0
CUST-00204,2025-10,356.3,0,1,0,1
CUST-00205,2025-10,301.56,0,1,0,0
CUST-00206,2025-10,203.43,0,0,0,0
CUST-00207,2025-10,2207.24,0,0,0,0
CUST-00208,2025-10,3267.61,0,1,0,0
CUST-00209,2025-10,4144.19,0,1,0,0
CUST-00210,2025-10,280.97,0,1,0,0
CUST-00211,2025-10,76.88,0,0,0,0
CUST-00214,2025-10,120.93,0,1,0,0
CUST-00215,2025-10,197.19,0,1,0,0
CUST-00216,2025-10,126.38,0,0,1,0
CUST-00217,2025-10,59.91,0,1,0,0
CUST-00220,2025-10,89.76,0,1,0,0
CUST-00221,2025-10,2213.97,0,0,0,0
CUST-00222,2025-10,646.67,0,1,0,0
CUST-00223,2025-10,253.55,0,0,0,0
CUST-00224,2025-10,132.93,0,1,0,0
CUST-00226,2025-10,614.24,0,0,0,0
CUST-00227,2025-10,289.56,0,0,0,0
CUST-00229,2025-10,111.66,0,0,1,0
CUST-00230,2025-10,307.36,0,1,0,0
CUST-00231,2025-10,138.85,0,1,0,0
CUST-00233,2025-10,1188.22,0,0,0,0
CUST-00234,2025-10,91.3,0,1,0,0
CUST-00235,2025-10,2971.79,0,0,0,0
CUST-00236,2025-10,68.56,0,0,0,0
CUST-00238,2025-10,464.38,0,1,0,0
CUST-00239,2025-10,256.45,0,1,0,0
CUST-00240,2025-10,255.98,0,1,0,0
CUST-00241,2025-10,87.27,0,1,0,0
CUST-00242,2025-10,250.27,0,1,0,0
CUST-00244,2025-10,94.53,0,1,0,0
CUST-00245,2025-10,310.54,0,1,0,0
CUST-00247,2025-10,309.08,0,0,0,0
CUST-00248,2025-10,722.61,0,0,0,0
CUST-00249,2025-10,1194.55,0,1,0,0
CUST-00250,2025-10,252.64,0,0,0,0
CUST-00251,2025-10,1140.63,0,0,0,0
CUST-00253,2025-10,56.09,0,1,0,0
CUST-00254,2025-10,105.35,0,0,1,0
CUST-00255,2025-10,259.29,0,1,0,0
CUST-00256,2025-10,133.99,0,0,1,0
CUST-00257,2025-10,2871.71,0,1,0,0
CUST-00258,2025-10,142.05,0,0,0,0
CUST-00259,2025-10,1397.22,0,0,0,0
CUST-00260,2025-10,357.52,0,1,0,0
CUST-00261,2025-10,1540.89,0,1,0,1
CUST-00262,2025-10,203.7,0,0,0,0
CUST-00264,2025-10,175.17,0,1,0,0
CUST-00265,2025-10,50.2,0,0,0,0
CUST-00266,2025-10,145.03,0,0,0,0
CUST-00267,2025-10,230.18,0,0,1,0
CUST-00268,2025-10,190.97,0,0,1,0
CUST-00269,2025-10,139.42,0,0,0,0
CUST-00270,2025-10,1000.32,0,0,0,0
CUST-00271,2025-10,38.19,0,0,0,0
CUST-00272,2025-10,229.55,0,0,0,0
CUST-00273,2025-10,3613.27,0,1,0,0
CUST-00274,2025-10,126.13,0,0,0,0
CUST-00275,2025-10,318.45,0,0,0,0
CUST-00276,2025-10,79.25,0,0,1,0
CUST-00277,2025-10,159.18,0,0,0,0
CUST-00278,2025-10,193.2,0,1,0,0
CUST-00279,2025-10,202.65,0,1,0,0
CUST-00280,2025-10,141.56,0,0,1,0
CUST-00281,2025-10,221.49,0,1,0,0
CUST-00283,2025-10,148.06,0,0,0,0
CUST-00284,2025-10,179.63,0,0,0,0
CUST-00285,2025-10,55.63,0,1,0,0
CUST-00286,2025-10,1490.63,0,1,0,0
CUST-00287,2025-10,1154.98,0,0,0,1
CUST-00288,2025-10,3175.75,0,0,0,0
CUST-00289,2025-10,174.1,0,1,0,0
CUST-00290,2025-10,238.76,0,1,0,0
CUST-00292,2025-10,135.81,0,1,0,0
CUST-00293,2025-10,119.38,0,0,0,0
CUST-00294,2025-10,1316.39,0,0,0,0
CUST-00295,2025-10,371.02,0,1,0,0
CUST-00296,2025-10,60.89,0,1,0,0
CUST-00297,2025-10,121.55,0,0,0,0
CUST-00298,2025-10,276.74,0,1,0,0
CUST-00299,2025-10,197.6,0,0,0,0
CUST-00300,2025-10,191.1,0,1,0,0
CUST-00301,2025-10,903.2,0,0,0,0
CUST-00302,2025-10,234.44,0,0,0,0
CUST-00303,2025-10,55.88,0,1,0,0
CUST-00304,2025-10,219.06,0,1,0,0
CUST-00305,2025-10,122.61,0,0,1,0
CUST-00306,2025-10,1322.66,0,1,0,0
CUST-00307,2025-10,734.78,0,1,0,0
CUST-00309,2025-10,1358.26,0,1,0,0
CUST-00310,2025-10,50.04,0,1,0,0
CUST-00311,2025-10,242.9,0,0,0,0
CUST-00312,2025-10,138.61,0,1,0,0
CUST-00313,2025-10,257.88,0,1,0,0
CUST-00314,2025-10,177.71,0,0,0,0
CUST-00315,2025-10,238.86,0,0,0,0
CUST-00316,2025-10,938.79,0,0,1,0
CUST-00317,2025-10,217.66,0,0,0,0
CUST-00318,2025-10,166.46,0,0,0,0
CUST-00319,2025-10,48.16,0,1,0,0
CUST-00320,2025-10,167.12,0,0,0,0
CUST-00321,2025-10,173.4,0,1,0,0
CUST-00322,2025-10,206.07,0,0,0,0
CUST-00323,2025-10,231.63,0,0,1,0
CUST-00324,2025-10,1165.48,0,1,0,0
CUST-00325,2025-10,152.41,0,1,0,0
CUST-00326,2025-10,68.55,0,1,0,0
CUST-00327,2025-10,1237.14,0,1,0,0
CUST-00329,2025-10,44.92,0,0,0,0
CUST-00330,2025-10,243.65,0,1,0,0
CUST-00331,2025-10,183.44,0,0,1,0
CUST-00332,2025-10,48.04,0,1,0,0
CUST-00333,2025-10,189.06,0,0,0,0
CUST-00334,2025-10,113.44,0,1,0,0
CUST-00335,2025-10,200.21,0,0,0,0
CUST-00336,2025-10,122.57,0,0,1,0
CUST-00337,2025-10,225.57,0,0,0,0
CUST-00338,2025-10,269.73,0,1,0,0
CUST-00339,2025-10,133.73,0,0,0,0
CUST-00340,2025-10,903.75,0,0,0,0
CUST-00341,2025-10,522.45,0,1,0,0
CUST-00342,2025-10,112.85,0,0,0,0
CUST-00343,2025-10,52.85,0,0,1,0
CUST-00344,2025-10,308.92,0,0,0,0
CUST-00346,2025-10,173.96,0,0,0,0
CUST-00347,2025-10,145.08,0,0,0,0
CUST-00348,2025-10,230,0,0,0,0
CUST-00349,2025-10,221.83,0,1,0,0
CUST-00351,2025-10,157.04,0,0,0,0
CUST-00352,2025-10,223.56,0,0,1,0
CUST-00353,2025-10,264.44,0,1,0,1
CUST-00354,2025-10,422.77,0,1,0,0
CUST-00355,2025-10,126.17,0,0,1,0
CUST-00356,2025-10,161.25,0,0,1,0
CUST-00357,2025-10,44.58,0,0,0,0
CUST-00358,2025-10,239.26,0,1,0,0
CUST-00359,2025-10,139.71,0,0,0,0
CUST-00360,2025-10,171.26,0,1,0,0
CUST-00361,2025-10,99.51,0,0,1,0
CUST-00363,2025-10,241.2,0,0,1,0
CUST-00364,2025-10,213.44,0,0,1,0
CUST-00365,2025-10,68.52,0,0,0,0
CUST-00366,2025-10,526.98,0,0,1,0
CUST-00368,2025-10,160.16,0,1,0,0
CUST-00369,2025-10,369.34,0,1,0,0
CUST-00370,2025-10,1228.27,0,0,1,0
CUST-00371,2025-10,84.3,0,1,0,0
CUST-00372,2025-10,188.18,0,0,0,0
CUST-00373,2025-10,152.12,0,0,0,0
CUST-00374,2025-10,1095.92,0,1,0,0
CUST-00375,2025-10,239.17,0,1,0,0
CUST-00376,2025-10,59.82,0,1,0,0
CUST-00377,2025-10,688.74,0,0,1,0
CUST-00378,2025-10,956.6,0,1,0,0
CUST-00379,2025-10,77.85,0,0,0,0
CUST-00380,2025-10,244,0,0,0,0
CUST-00381,2025-10,258.59,0,1,0,0
CUST-00382,2025-10,221.58,0,0,0,0
CUST-00383,2025-10,64.12,0,0,1,0
CUST-00385,2025-10,986.07,0,0,0,0
CUST-00386,2025-10,158.81,0,0,0,0
CUST-00387,2025-10,160.28,0,0,1,0
CUST-00388,2025-10,132.55,0,1,0,0
CUST-00389,2025-10,199.43,0,1,0,0
CUST-00390,2025-10,820.21,0,0,1,0
CUST-00391,2025-10,1299.13,0,0,0,0
CUST-00393,2025-10,815.64,0,0,0,0
CUST-00394,2025-10,240.3,0,0,1,0
CUST-00395,2025-10,227.33,0,0,0,1
CUST-00396,2025-10,451.74,0,1,0,0
CUST-00397,2025-10,140.63,0,1,0,0
CUST-00398,2025-10,116.5,0,1,0,0
CUST-00399,2025-10,69.27,0,0,1,0
CUST-00400,2025-10,106.5,0,0,0,0
CUST-00401,2025-10,251.98,0,1,0,0
CUST-00402,2025-10,139.31,0,0,0,0
CUST-00403,2025-10,184.55,0,1,0,0
CUST-00404,2025-10,921.95,0,0,0,0
CUST-00405,2025-10,86.92,0,0,0,0
CUST-00406,2025-10,1193.7,0,1,0,0
CUST-00407,2025-10,104.85,0,1,0,0
CUST-00408,2025-10,57.75,1,0,0,0
CUST-00409,2025-10,1282.42,1,0,0,0
CUST-00410,2025-10,238.82,1,0,0,0
CUST-00411,2025-10,56.67,1,0,0,0
CUST-00412,2025-10,164.13,1,0,0,0
CUST-00413,2025-10,254.07,1,0,0,0
CUST-00414,2025-10,2902.54,1,0,0,0
CUST-00415,2025-10,186.26,1,0,0,0
CUST-00416,2025-10,98.31,1,0,0,0
CUST-00417,2025-10,68.69,1,0,0,0
CUST-00418,2025-10,93.92,1,0,0,0
CUST-00419,2025-10,77.57,1,0,0,0
CUST-00420,2025-10,3772.56,1,0,0,0
CUST-00421,2025-10,215.34,1,0,0,0
CUST-00422,2025-10,57.43,1,0,0,1
CUST-00423,2025-10,211.61,1,0,0,0
CUST-00424,2025-10,42.35,1,0,0,0
CUST-00425,2025-10,142.55,1,0,0,0
CUST-00426,2025-10,166.1,1,0,0,0
CUST-00427,2025-10,160.08,1,0,0,0
CUST-00004,2025-11,385.81,0,1,0,0
CUST-00006,2025-11,57.41,0,1,0,0
CUST-00009,2025-11,260.67,0,1,0,0
CUST-00011,2025-11,112.77,0,1,0,0
CUST-00012,2025-11,129.5,0,0,0,0
CUST-00013,2025-11,2566.56,0,1,0,0
CUST-00014,2025-11,72.14,0,0,0,0
CUST-00015,2025-11,105.24,0,0,0,0
CUST-00016,2025-11,81.61,0,1,0,0
CUST-00021,2025-11,177.23,0,0,0,0
CUST-00022,2025-11,176.06,0,0,1,0
CUST-00024,2025-11,429.04,0,0,1,0
CUST-00027,2025-11,72.71,0,1,0,0
CUST-00029,2025-11,193.03,0,0,1,0
CUST-00030,2025-11,149.38,0,1,0,0
CUST-00037,2025-11,458.18,0,0,0,0
CUST-00038,2025-11,250.63,0,0,1,0
CUST-00039,2025-11,3981.41,0,1,0,0
CUST-00041,2025-11,283.4,0,1,0,0
CUST-00045,2025-11,338.58,0,1,0,1
CUST-00047,2025-11,60.3,0,0,0,0
CUST-00048,2025-11,265.09,0,1,0,0
CUST-00060,2025-11,128.7,0,1,0,0
CUST-00062,2025-11,496.08,0,1,0,0
CUST-00064,2025-11,1039.01,0,0,0,0
CUST-00066,2025-11,1098.56,0,0,0,0
CUST-00067,2025-11,499.2,0,1,0,0
CUST-00069,2025-11,175.87,0,0,1,0
CUST-00071,2025-11,5587.92,0,0,0,0
CUST-00072,2025-11,164.08,0,1,0,0
CUST-00074,2025-11,232.9,0,1,0,0
CUST-00075,2025-11,98.74,0,1,0,0
CUST-00076,2025-11,228.39,0,1,0,0
CUST-00077,2025-11,179.43,0,0,1,0
CUST-00078,2025-11,169.99,0,0,1,0
CUST-00082,2025-11,271.93,0,1,0,0
CUST-00085,2025-11,369.99,0,0,0,0
CUST-00087,2025-11,182.13,0,0,0,0
CUST-00088,2025-11,125.46,0,0,1,0
CUST-00091,2025-11,150.07,0,0,1,0
CUST-00092,2025-11,2363.28,0,0,0,0
CUST-00094,2025-11,4752.75,0,1,0,0
CUST-00095,2025-11,72.5,0,0,1,0
CUST-00096,2025-11,574.72,0,0,0,0
CUST-00098,2025-11,1283.38,0,0,0,0
CUST-00100,2025-11,403.75,0,1,0,0
CUST-00102,2025-11,181.2,0,0,0,0
CUST-00103,2025-11,318.74,0,1,0,0
CUST-00104,2025-11,180.9,0,1,0,0
CUST-00106,2025-11,229.28,0,1,0,0
CUST-00107,2025-11,307.26,0,0,0,0
CUST-00108,2025-11,54.85,0,0,0,0
CUST-00111,2025-11,152.95,0,0,0,0
CUST-00112,2025-11,110.62,0,0,1,0
CUST-00114,2025-11,102.37,0,1,0,0
CUST-00118,2025-11,641.22,0,1,0,0
CUST-00119,2025-11,99.1,0,0,0,0
CUST-00120,2025-11,3565.41,0,0,0,0
CUST-00122,2025-11,240.13,0,1,0,0
CUST-00123,2025-11,4161.96,0,0,0,0
CUST-00126,2025-11,265.33,0,0,1,0
CUST-00129,2025-11,214.54,0,1,0,0
CUST-00131,2025-11,1150.53,0,1,0,0
CUST-00133,2025-11,846.42,0,1,0,0
CUST-00135,2025-11,895.4,0,1,0,0
CUST-00136,2025-11,1368.65,0,1,0,0
CUST-00138,2025-11,168.7,0,1,0,0
CUST-00139,2025-11,253.61,0,0,0,0
CUST-00140,2025-11,1961.03,0,1,0,0
CUST-00141,2025-11,225.07,0,1,0,0
CUST-00142,2025-11,92.57,0,0,0,0
CUST-00143,2025-11,1546.11,0,0,0,0
CUST-00145,2025-11,34.53,0,0,0,0
CUST-00146,2025-11,1031.05,0,1,0,0
CUST-00147,2025-11,281.35,0,0,0,0
CUST-00148,2025-11,149.52,0,0,1,0
CUST-00149,2025-11,71.92,0,1,0,0
CUST-00151,2025-11,299.42,0,0,0,0
CUST-00154,2025-11,725.87,0,0,1,0
CUST-00155,2025-11,2838,0,0,1,0
CUST-00156,2025-11,141.83,0,0,0,1
CUST-00157,2025-11,472.99,0,0,1,0
CUST-00161,2025-11,156.67,0,1,0,0
CUST-00162,2025-11,464.22,0,0,0,0
CUST-00163,2025-11,214.96,0,0,0,0
CUST-00165,2025-11,265.52,0,0,1,0
CUST-00166,2025-11,141.45,0,0,0,0
CUST-00168,2025-11,243.05,0,0,0,0
CUST-00169,2025-11,2830.44,0,0,0,0
CUST-00170,2025-11,454.87,0,1,0,0
CUST-00171,2025-11,488.06,0,1,0,0
CUST-00172,2025-11,2434.61,0,0,0,0
CUST-00173,2025-11,241.36,0,0,0,0
CUST-00174,2025-11,205.11,0,0,1,0
CUST-00176,2025-11,193.84,0,1,0,0
CUST-00177,2025-11,225.17,0,1,0,0
CUST-00178,2025-11,291.54,0,0,0,0
CUST-00179,2025-11,1334.61,0,0,0,0
CUST-00180,2025-11,272.54,0,1,0,0
CUST-00181,2025-11,234.58,0,1,0,0
CUST-00183,2025-11,150.11,0,0,0,0
CUST-00184,2025-11,148.43,0,1,0,0
CUST-00186,2025-11,75.69,0,0,1,0
CUST-00188,2025-11,1268.11,0,1,0,0
CUST-00189,2025-11,378.22,0,0,0,0
CUST-00190,2025-11,46.07,0,0,1,0
CUST-00192,2025-11,1963.15,0,0,0,0
CUST-00193,2025-11,165.7,0,0,0,0
CUST-00194,2025-11,108.86,0,0,1,0
CUST-00195,2025-11,80.5,0,0,0,0
CUST-00196,2025-11,91.48,0,1,0,0
CUST-00197,2025-11,72.37,0,1,0,0
CUST-00198,2025-11,2664.45,0,1,0,0
CUST-00199,2025-11,45.93,0,0,0,0
CUST-00200,2025-11,135.18,0,1,0,0
CUST-00201,2025-11,131.21,0,1,0,0
CUST-00205,2025-11,304.08,0,0,0,0
CUST-00206,2025-11,210.19,0,1,0,0
CUST-00207,2025-11,1660.52,0,0,1,0
CUST-00208,2025-11,3331.42,0,0,0,0
CUST-00209,2025-11,4176.42,0,0,0,0
CUST-00210,2025-11,277.53,0,0,0,0
CUST-00211,2025-11,80.37,0,1,0,0
CUST-00214,2025-11,117.94,0,0,1,0
CUST-00215,2025-11,205.43,0,1,0,0
CUST-00216,2025-11,125.9,0,0,0,0
CUST-00217,2025-11,59.73,0,0,0,0
CUST-00220,2025-11,86.88,0,0,1,0
CUST-00221,2025-11,2215.23,0,0,0,0
CUST-00222,2025-11,663.46,0,1,0,0
CUST-00223,2025-11,266.02,0,1,0,0
CUST-00224,2025-11,131.11,0,0,0,0
CUST-00226,2025-11,681.78,0,1,0,0
CUST-00227,2025-11,302.41,0,1,0,0
CUST-00229,2025-11,108.8,0,0,1,0
CUST-00230,2025-11,313.89,0,1,0,0
CUST-00231,2025-11,135.71,0,0,1,0
CUST-00233,2025-11,1164.05,0,0,1,0
CUST-00234,2025-11,88.8,0,0,1,0
CUST-00235,2025-11,3046.7,0,1,0,0
CUST-00236,2025-11,69.4,0,0,0,0
CUST-00238,2025-11,460.66,0,0,0,0
CUST-00239,2025-11,266.22,0,1,0,0
CUST-00240,2025-11,245.95,0,0,1,0
CUST-00241,2025-11,90.59,0,1,0,0
CUST-00242,2025-11,252.59,0,0,0,0
CUST-00244,2025-11,98.03,0,1,0,0
CUST-00245,2025-11,301.11,0,0,1,0
CUST-00247,2025-11,314.51,0,0,0,0
CUST-00248,2025-11,759.02,0,1,0,0
CUST-00249,2025-11,1213.83,0,0,0,0
CUST-00250,2025-11,243.35,0,0,1,0
CUST-00251,2025-11,1130.43,0,0,0,0
CUST-00253,2025-11,57.96,0,1,0,1
CUST-00254,2025-11,109.5,0,1,0,0
CUST-00255,2025-11,271.55,0,1,0,0
CUST-00256,2025-11,129.25,0,0,1,0
CUST-00257,2025-11,2956.99,0,1,0,0
CUST-00258,2025-11,141.44,0,0,0,0
CUST-00259,2025-11,1448.43,0,1,0,0
CUST-00260,2025-11,354.76,0,0,0,0
CUST-00262,2025-11,211.99,0,1,0,0
CUST-00264,2025-11,169.99,0,0,1,0
CUST-00265,2025-11,50.56,0,0,0,0
CUST-00266,2025-11,143.77,0,0,0,0
CUST-00267,2025-11,235.94,0,1,0,0
CUST-00268,2025-11,189.03,0,0,0,0
CUST-00269,2025-11,141.09,0,0,0,1
CUST-00270,2025-11,1000.31,0,0,0,0
CUST-00271,2025-11,50.58,0,1,0,0
CUST-00272,2025-11,237.37,0,1,0,0
CUST-00273,2025-11,3651.58,0,0,0,0
CUST-00274,2025-11,130.94,0,1,0,0
CUST-00275,2025-11,317.76,0,0,0,0
CUST-00276,2025-11,77.89,0,0,0,0
CUST-00277,2025-11,155.02,0,0,1,0
CUST-00278,2025-11,190.6,0,0,0,0
CUST-00279,2025-11,211.26,0,1,0,0
CUST-00280,2025-11,147.62,0,1,0,0
CUST-00281,2025-11,222.9,0,0,0,0
CUST-00283,2025-11,155.43,0,1,0,0
CUST-00284,2025-11,183.82,0,1,0,0
CUST-00285,2025-11,57.48,0,1,0,0
CUST-00286,2025-11,1520.16,0,0,0,0
CUST-00288,2025-11,3202.72,0,0,0,0
CUST-00289,2025-11,241.09,0,1,0,0
CUST-00290,2025-11,242.57,0,0,0,0
CUST-00292,2025-11,137.21,0,0,0,0
CUST-00293,2025-11,165.49,0,1,0,1
CUST-00294,2025-11,1357.89,0,1,0,0
CUST-00295,2025-11,369.94,0,0,0,0
CUST-00296,2025-11,58.57,0,0,1,0
CUST-00297,2025-11,127.73,0,1,0,0
CUST-00298,2025-11,279.11,0,0,0,0
CUST-00299,2025-11,193.21,0,0,1,0
CUST-00300,2025-11,191.03,0,0,0,0
CUST-00301,2025-11,878.54,0,0,1,0
CUST-00302,2025-11,244.72,0,1,0,0
CUST-00303,2025-11,58.07,0,1,0,0
CUST-00304,2025-11,231.74,0,1,0,0
CUST-00305,2025-11,129.44,0,1,0,0
CUST-00306,2025-11,1349.7,0,1,0,0
CUST-00307,2025-11,750.58,0,1,0,0
CUST-00309,2025-11,1405,0,1,0,0
CUST-00310,2025-11,51.03,0,0,0,0
CUST-00311,2025-11,234.84,0,0,1,0
CUST-00312,2025-11,135.58,0,0,1,0
CUST-00313,2025-11,261.47,0,0,0,0
CUST-00314,2025-11,178.29,0,0,0,1
CUST-00315,2025-11,245.63,0,1,0,0
CUST-00316,2025-11,962.1,0,1,0,0
CUST-00317,2025-11,212.77,0,0,1,0
CUST-00318,2025-11,163.41,0,0,0,0
CUST-00319,2025-11,47.62,0,0,0,0
CUST-00320,2025-11,175.44,0,1,0,0
CUST-00321,2025-11,182.55,0,1,0,0
CUST-00322,2025-11,218.29,0,1,0,0
CUST-00323,2025-11,243.64,0,1,0,0
CUST-00324,2025-11,1189.85,0,1,0,0
CUST-00325,2025-11,148.37,0,0,1,1
CUST-00326,2025-11,71.38,0,1,0,0
CUST-00327,2025-11,1264.33,0,1,0,0
CUST-00329,2025-11,46.4,0,1,0,0
CUST-00330,2025-11,253.79,0,1,0,1
CUST-00331,2025-11,179.16,0,0,1,0
CUST-00332,2025-11,50.04,0,1,0,0
CUST-00333,2025-11,193.13,0,1,0,0
CUST-00334,2025-11,116.39,0,1,0,0
CUST-00335,2025-11,205.63,0,1,0,0
CUST-00336,2025-11,119.42,0,0,1,0
CUST-00337,2025-11,216.81,0,0,1,0
CUST-00338,2025-11,275.04,0,0,0,0
CUST-00339,2025-11,137.49,0,1,0,0
CUST-00340,2025-11,922.52,0,1,0,0
CUST-00341,2025-11,512.78,0,0,0,0
CUST-00342,2025-11,109.41,0,0,1,0
CUST-00343,2025-11,51.74,0,0,1,0
CUST-00344,2025-11,324.19,0,1,0,0
CUST-00346,2025-11,169.17,0,0,1,0
CUST-00347,2025-11,151.03,0,1,0,0
CUST-00348,2025-11,231.26,0,0,0,0
CUST-00349,2025-11,230.28,0,1,0,0
CUST-00351,2025-11,163.38,0,1,0,0
CUST-00352,2025-11,224.61,0,0,0,0
CUST-00354,2025-11,413.82,0,0,1,0
CUST-00355,2025-11,128.92,0,1,0,0
CUST-00356,2025-11,163.51,0,0,0,0
CUST-00357,2025-11,45.03,0,0,0,0
CUST-00358,2025-11,248.24,0,1,0,0
CUST-00359,2025-11,142.85,0,1,0,0
CUST-00360,2025-11,177.63,0,1,0,0
CUST-00361,2025-11,96.35,0,0,1,0
CUST-00363,2025-11,253.95,0,1,0,0
CUST-00364,2025-11,141.55,0,0,1,0
CUST-00365,2025-11,71.25,0,1,0,0
CUST-00366,2025-11,518.72,0,0,0,0
CUST-00368,2025-11,162.02,0,0,0,0
CUST-00369,2025-11,386.69,0,1,0,0
CUST-00370,2025-11,1224.45,0,0,0,0
CUST-00371,2025-11,87.24,0,1,0,0
CUST-00372,2025-11,183.96,0,0,1,1
CUST-00373,2025-11,151.04,0,0,0,0
CUST-00374,2025-11,1337.11,0,1,0,0
CUST-00375,2025-11,247.03,0,1,0,0
CUST-00376,2025-11,61.01,0,0,0,0
CUST-00377,2025-11,795.45,0,1,0,0
CUST-00378,2025-11,939.92,0,0,0,0
CUST-00379,2025-11,81.74,0,1,0,0
CUST-00380,2025-11,236.26,0,0,1,0
CUST-00381,2025-11,295.15,0,1,0,0
CUST-00382,2025-11,220.26,0,0,0,0
CUST-00383,2025-11,65.48,0,1,0,0
CUST-00385,2025-11,1003.81,0,0,0,0
CUST-00386,2025-11,155.22,0,0,1,0
CUST-00387,2025-11,153.88,0,0,1,0
CUST-00388,2025-11,130.07,0,0,0,0
CUST-00389,2025-11,195.23,0,0,1,0
CUST-00390,2025-11,846.98,0,1,0,0
CUST-00391,2025-11,1325.66,0,1,0,0
CUST-00393,2025-11,855.94,0,1,0,0
CUST-00394,2025-11,248.95,0,1,0,0
CUST-00396,2025-11,463.03,0,1,0,0
CUST-00397,2025-11,143.99,0,1,0,0
CUST-00398,2025-11,112.42,0,0,1,0
CUST-00399,2025-11,55.25,0,0,1,0
CUST-00400,2025-11,104.01,0,0,1,0
CUST-00401,2025-11,313.34,0,1,0,0
CUST-00402,2025-11,142.12,0,1,0,0
CUST-00403,2025-11,188.83,0,1,0,1
CUST-00404,2025-11,900.06,0,0,1,0
CUST-00405,2025-11,119.06,0,1,0,0
CUST-00406,2025-11,1171.08,0,0,0,0
CUST-00407,2025-11,105.06,0,0,0,0
CUST-00408,2025-11,59.28,0,1,0,0
CUST-00409,2025-11,1257.06,0,0,0,0
CUST-00410,2025-11,158.31,0,0,1,0
CUST-00411,2025-11,56.42,0,0,0,0
CUST-00412,2025-11,159.21,0,0,1,0
CUST-00413,2025-11,258.87,0,0,0,0
CUST-00414,2025-11,3000.45,0,1,0,0
CUST-00415,2025-11,191.95,0,1,0,0
CUST-00416,2025-11,94.44,0,0,1,0
CUST-00417,2025-11,70.97,0,1,0,0
CUST-00418,2025-11,94.33,0,0,0,0
CUST-00419,2025-11,77.37,0,0,0,0
CUST-00420,2025-11,3733.43,0,0,0,0
CUST-00421,2025-11,223,0,1,0,0
CUST-00423,2025-11,207.3,0,0,1,0
CUST-00424,2025-11,42.44,0,0,0,0
CUST-00425,2025-11,138.48,0,0,1,0
CUST-00426,2025-11,172.47,0,1,0,0
CUST-00427,2025-11,156.06,0,0,1,0
CUST-00428,2025-11,79.02,1,0,0,0
CUST-00429,2025-11,443.31,1,0,0,0
CUST-00430,2025-11,249.28,1,0,0,0
CUST-00431,2025-11,1232.77,1,0,0,0
CUST-00432,2025-11,49.09,1,0,0,0
CUST-00433,2025-11,118.54,1,0,0,0
CUST-00434,2025-11,3629.58,1,0,0,0
CUST-00435,2025-11,109.51,1,0,0,0
CUST-00436,2025-11,1144.99,1,0,0,0
CUST-00437,2025-11,129.03,1,0,0,0
CUST-00438,2025-11,2825.04,1,0,0,0
CUST-00439,2025-11,83.76,1,0,0,0
CUST-00440,2025-11,250.75,1,0,0,0
CUST-00441,2025-11,50.51,1,0,0,0
CUST-00442,2025-11,202.21,1,0,0,0
CUST-00443,2025-11,49.75,1,0,0,0
CUST-00444,2025-11,161.86,1,0,0,0
CUST-00445,2025-11,257.09,1,0,0,0
CUST-00446,2025-11,171.63,1,0,0,0
CUST-00004,2025-12,400.02,0,1,0,0
CUST-00006,2025-12,59.56,0,1,0,0
CUST-00009,2025-12,263.75,0,0,0,0
CUST-00011,2025-12,108.92,0,0,1,0
CUST-00012,2025-12,136.64,0,1,0,0
CUST-00013,2025-12,2603.46,0,0,0,0
CUST-00014,2025-12,74.48,0,1,0,0
CUST-00015,2025-12,106.67,0,0,0,0
CUST-00016,2025-12,82.96,0,0,0,0
CUST-00021,2025-12,170.31,0,0,1,0
CUST-00022,2025-12,176.17,0,0,0,0
CUST-00024,2025-12,426.77,0,0,0,0
CUST-00027,2025-12,75.67,0,1,0,0
CUST-00029,2025-12,199.91,0,1,0,0
CUST-00030,2025-12,146.2,0,0,1,0
CUST-00037,2025-12,453.3,0,0,0,0
CUST-00038,2025-12,246.79,0,0,0,0
CUST-00039,2025-12,3968,0,0,0,0
CUST-00041,2025-12,276.46,0,0,1,0
CUST-00047,2025-12,58.13,0,0,1,0
CUST-00048,2025-12,254.82,0,0,1,0
CUST-00060,2025-12,130.98,0,0,0,0
CUST-00062,2025-12,519.2,0,1,0,0
CUST-00064,2025-12,1041.22,0,0,0,0
CUST-00066,2025-12,1126.16,0,1,0,0
CUST-00067,2025-12,494.78,0,0,0,0
CUST-00069,2025-12,178.46,0,0,0,0
CUST-00071,2025-12,5660.72,0,0,0,0
CUST-00072,2025-12,163.58,0,0,0,0
CUST-00074,2025-12,233.62,0,0,0,0
CUST-00075,2025-12,95.33,0,0,1,0
CUST-00076,2025-12,307.44,0,1,0,0
CUST-00077,2025-12,173.08,0,0,1,0
CUST-00078,2025-12,163.25,0,0,1,0
CUST-00082,2025-12,275.06,0,0,0,0
CUST-00085,2025-12,382.37,0,1,0,0
CUST-00087,2025-12,188.35,0,1,0,0
CUST-00088,2025-12,132.45,0,1,0,0
CUST-00091,2025-12,154.39,0,1,0,0
CUST-00092,2025-12,2449.75,0,1,0,0
CUST-00094,2025-12,5314.6,0,1,0,0
CUST-00095,2025-12,70.96,0,0,1,0
CUST-00096,2025-12,567.53,0,0,0,0
CUST-00098,2025-12,1308.52,0,0,0,0
CUST-00100,2025-12,388.6,0,0,1,0
CUST-00102,2025-12,189.45,0,1,0,0
CUST-00103,2025-12,336.44,0,1,0,0
CUST-00104,2025-12,173.8,0,0,1,0
CUST-00106,2025-12,223.94,0,0,1,0
CUST-00107,2025-12,314.85,0,1,0,0
CUST-00108,2025-12,54.66,0,0,0,0
CUST-00111,2025-12,153.18,0,0,0,0
CUST-00112,2025-12,107.14,0,0,1,0
CUST-00114,2025-12,102.09,0,0,0,0
CUST-00118,2025-12,668.59,0,1,0,0
CUST-00119,2025-12,102.47,0,1,0,1
CUST-00120,2025-12,3656.49,0,1,0,0
CUST-00122,2025-12,249.28,0,1,0,0
CUST-00123,2025-12,4279.48,0,1,0,0
CUST-00126,2025-12,273.73,0,1,0,0
CUST-00129,2025-12,299.51,0,1,0,0
CUST-00131,2025-12,1156.14,0,0,0,0
CUST-00133,2025-12,880.39,0,1,0,0
CUST-00135,2025-12,891.08,0,0,0,0
CUST-00136,2025-12,1121.33,0,0,1,0
CUST-00138,2025-12,161.98,0,0,1,0
CUST-00139,2025-12,249.06,0,0,0,0
CUST-00140,2025-12,2020.24,0,1,0,0
CUST-00141,2025-12,233.1,0,1,0,0
CUST-00142,2025-12,90.13,0,0,1,0
CUST-00143,2025-12,1562.22,0,0,0,0
CUST-00145,2025-12,34.36,0,0,0,0
CUST-00146,2025-12,1028.43,0,0,0,0
CUST-00147,2025-12,294.27,0,1,0,0
CUST-00148,2025-12,124.48,0,0,1,0
CUST-00149,2025-12,75.91,0,1,0,0
CUST-00151,2025-12,291.93,0,0,1,0
CUST-00154,2025-12,705.1,0,0,1,0
CUST-00155,2025-12,2816.56,0,0,0,0
CUST-00157,2025-12,465.44,0,0,0,0
CUST-00161,2025-12,165.59,0,1,0,1
CUST-00162,2025-12,463.49,0,0,0,0
CUST-00163,2025-12,216.4,0,0,0,0
CUST-00165,2025-12,267.4,0,0,0,0
CUST-00166,2025-12,164.78,0,1,0,0
CUST-00168,2025-12,254.45,0,1,0,0
CUST-00169,2025-12,2903.46,0,1,0,0
CUST-00170,2025-12,474.28,0,1,0,0
CUST-00171,2025-12,474.9,0,0,1,0
CUST-00172,2025-12,2409.56,0,0,0,0
CUST-00173,2025-12,245.92,0,0,0,0
CUST-00174,2025-12,211.38,0,1,0,0
CUST-00176,2025-12,187.48,0,0,1,0
CUST-00177,2025-12,224.63,0,0,0,0
CUST-00178,2025-12,303.08,0,1,0,0
CUST-00179,2025-12,1312.72,0,0,0,0
CUST-00180,2025-12,284.24,0,1,0,0
CUST-00181,2025-12,229.57,0,0,1,0
CUST-00183,2025-12,145.54,0,0,1,0
CUST-00184,2025-12,156.57,0,1,0,0
CUST-00186,2025-12,74.57,0,0,0,0
CUST-00188,2025-12,1254.13,0,0,0,0
CUST-00189,2025-12,368.96,0,0,1,0
CUST-00190,2025-12,44.26,0,0,1,0
CUST-00192,2025-12,1936.46,0,0,0,0
CUST-00193,2025-12,174.58,0,1,0,0
CUST-00194,2025-12,114.44,0,1,0,0
CUST-00195,2025-12,84.07,0,1,0,0
CUST-00196,2025-12,93,0,0,0,0
CUST-00197,2025-12,75.72,0,1,0,0
CUST-00198,2025-12,2751.34,0,1,0,0
CUST-00199,2025-12,48.5,0,1,0,0
CUST-00200,2025-12,132.91,0,0,0,0
CUST-00201,2025-12,135.08,0,1,0,0
CUST-00205,2025-12,293.64,0,0,1,0
CUST-00206,2025-12,221.27,0,1,0,0
CUST-00207,2025-12,1697.51,0,1,0,0
CUST-00208,2025-12,3293.76,0,0,0,0
CUST-00209,2025-12,4144.12,0,0,0,0
CUST-00210,2025-12,294.16,0,1,0,0
CUST-00211,2025-12,77.51,0,0,1,0
CUST-00214,2025-12,124.67,0,1,0,0
CUST-00215,2025-12,197.46,0,0,1,0
CUST-00216,2025-12,122.71,0,0,1,0
CUST-00217,2025-12,61.44,0,1,0,0
CUST-00220,2025-12,91.07,0,1,0,0
CUST-00221,2025-12,2224.74,0,0,0,0
CUST-00222,2025-12,675.22,0,0,0,0
CUST-00223,2025-12,262.56,0,0,0,0
CUST-00224,2025-12,86.08,0,0,1,0
CUST-00226,2025-12,671.93,0,0,0,0
CUST-00227,2025-12,295.03,0,0,1,0
CUST-00229,2025-12,108.07,0,0,0,0
CUST-00230,2025-12,327.22,0,1,0,0
CUST-00231,2025-12,140.35,0,1,0,0
CUST-00233,2025-12,1183.23,0,0,0,0
CUST-00234,2025-12,93.59,0,1,0,0
CUST-00235,2025-12,3071.86,0,0,0,0
CUST-00236,2025-12,90.26,0,1,0,0
CUST-00238,2025-12,483.33,0,1,0,1
CUST-00239,2025-12,266.9,0,0,0,0
CUST-00240,2025-12,257.01,0,1,0,0
CUST-00241,2025-12,90.32,0,0,0,0
CUST-00242,2025-12,261.75,0,1,0,0
CUST-00244,2025-12,94.64,0,0,1,0
CUST-00245,2025-12,182.19,0,0,1,0
CUST-00247,2025-12,319.6,0,0,0,0
CUST-00248,2025-12,791.18,0,1,0,0
CUST-00249,2025-12,1265.19,0,1,0,0
CUST-00250,2025-12,247.59,0,0,0,0
CUST-00251,2025-12,1341.98,0,1,0,0
CUST-00254,2025-12,112.69,0,1,0,0
CUST-00255,2025-12,285.93,0,1,0,0
CUST-00256,2025-12,129.64,0,0,0,1
CUST-00257,2025-12,2964.76,0,0,0,0
CUST-00258,2025-12,136.28,0,0,1,0
CUST-00259,2025-12,1441.83,0,0,0,0
CUST-00260,2025-12,371.96,0,1,0,0
CUST-00262,2025-12,211.32,0,0,0,0
CUST-00264,2025-12,169.71,0,0,0,0
CUST-00265,2025-12,51.23,0,0,0,0
CUST-00266,2025-12,139.54,0,0,1,0
CUST-00267,2025-12,249.81,0,1,0,0
CUST-00268,2025-12,185.86,0,0,0,0
CUST-00270,2025-12,977.01,0,0,1,0
CUST-00271,2025-12,53.56,0,1,0,0
CUST-00272,2025-12,228.17,0,0,1,0
CUST-00273,2025-12,3749.52,0,1,0,0
CUST-00274,2025-12,132.3,0,0,0,0
CUST-00275,2025-12,333.09,0,1,0,0
CUST-00276,2025-12,79.49,0,1,0,0
CUST-00277,2025-12,153.38,0,0,0,0
CUST-00278,2025-12,198.23,0,1,0,0
CUST-00279,2025-12,221.73,0,1,0,0
CUST-00280,2025-12,152.93,0,1,0,0
CUST-00281,2025-12,231.8,0,1,0,0
CUST-00283,2025-12,158.74,0,1,0,0
CUST-00284,2025-12,193.03,0,1,0,0
CUST-00285,2025-12,56.98,0,0,0,0
CUST-00286,2025-12,1538.15,0,0,0,0
CUST-00288,2025-12,3210.37,0,0,0,0
CUST-00289,2025-12,243.52,0,0,0,0
CUST-00290,2025-12,244.72,0,0,0,0
CUST-00292,2025-12,140.71,0,1,0,0
CUST-00294,2025-12,1413.97,0,1,0,0
CUST-00295,2025-12,376.95,0,0,0,0
CUST-00296,2025-12,60.66,0,1,0,0
CUST-00297,2025-12,134.06,0,1,0,0
CUST-00298,2025-12,272,0,0,1,0
CUST-00299,2025-12,189.81,0,0,0,0
CUST-00300,2025-12,198.14,0,1,0,0
CUST-00301,2025-12,863.67,0,0,0,0
CUST-00302,2025-12,256.06,0,1,0,0
CUST-00303,2025-12,57.96,0,0,0,0
CUST-00304,2025-12,223.91,0,0,1,0
CUST-00305,2025-12,133.77,0,1,0,0
CUST-00306,2025-12,1394.91,0,1,0,0
CUST-00307,2025-12,972.87,0,1,0,0
CUST-00309,2025-12,1388.19,0,0,0,0
CUST-00310,2025-12,50.68,0,0,0,0
CUST-00311,2025-12,271.8,0,1,0,0
CUST-00312,2025-12,159.67,0,1,0,0
CUST-00313,2025-12,269.74,0,1,0,0
CUST-00315,2025-12,241.64,0,0,0,0
CUST-00316,2025-12,990.44,0,1,0,0
CUST-00317,2025-12,222.4,0,1,0,0
CUST-00318,2025-12,165.48,0,0,0,0
CUST-00319,2025-12,47.49,0,0,0,0
CUST-00320,2025-12,229.97,0,1,0,0
CUST-00321,2025-12,184.91,0,0,0,0
CUST-00322,2025-12,211.75,0,0,1,0
CUST-00323,2025-12,320.73,0,1,0,0
CUST-00324,2025-12,1229.85,0,1,0,0
CUST-00326,2025-12,75.15,0,1,0,0
CUST-00327,2025-12,1320.89,0,1,0,0
CUST-00329,2025-12,47.69,0,1,0,0
CUST-00331,2025-12,181.25,0,0,0,0
CUST-00332,2025-12,49.17,0,0,0,0
CUST-00333,2025-12,197.32,0,1,0,0
CUST-00334,2025-12,112.86,0,0,1,0
CUST-00335,2025-12,199.32,0,0,1,0
CUST-00336,2025-12,123.98,0,1,0,0
CUST-00337,2025-12,292.92,0,1,0,0
CUST-00338,2025-12,285.94,0,1,0,0
CUST-00339,2025-12,136.57,0,0,0,0
CUST-00340,2025-12,927.37,0,0,0,0
CUST-00341,2025-12,611.25,0,1,0,0
CUST-00342,2025-12,112.02,0,1,0,0
CUST-00343,2025-12,51.06,0,0,0,0
CUST-00344,2025-12,333.42,0,1,0,0
CUST-00346,2025-12,171.28,0,0,0,0
CUST-00347,2025-12,155.87,0,1,0,0
CUST-00348,2025-12,237.6,0,1,0,0
CUST-00349,2025-12,221.88,0,0,1,0
CUST-00351,2025-12,164.74,0,0,0,0
CUST-00352,2025-12,220.95,0,0,0,0
CUST-00354,2025-12,434.33,0,1,0,0
CUST-00355,2025-12,127.77,0,0,0,0
CUST-00356,2025-12,161.5,0,0,0,0
CUST-00357,2025-12,45.02,0,0,0,0
CUST-00358,2025-12,259.71,0,1,0,0
CUST-00359,2025-12,141.24,0,0,0,0
CUST-00360,2025-12,171.84,0,0,1,0
CUST-00361,2025-12,93.62,0,0,1,0
CUST-00363,2025-12,255.26,0,0,0,0
CUST-00364,2025-12,141.54,0,0,0,0
CUST-00365,2025-12,69.54,0,0,1,0
CUST-00366,2025-12,530.22,0,1,0,0
CUST-00368,2025-12,158.26,0,0,1,0
CUST-00369,2025-12,390.01,0,0,0,0
CUST-00370,2025-12,820.77,0,0,1,0
CUST-00371,2025-12,86.53,0,0,0,0
CUST-00373,2025-12,149.68,0,0,0,0
CUST-00374,2025-12,1323.04,0,0,0,0
CUST-00375,2025-12,256.74,0,1,0,0
CUST-00376,2025-12,59.29,0,0,1,0
CUST-00377,2025-12,798.83,0,0,0,0
CUST-00378,2025-12,977.43,0,1,0,0
CUST-00379,2025-12,78.87,0,0,1,0
CUST-00380,2025-12,241.73,0,1,0,0
CUST-00381,2025-12,299.52,0,0,0,0
CUST-00382,2025-12,227.48,0,1,0,0
CUST-00383,2025-12,63.54,0,0,1,0
CUST-00385,2025-12,982.53,0,0,1,0
CUST-00386,2025-12,149.45,0,0,1,0
CUST-00387,2025-12,150.57,0,0,1,0
CUST-00388,2025-12,126.97,0,0,1,0
CUST-00389,2025-12,195.1,0,0,0,0
CUST-00390,2025-12,841.87,0,0,0,0
CUST-00391,2025-12,1305.69,0,0,0,0
CUST-00393,2025-12,838.76,0,0,1,0
CUST-00394,2025-12,256.38,0,1,0,0
CUST-00396,2025-12,449.96,0,0,1,0
CUST-00397,2025-12,144.69,0,0,0,1
CUST-00398,2025-12,111.94,0,0,0,0
CUST-00399,2025-12,53.91,0,0,1,0
CUST-00400,2025-12,102.93,0,0,0,0
CUST-00401,2025-12,304.02,0,0,1,0
CUST-00402,2025-12,138.09,0,0,1,0
CUST-00404,2025-12,878.89,0,0,1,0
CUST-00405,2025-12,117.15,0,0,0,0
CUST-00406,2025-12,1216.04,0,1,0,0
CUST-00407,2025-12,110.68,0,1,0,0
CUST-00408,2025-12,57.43,0,0,1,0
CUST-00409,2025-12,1257.66,0,0,0,0
CUST-00410,2025-12,157.64,0,0,0,0
CUST-00411,2025-12,56.92,0,0,0,0
CUST-00412,2025-12,166.8,0,1,0,0
CUST-00413,2025-12,251.67,0,0,1,0
CUST-00414,2025-12,3116.15,0,1,0,0
CUST-00415,2025-12,191.77,0,0,0,0
CUST-00416,2025-12,91.35,0,0,1,0
CUST-00417,2025-12,71.48,0,0,0,0
CUST-00418,2025-12,94.99,0,0,0,0
CUST-00419,2025-12,74.29,0,0,1,0
CUST-00420,2025-12,3707.9,0,0,0,0
CUST-00421,2025-12,221.46,0,0,0,0
CUST-00423,2025-12,203.19,0,0,0,0
CUST-00424,2025-12,43.71,0,1,0,0
CUST-00425,2025-12,142.74,0,1,0,0
CUST-00426,2025-12,168.12,0,0,1,0
CUST-00427,2025-12,199.52,0,1,0,0
CUST-00428,2025-12,78.12,0,0,0,0
CUST-00429,2025-12,463.45,0,1,0,0
CUST-00430,2025-12,245.25,0,0,0,0
CUST-00431,2025-12,1247.79,0,0,0,0
CUST-00432,2025-12,48.18,0,0,0,0
CUST-00433,2025-12,122.35,0,1,0,0
CUST-00434,2025-12,3676.75,0,0,0,0
CUST-00435,2025-12,111.42,0,0,0,1
CUST-00436,2025-12,1135.79,0,0,0,0
CUST-00437,2025-12,131.14,0,0,0,0
CUST-00438,2025-12,2839.16,0,0,0,0
CUST-00439,2025-12,94.08,0,1,0,0
CUST-00440,2025-12,241.37,0,0,1,0
CUST-00441,2025-12,52.97,0,1,0,0
CUST-00442,2025-12,209.1,0,1,0,0
CUST-00443,2025-12,68.33,0,1,0,0
CUST-00444,2025-12,159.32,0,0,0,1
CUST-00445,2025-12,266.91,0,1,0,0
CUST-00446,2025-12,181.83,0,1,0,0
CUST-00447,2025-12,2176.3,1,0,0,0
CUST-00448,2025-12,105.36,1,0,0,0
CUST-00449,2025-12,123.04,1,0,0,0
CUST-00450,2025-12,1156.07,1,0,0,0
CUST-00451,2025-12,999.48,1,0,0,0
CUST-00452,2025-12,2437.52,1,0,0,0
CUST-00453,2025-12,427.11,1,0,0,0
CUST-00454,2025-12,151.42,1,0,0,0
CUST-00455,2025-12,129.58,1,0,0,0
CUST-00456,2025-12,59.11,1,0,0,0
CUST-00457,2025-12,3706.07,1,0,0,1
CUST-00458,2025-12,644.39,1,0,0,0
CUST-00459,2025-12,1050.12,1,0,0,0
CUST-00460,2025-12,78.96,1,0,0,0
CUST-00461,2025-12,63.29,1,0,0,0
CUST-00462,2025-12,121.56,1,0,0,0
CUST-00463,2025-12,111.24,1,0,0,0
CUST-00464,2025-12,171.75,1,0,0,0
CUST-00465,2025-12,1293.29,1,0,0,0
CUST-00466,2025-12,127.78,1,0,0,0
CUST-00004,2026-01,391.4,0,0,1,0
CUST-00006,2026-01,59.06,0,0,0,0
CUST-00009,2026-01,272.11,0,1,0,0
CUST-00011,2026-01,106.06,0,0,1,0
CUST-00012,2026-01,136.4,0,0,0,0
CUST-00013,2026-01,2677.29,0,1,0,0
CUST-00014,2026-01,75.72,0,0,0,0
CUST-00015,2026-01,105.28,0,0,0,0
CUST-00016,2026-01,79.73,0,0,1,0
CUST-00021,2026-01,140.25,0,0,1,0
CUST-00022,2026-01,169.6,0,0,1,0
CUST-00024,2026-01,446.22,0,1,0,0
CUST-00027,2026-01,78.59,0,1,0,0
CUST-00029,2026-01,203.9,0,0,0,0
CUST-00030,2026-01,144.22,0,0,0,0
CUST-00037,2026-01,457.26,0,0,0,0
CUST-00038,2026-01,240.33,0,0,1,0
CUST-00039,2026-01,3995.81,0,0,0,0
CUST-00041,2026-01,282.71,0,1,0,0
CUST-00047,2026-01,59.51,0,1,0,0
CUST-00048,2026-01,247.27,0,0,1,0
CUST-00060,2026-01,138.44,0,1,0,0
CUST-00062,2026-01,533.64,0,1,0,0
CUST-00064,2026-01,1076.17,0,1,0,0
CUST-00066,2026-01,1153.03,0,1,0,0
CUST-00067,2026-01,492.6,0,0,0,0
CUST-00069,2026-01,204.41,0,1,0,0
CUST-00071,2026-01,5687.87,0,0,0,0
CUST-00072,2026-01,165.83,0,0,0,0
CUST-00074,2026-01,225.15,0,0,1,0
CUST-00075,2026-01,100.31,0,1,0,0
CUST-00076,2026-01,302.06,0,0,0,0
CUST-00077,2026-01,175.63,0,0,0,0
CUST-00078,2026-01,164.03,0,0,0,0
CUST-00082,2026-01,281.88,0,1,0,0
CUST-00085,2026-01,378.42,0,0,0,0
CUST-00087,2026-01,198.92,0,1,0,0
CUST-00088,2026-01,130.99,0,0,0,0
CUST-00091,2026-01,152.99,0,0,0,0
CUST-00092,2026-01,2466.95,0,0,0,0
CUST-00094,2026-01,5269.51,0,0,0,0
CUST-00095,2026-01,68.16,0,0,1,0
CUST-00096,2026-01,571.57,0,0,0,0
CUST-00098,2026-01,1320.32,0,0,0,0
CUST-00100,2026-01,515.08,0,1,0,0
CUST-00102,2026-01,184.53,0,0,1,0
CUST-00103,2026-01,324.44,0,0,1,0
CUST-00104,2026-01,172.27,0,0,0,0
CUST-00106,2026-01,231.28,0,1,0,0
CUST-00107,2026-01,307.59,0,0,1,0
CUST-00108,2026-01,57.42,0,1,0,0
CUST-00111,2026-01,156.28,0,1,0,0
CUST-00112,2026-01,108.8,0,0,0,0
CUST-00114,2026-01,104.94,0,1,0,0
CUST-00118,2026-01,693.47,0,1,0,0
CUST-00120,2026-01,3788.42,0,1,0,0
CUST-00122,2026-01,252.31,0,0,0,0
CUST-00123,2026-01,4222.12,0,0,0,0
CUST-00126,2026-01,271.59,0,0,0,0
CUST-00129,2026-01,288.07,0,0,1,0
CUST-00131,2026-01,1138.49,0,0,0,0
CUST-00133,2026-01,875.38,0,0,0,0
CUST-00135,2026-01,867.48,0,0,1,0
CUST-00136,2026-01,1150.79,0,1,0,0
CUST-00138,2026-01,166.85,0,1,0,0
CUST-00139,2026-01,258.38,0,1,0,0
CUST-00140,2026-01,2047.75,0,0,0,0
CUST-00141,2026-01,240.48,0,1,0,0
CUST-00142,2026-01,91,0,0,0,0
CUST-00143,2026-01,1535.78,0,0,0,0
CUST-00145,2026-01,35.81,0,1,0,0
CUST-00146,2026-01,1038.01,0,0,0,0
CUST-00147,2026-01,376.73,0,1,0,0
CUST-00148,2026-01,128.49,0,1,0,0
CUST-00149,2026-01,75.53,0,0,0,0
CUST-00151,2026-01,292.91,0,0,0,0
CUST-00154,2026-01,740.38,0,1,0,0
CUST-00155,2026-01,2850.76,0,0,0,0
CUST-00157,2026-01,482.58,0,1,0,0
CUST-00162,2026-01,467.07,0,0,0,0
CUST-00163,2026-01,220.91,0,1,0,0
CUST-00165,2026-01,262.76,0,0,0,0
CUST-00166,2026-01,173.31,0,1,0,0
CUST-00168,2026-01,267.13,0,1,0,0
CUST-00169,2026-01,2873.33,0,0,0,0
CUST-00170,2026-01,469.45,0,0,0,0
CUST-00171,2026-01,467.16,0,0,0,0
CUST-00172,2026-01,2600.34,0,1,0,0
CUST-00173,2026-01,239.86,0,0,1,0
CUST-00174,2026-01,207.01,0,0,1,0
CUST-00176,2026-01,192.23,0,1,0,0
CUST-00177,2026-01,159.62,0,0,1,0
CUST-00178,2026-01,301.34,0,0,0,0
CUST-00179,2026-01,1352.58,0,1,0,0
CUST-00180,2026-01,285.56,0,0,0,0
CUST-00181,2026-01,241.02,0,1,0,0
CUST-00183,2026-01,150.89,0,1,0,0
CUST-00184,2026-01,155.09,0,0,0,0
CUST-00186,2026-01,77.49,0,1,0,0
CUST-00188,2026-01,1304.17,0,1,0,0
CUST-00189,2026-01,375.64,0,0,0,1
CUST-00190,2026-01,43.37,0,0,1,0
CUST-00192,2026-01,1980.61,0,1,0,0
CUST-00193,2026-01,168.08,0,0,1,0
CUST-00194,2026-01,95.82,0,0,1,0
CUST-00195,2026-01,88.08,0,1,0,0
CUST-00196,2026-01,90.48,0,0,1,0
CUST-00197,2026-01,79.38,0,1,0,0
CUST-00198,2026-01,2859.32,0,1,0,0
CUST-00199,2026-01,51.35,0,1,0,0
CUST-00200,2026-01,131.04,0,0,0,0
CUST-00201,2026-01,130.13,0,0,1,0
CUST-00205,2026-01,311.22,0,1,0,0
CUST-00206,2026-01,213.86,0,0,1,0
CUST-00207,2026-01,1726.6,0,0,0,0
CUST-00208,2026-01,3363.1,0,1,0,0
CUST-00209,2026-01,4075.16,0,0,0,0
CUST-00210,2026-01,287.58,0,0,1,0
CUST-00211,2026-01,76.97,0,0,0,0
CUST-00214,2026-01,120.96,0,0,1,0
CUST-00215,2026-01,192.08,0,0,1,0
CUST-00216,2026-01,139.91,0,1,0,0
CUST-00217,2026-01,62.03,0,0,0,0
CUST-00220,2026-01,91.82,0,0,0,0
CUST-00221,2026-01,2209.12,0,0,0,0
CUST-00222,2026-01,770.04,0,1,0,0
CUST-00223,2026-01,269.94,0,1,0,0
CUST-00224,2026-01,89.49,0,1,0,0
CUST-00226,2026-01,703.95,0,1,0,0
CUST-00227,2026-01,304.87,0,1,0,0
CUST-00229,2026-01,114.38,0,1,0,0
CUST-00230,2026-01,332.93,0,0,0,0
CUST-00231,2026-01,145.72,0,1,0,0
CUST-00233,2026-01,1536.14,0,1,0,0
CUST-00234,2026-01,97.38,0,1,0,0
CUST-00235,2026-01,3181.94,0,1,0,0
CUST-00236,2026-01,86.94,0,0,1,0
CUST-00239,2026-01,272.65,0,1,0,0
CUST-00240,2026-01,270.07,0,1,0,0
CUST-00241,2026-01,95.23,0,1,0,0
CUST-00242,2026-01,271.13,0,1,0,0
CUST-00244,2026-01,96.94,0,1,0,0
CUST-00245,2026-01,193.09,0,1,0,0
CUST-00247,2026-01,333.49,0,1,0,0
CUST-00248,2026-01,926.24,0,1,0,0
CUST-00249,2026-01,1312.54,0,1,0,0
CUST-00250,2026-01,248.17,0,0,0,0
CUST-00251,2026-01,1396.47,0,1,0,0
CUST-00254,2026-01,110.83,0,0,0,0
CUST-00255,2026-01,284.64,0,0,0,1
CUST-00257,2026-01,2944.65,0,0,0,0
CUST-00258,2026-01,132.41,0,0,1,0
CUST-00259,2026-01,1454.35,0,0,0,0
CUST-00260,2026-01,378.85,0,0,0,0
CUST-00262,2026-01,218.23,0,1,0,0
CUST-00264,2026-01,172,0,0,0,0
CUST-00265,2026-01,69.02,0,1,0,0
CUST-00266,2026-01,138.37,0,0,0,0
CUST-00267,2026-01,245.52,0,0,0,0
CUST-00268,2026-01,190.36,0,1,0,0
CUST-00270,2026-01,973.63,0,0,0,0
CUST-00271,2026-01,56.27,0,1,0,0
CUST-00272,2026-01,239.47,0,1,0,0
CUST-00273,2026-01,3730.09,0,0,0,0
CUST-00274,2026-01,104.55,0,0,1,0
CUST-00275,2026-01,342.8,0,1,0,0
CUST-00276,2026-01,80.64,0,0,0,0
CUST-00277,2026-01,151.79,0,0,0,0
CUST-00278,2026-01,234.33,0,1,0,0
CUST-00279,2026-01,222.24,0,0,0,0
CUST-00280,2026-01,151.7,0,0,0,0
CUST-00281,2026-01,243.23,0,1,0,0
CUST-00283,2026-01,155.38,0,0,1,0
CUST-00284,2026-01,202.87,0,1,0,0
CUST-00285,2026-01,57.4,0,0,0,0
CUST-00286,2026-01,1544.52,0,0,0,0
CUST-00288,2026-01,3231.58,0,0,0,0
CUST-00289,2026-01,240.19,0,0,0,1
CUST-00290,2026-01,252.9,0,1,0,0
CUST-00292,2026-01,138.87,0,0,0,0
CUST-00294,2026-01,1463.99,0,1,0,0
CUST-00295,2026-01,370.18,0,0,0,1
CUST-00296,2026-01,42.08,0,0,1,0
CUST-00297,2026-01,139.2,0,1,0,0
CUST-00298,2026-01,263.9,0,0,1,0
CUST-00299,2026-01,187.2,0,0,0,0
CUST-00300,2026-01,227.41,0,1,0,0
CUST-00301,2026-01,841.11,0,0,1,0
CUST-00302,2026-01,250,0,0,1,0
CUST-00303,2026-01,58.81,0,0,0,0
CUST-00304,2026-01,225.43,0,0,0,0
CUST-00305,2026-01,133.98,0,0,0,0
CUST-00306,2026-01,1358.04,0,0,1,0
CUST-00307,2026-01,1004.86,0,1,0,0
CUST-00309,2026-01,1360.57,0,0,0,0
CUST-00310,2026-01,51.19,0,0,0,0
CUST-00311,2026-01,262.49,0,0,1,0
CUST-00312,2026-01,155.02,0,0,1,0
CUST-00313,2026-01,259.68,0,0,1,0
CUST-00315,2026-01,246.15,0,0,0,0
CUST-00316,2026-01,1015.32,0,1,0,0
CUST-00317,2026-01,219.1,0,0,0,0
CUST-00318,2026-01,161.1,0,0,1,0
CUST-00319,2026-01,47.71,0,0,0,0
CUST-00320,2026-01,242.38,0,1,0,0
CUST-00321,2026-01,180.97,0,0,1,0
CUST-00322,2026-01,206.64,0,0,1,0
CUST-00323,2026-01,320.77,0,0,0,0
CUST-00324,2026-01,1274.74,0,1,0,1
CUST-00326,2026-01,74.6,0,0,0,0
CUST-00327,2026-01,1307.6,0,0,0,0
CUST-00329,2026-01,48.18,0,0,0,0
CUST-00331,2026-01,185.41,0,1,0,0
CUST-00332,2026-01,51.16,0,1,0,0
CUST-00333,2026-01,193.29,0,0,1,0
CUST-00334,2026-01,112.56,0,0,0,0
CUST-00335,2026-01,192.35,0,0,1,0
CUST-00336,2026-01,122.12,0,0,0,0
CUST-00337,2026-01,281.8,0,0,1,0
CUST-00338,2026-01,280.8,0,0,0,0
CUST-00339,2026-01,141.57,0,1,0,0
CUST-00340,2026-01,964.72,0,1,0,0
CUST-00341,2026-01,601.43,0,0,0,0
CUST-00342,2026-01,116.78,0,1,0,0
CUST-00343,2026-01,50.69,0,0,0,0
CUST-00344,2026-01,320.36,0,0,1,0
CUST-00346,2026-01,178.42,0,1,0,0
CUST-00347,2026-01,153.54,0,0,0,0
CUST-00348,2026-01,245.22,0,1,0,0
CUST-00349,2026-01,228.26,0,1,0,0
CUST-00351,2026-01,166.43,0,0,0,0
CUST-00352,2026-01,212.75,0,0,1,0
CUST-00354,2026-01,447.44,0,1,0,0
CUST-00355,2026-01,133.76,0,1,0,0
CUST-00356,2026-01,164.26,0,0,0,0
CUST-00357,2026-01,43.53,0,0,1,0
CUST-00358,2026-01,263.35,0,0,0,0
CUST-00359,2026-01,145.59,0,1,0,0
CUST-00360,2026-01,180.99,0,1,0,0
CUST-00361,2026-01,95.75,0,1,0,0
CUST-00363,2026-01,252.87,0,0,0,0
CUST-00364,2026-01,140.04,0,0,0,0
CUST-00365,2026-01,69.06,0,0,0,0
CUST-00366,2026-01,542.2,0,1,0,0
CUST-00368,2026-01,154.88,0,0,1,0
CUST-00369,2026-01,407.03,0,1,0,0
CUST-00370,2026-01,845.31,0,1,0,0
CUST-00371,2026-01,85.59,0,0,0,0
CUST-00373,2026-01,148.77,0,0,0,0
CUST-00374,2026-01,1310.07,0,0,0,0
CUST-00375,2026-01,271.78,0,1,0,0
CUST-00376,2026-01,57.64,0,0,1,0
CUST-00377,2026-01,837.63,0,1,0,0
CUST-00378,2026-01,1014.74,0,1,0,0
CUST-00379,2026-01,79.5,0,0,0,0
CUST-00380,2026-01,250.85,0,1,0,0
CUST-00381,2026-01,298.72,0,0,0,0
CUST-00382,2026-01,223.45,0,0,0,0
CUST-00383,2026-01,61.32,0,0,1,0
CUST-00385,2026-01,1003.52,0,1,0,0
CUST-00386,2026-01,145.13,0,0,1,0
CUST-00387,2026-01,149.97,0,0,0,0
CUST-00388,2026-01,134.58,0,1,0,0
CUST-00389,2026-01,192.27,0,0,0,0
CUST-00390,2026-01,1044.67,0,1,0,0
CUST-00391,2026-01,1368.21,0,1,0,0
CUST-00393,2026-01,840.67,0,0,0,0
CUST-00394,2026-01,339.65,0,1,0,0
CUST-00396,2026-01,461.48,0,1,0,0
CUST-00398,2026-01,111.68,0,0,0,0
CUST-00399,2026-01,53.45,0,0,0,0
CUST-00400,2026-01,108.76,0,1,0,0
CUST-00401,2026-01,321.22,0,1,0,0
CUST-00402,2026-01,140.69,0,0,0,0
CUST-00404,2026-01,863.08,0,0,0,0
CUST-00405,2026-01,123.47,0,1,0,0
CUST-00406,2026-01,1250.48,0,1,0,0
CUST-00407,2026-01,109.69,0,0,0,0
CUST-00408,2026-01,59.03,0,1,0,0
CUST-00409,2026-01,1225.28,0,0,1,0
CUST-00410,2026-01,160.21,0,0,0,0
CUST-00411,2026-01,58.06,0,1,0,0
CUST-00412,2026-01,133.73,0,0,1,0
CUST-00413,2026-01,211.37,0,0,1,0
CUST-00414,2026-01,3205.56,0,1,0,0
CUST-00415,2026-01,190.58,0,0,0,0
CUST-00416,2026-01,90.4,0,0,0,0
CUST-00417,2026-01,69.01,0,0,1,0
CUST-00418,2026-01,93.93,0,0,0,0
CUST-00419,2026-01,73.89,0,0,0,0
CUST-00420,2026-01,3830.03,0,1,0,0
CUST-00421,2026-01,228.13,0,1,0,0
CUST-00423,2026-01,213.62,0,1,0,0
CUST-00424,2026-01,43.67,0,0,0,0
CUST-00425,2026-01,140.15,0,0,0,0
CUST-00426,2026-01,171.73,0,1,0,0
CUST-00427,2026-01,200.06,0,0,0,0
CUST-00428,2026-01,80.24,0,1,0,0
CUST-00429,2026-01,483.24,0,1,0,0
CUST-00430,2026-01,244.17,0,0,0,0
CUST-00431,2026-01,1308.51,0,1,0,0
CUST-00432,2026-01,46.99,0,0,1,0
CUST-00433,2026-01,124.82,0,1,0,0
CUST-00434,2026-01,3736.29,0,0,0,0
CUST-00436,2026-01,1153.8,0,0,0,0
CUST-00437,2026-01,129.9,0,0,0,0
CUST-00438,2026-01,2950,0,1,0,0
CUST-00439,2026-01,99.31,0,1,0,0
CUST-00440,2026-01,232.84,0,0,1,0
CUST-00441,2026-01,54.17,0,1,0,0
CUST-00442,2026-01,236.05,0,1,0,0
CUST-00443,2026-01,71.88,0,1,0,1
CUST-00445,2026-01,257.51,0,0,1,0
CUST-00446,2026-01,180.66,0,0,0,0
CUST-00447,2026-01,2255.22,0,1,0,0
CUST-00448,2026-01,104.84,0,0,0,0
CUST-00449,2026-01,129.6,0,1,0,0
CUST-00450,2026-01,1174.22,0,0,0,0
CUST-00451,2026-01,997.01,0,0,0,0
CUST-00452,2026-01,2463.07,0,0,0,0
CUST-00453,2026-01,422.48,0,0,0,0
CUST-00454,2026-01,146.77,0,0,1,0
CUST-00455,2026-01,124.93,0,0,1,0
CUST-00456,2026-01,57.82,0,0,1,0
CUST-00458,2026-01,675.7,0,1,0,0
CUST-00459,2026-01,1069.78,0,0,0,0
CUST-00460,2026-01,65.76,0,0,1,0
CUST-00461,2026-01,60.79,0,0,1,0
CUST-00462,2026-01,121.42,0,0,0,0
CUST-00463,2026-01,106.87,0,0,1,0
CUST-00464,2026-01,168.17,0,0,1,0
CUST-00465,2026-01,1275.98,0,0,0,0
CUST-00466,2026-01,126.74,0,0,0,0
CUST-00467,2026-01,153.03,1,0,0,0
CUST-00468,2026-01,221.68,1,0,0,0
CUST-00469,2026-01,782.33,1,0,0,0
CUST-00470,2026-01,224.44,1,0,0,0
CUST-00471,2026-01,673.31,1,0,0,0
CUST-00472,2026-01,803.6,1,0,0,0
CUST-00473,2026-01,1022.1,1,0,0,0
CUST-00474,2026-01,1184.65,1,0,0,0
CUST-00475,2026-01,170.96,1,0,0,0
CUST-00476,2026-01,101.74,1,0,0,0
CUST-00477,2026-01,232.48,1,0,0,0
CUST-00478,2026-01,861.48,1,0,0,0
CUST-00479,2026-01,1194.24,1,0,0,0
CUST-00480,2026-01,156.5,1,0,0,0
CUST-00481,2026-01,238.55,1,0,0,0
CUST-00482,2026-01,44.36,1,0,0,0
CUST-00483,2026-01,193.9,1,0,0,0
CUST-00484,2026-01,140.68,1,0,0,0
CUST-00485,2026-01,1399.23,1,0,0,0
CUST-00486,2026-01,3173.66,1,0,0,0
CUST-00487,2026-01,1380.22,1,0,0,0
CUST-00488,2026-01,202.47,1,0,0,0
CUST-00489,2026-01,106,1,0,0,0
CUST-00490,2026-01,2868.9,1,0,0,0
CUST-00491,2026-01,187.81,1,0,0,0
CUST-00492,2026-01,475.64,1,0,0,0
CUST-00493,2026-01,3047.69,1,0,0,0
CUST-00494,2026-01,460.14,1,0,0,0
CUST-00495,2026-01,77.14,1,0,0,0
CUST-00496,2026-01,2146.84,1,0,0,0
CUST-00497,2026-01,97.34,1,0,0,0
CUST-00498,2026-01,907.86,1,0,0,0
CUST-00499,2026-01,1219.12,1,0,0,0
CUST-00004,2026-02,387.28,0,0,0,0
CUST-00006,2026-02,61.47,0,1,0,0
CUST-00009,2026-02,273.6,0,0,0,0
CUST-00011,2026-02,109.26,0,1,0,1
CUST-00012,2026-02,131.82,0,0,1,0
CUST-00013,2026-02,2762.62,0,1,0,0
CUST-00014,2026-02,79.74,0,1,0,0
CUST-00015,2026-02,110.92,0,1,0,0
CUST-00016,2026-02,78.2,0,0,0,0
CUST-00021,2026-02,146.1,0,1,0,0
CUST-00022,2026-02,198.82,0,1,0,0
CUST-00024,2026-02,437.88,0,0,0,0
CUST-00027,2026-02,82.17,0,1,0,0
CUST-00029,2026-02,199.59,0,0,1,0
CUST-00030,2026-02,152.11,0,1,0,0
CUST-00037,2026-02,457.7,0,0,0,0
CUST-00038,2026-02,231.55,0,0,1,0
CUST-00039,2026-02,4453.69,0,1,0,0
CUST-00041,2026-02,298.92,0,1,0,0
CUST-00047,2026-02,60.91,0,1,0,0
CUST-00048,2026-02,240.44,0,0,1,0
CUST-00060,2026-02,139.87,0,0,0,0
CUST-00062,2026-02,533.7,0,0,0,0
CUST-00064,2026-02,1090.56,0,0,0,0
CUST-00066,2026-02,1175.99,0,0,0,0
CUST-00067,2026-02,502.48,0,1,0,0
CUST-00069,2026-02,211.93,0,1,0,0
CUST-00071,2026-02,5801.54,0,0,0,0
CUST-00072,2026-02,172.59,0,1,0,0
CUST-00074,2026-02,230.07,0,1,0,0
CUST-00075,2026-02,98.65,0,0,0,0
CUST-00076,2026-02,301.64,0,0,0,0
CUST-00077,2026-02,185.92,0,1,0,0
CUST-00078,2026-02,165.84,0,0,0,0
CUST-00082,2026-02,270.78,0,0,1,0
CUST-00085,2026-02,391.05,0,1,0,0
CUST-00087,2026-02,192.43,0,0,1,0
CUST-00088,2026-02,126.33,0,0,1,0
CUST-00091,2026-02,147.96,0,0,1,0
CUST-00092,2026-02,2449.79,0,0,0,0
CUST-00094,2026-02,5412.32,0,1,0,0
CUST-00095,2026-02,69.6,0,1,0,0
CUST-00096,2026-02,573.31,0,0,0,1
CUST-00098,2026-02,1293.5,0,0,1,0
CUST-00100,2026-02,527.14,0,1,0,0
CUST-00102,2026-02,178.08,0,0,1,0
CUST-00103,2026-02,333.51,0,1,0,0
CUST-00104,2026-02,181.98,0,1,0,0
CUST-00106,2026-02,223.4,0,0,1,0
CUST-00107,2026-02,296.63,0,0,1,0
CUST-00108,2026-02,37.86,0,0,1,0
CUST-00111,2026-02,151.32,0,0,1,0
CUST-00112,2026-02,104.46,0,0,1,0
CUST-00114,2026-02,134.35,0,1,0,0
CUST-00118,2026-02,712.7,0,1,0,0
CUST-00120,2026-02,3765.35,0,0,0,0
CUST-00122,2026-02,250.15,0,0,0,0
CUST-00123,2026-02,4204.92,0,0,0,0
CUST-00126,2026-02,281.99,0,1,0,0
CUST-00129,2026-02,289.38,0,0,0,0
CUST-00131,2026-02,1172.39,0,1,0,0
CUST-00133,2026-02,851.58,0,0,1,0
CUST-00135,2026-02,895.65,0,1,0,0
CUST-00136,2026-02,1146.29,0,0,0,0
CUST-00138,2026-02,162.79,0,0,1,0
CUST-00139,2026-02,268.55,0,1,0,0
CUST-00140,2026-02,2141.32,0,1,0,0
CUST-00141,2026-02,321.1,0,1,0,0
CUST-00142,2026-02,89.19,0,0,0,0
CUST-00143,2026-02,1525.41,0,0,0,0
CUST-00145,2026-02,34.7,0,0,1,0
CUST-00146,2026-02,1075.47,0,1,0,0
CUST-00147,2026-02,368.83,0,0,1,0
CUST-00148,2026-02,126.09,0,0,0,0
CUST-00149,2026-02,74.68,0,0,0,0
CUST-00151,2026-02,285.18,0,0,1,0
CUST-00154,2026-02,733.52,0,0,0,0
CUST-00155,2026-02,2831.31,0,0,0,0
CUST-00157,2026-02,476.96,0,0,0,0
CUST-00162,2026-02,486.89,0,1,0,0
CUST-00163,2026-02,218.61,0,0,0,0
CUST-00165,2026-02,262.03,0,0,0,0
CUST-00166,2026-02,173.63,0,0,0,0
CUST-00168,2026-02,269.44,0,0,0,0
CUST-00169,2026-02,2855.22,0,0,0,0
CUST-00170,2026-02,494.87,0,1,0,0
CUST-00171,2026-02,463.5,0,0,0,0
CUST-00172,2026-02,2675.53,0,1,0,0
CUST-00173,2026-02,231.27,0,0,1,0
CUST-00174,2026-02,204.82,0,0,0,0
CUST-00176,2026-02,200.06,0,1,0,0
CUST-00177,2026-02,99.29,0,0,1,0
CUST-00178,2026-02,310,0,1,0,0
CUST-00179,2026-02,1377.78,0,0,0,0
CUST-00180,2026-02,290.29,0,0,0,0
CUST-00181,2026-02,236.37,0,0,0,0
CUST-00183,2026-02,159.21,0,1,0,0
CUST-00184,2026-02,152.99,0,0,0,0
CUST-00186,2026-02,76.7,0,0,0,0
CUST-00188,2026-02,1489.33,0,1,0,0
CUST-00190,2026-02,45.72,0,1,0,0
CUST-00192,2026-02,1955.44,0,0,0,0
CUST-00193,2026-02,177.2,0,1,0,0
CUST-00194,2026-02,98.92,0,1,0,0
CUST-00195,2026-02,86.06,0,0,1,0
CUST-00196,2026-02,89.65,0,0,0,0
CUST-00197,2026-02,79.99,0,0,0,0
CUST-00198,2026-02,2838.48,0,0,0,0
CUST-00199,2026-02,62.95,0,1,0,0
CUST-00200,2026-02,128.92,0,0,0,0
CUST-00201,2026-02,132.65,0,0,0,0
CUST-00205,2026-02,320,0,1,0,0
CUST-00206,2026-02,222.89,0,1,0,0
CUST-00207,2026-02,1747.77,0,0,0,0
CUST-00208,2026-02,3422.17,0,0,0,0
CUST-00209,2026-02,4070,0,0,0,0
CUST-00210,2026-02,302.8,0,1,0,0
CUST-00211,2026-02,79.02,0,1,0,0
CUST-00214,2026-02,119.78,0,0,0,0
CUST-00215,2026-02,196.29,0,1,0,0
CUST-00216,2026-02,141.42,0,0,0,0
CUST-00217,2026-02,60.62,0,0,1,0
CUST-00220,2026-02,92,0,0,0,0
CUST-00221,2026-02,2280.9,0,1,0,0
CUST-00222,2026-02,754.72,0,0,0,0
CUST-00223,2026-02,283.77,0,1,0,0
CUST-00224,2026-02,89.96,0,0,0,0
CUST-00226,2026-02,720.33,0,1,0,0
CUST-00227,2026-02,308.26,0,0,0,0
CUST-00229,2026-02,121.18,0,1,0,0
CUST-00230,2026-02,349.72,0,1,0,0
CUST-00231,2026-02,146.36,0,0,0,0
CUST-00233,2026-02,1491.74,0,0,1,0
CUST-00234,2026-02,99.83,0,1,0,0
CUST-00235,2026-02,3128.59,0,0,0,0
CUST-00236,2026-02,85.08,0,0,1,0
CUST-00239,2026-02,275.54,0,0,0,0
CUST-00240,2026-02,281.92,0,1,0,0
CUST-00241,2026-02,91.98,0,0,1,0
CUST-00242,2026-02,280.2,0,1,0,0
CUST-00244,2026-02,94.02,0,0,1,0
CUST-00245,2026-02,193.59,0,0,0,1
CUST-00247,2026-02,330.24,0,0,0,0
CUST-00248,2026-02,948.53,0,1,0,0
CUST-00249,2026-02,1367.67,0,1,0,0
CUST-00250,2026-02,256.99,0,1,0,0
CUST-00251,2026-02,1398.34,0,0,0,0
CUST-00254,2026-02,112.73,0,0,0,0
CUST-00257,2026-02,2906.71,0,0,0,0
CUST-00258,2026-02,130.62,0,0,0,0
CUST-00259,2026-02,1506.99,0,1,0,0
CUST-00260,2026-02,382.39,0,0,0,1
CUST-00262,2026-02,215.27,0,0,0,0
CUST-00264,2026-02,111.24,0,0,1,0
CUST-00265,2026-02,70.09,0,0,0,0
CUST-00266,2026-02,135.05,0,0,1,0
CUST-00267,2026-02,246.23,0,0,0,0
CUST-00268,2026-02,187.13,0,0,0,0
CUST-00270,2026-02,985.11,0,0,0,0
CUST-00271,2026-02,59.11,0,1,0,0
CUST-00272,2026-02,240.38,0,0,0,0
CUST-00273,2026-02,3797.78,0,0,0,1
CUST-00274,2026-02,101.07,0,0,1,0
CUST-00275,2026-02,342.14,0,0,0,0
CUST-00276,2026-02,80.56,0,0,0,0
CUST-00277,2026-02,103.8,0,0,1,0
CUST-00278,2026-02,241.34,0,1,0,0
CUST-00279,2026-02,230.68,0,1,0,0
CUST-00280,2026-02,186.81,0,1,0,0
CUST-00281,2026-02,252.73,0,1,0,0
CUST-00283,2026-02,155.64,0,0,0,0
CUST-00284,2026-02,207.55,0,1,0,0
CUST-00285,2026-02,60.27,0,1,0,0
CUST-00286,2026-02,1707.69,0,1,0,0
CUST-00288,2026-02,3256.14,0,0,0,0
CUST-00290,2026-02,258.89,0,1,0,0
CUST-00292,2026-02,135.46,0,0,1,0
CUST-00294,2026-02,1432.19,0,0,1,0
CUST-00296,2026-02,42.96,0,1,0,0
CUST-00297,2026-02,143.2,0,1,0,0
CUST-00298,2026-02,263.52,0,0,0,0
CUST-00299,2026-02,183.68,0,0,0,0
CUST-00300,2026-02,232.35,0,1,0,0
CUST-00301,2026-02,842.78,0,0,0,0
CUST-00302,2026-02,248.28,0,0,0,0
CUST-00303,2026-02,57.64,0,0,0,0
CUST-00304,2026-02,224.13,0,0,0,0
CUST-00305,2026-02,136.19,0,0,0,0
CUST-00306,2026-02,1351.01,0,0,0,0
CUST-00307,2026-02,1003.65,0,0,0,0
CUST-00309,2026-02,1414.75,0,1,0,0
CUST-00310,2026-02,51.88,0,0,0,0
CUST-00311,2026-02,274.38,0,1,0,0
CUST-00312,2026-02,163.31,0,1,0,0
CUST-00313,2026-02,264.28,0,0,0,0
CUST-00315,2026-02,242.62,0,0,0,0
CUST-00316,2026-02,1061.83,0,1,0,0
CUST-00317,2026-02,230.57,0,1,0,0
CUST-00318,2026-02,162.98,0,0,0,1
CUST-00319,2026-02,47.74,0,0,0,0
CUST-00320,2026-02,255.11,0,1,0,0
CUST-00321,2026-02,188.19,0,1,0,0
CUST-00322,2026-02,206.09,0,0,0,0
CUST-00323,2026-02,320.91,0,0,0,0
CUST-00326,2026-02,71.88,0,0,1,0
CUST-00327,2026-02,1295.37,0,0,0,0
CUST-00329,2026-02,39.34,0,0,1,0
CUST-00331,2026-02,189.65,0,1,0,0
CUST-00332,2026-02,52.8,0,1,0,0
CUST-00333,2026-02,194.88,0,0,0,0
CUST-00334,2026-02,117.05,0,1,0,0
CUST-00335,2026-02,191.08,0,0,0,0
CUST-00336,2026-02,123.87,0,0,0,0
CUST-00337,2026-02,275.84,0,0,1,0
CUST-00338,2026-02,287.27,0,1,0,0
CUST-00339,2026-02,148.18,0,1,0,0
CUST-00340,2026-02,1003.93,0,1,0,0
CUST-00341,2026-02,592.19,0,0,0,0
CUST-00342,2026-02,117.6,0,0,0,1
CUST-00343,2026-02,53.63,0,1,0,0
CUST-00344,2026-02,316.84,0,0,0,0
CUST-00346,2026-02,173.04,0,0,1,1
CUST-00347,2026-02,150.95,0,0,0,0
CUST-00348,2026-02,252.71,0,1,0,0
CUST-00349,2026-02,226.13,0,0,0,0
CUST-00351,2026-02,161.7,0,0,1,0
CUST-00352,2026-02,220.18,0,1,0,0
CUST-00354,2026-02,445.7,0,0,0,0
CUST-00355,2026-02,133.94,0,0,0,0
CUST-00356,2026-02,166.23,0,0,0,0
CUST-00357,2026-02,46.08,0,1,0,0
CUST-00358,2026-02,261.58,0,0,0,0
CUST-00359,2026-02,145.17,0,0,0,0
CUST-00360,2026-02,247.37,0,1,0,0
CUST-00361,2026-02,100.85,0,1,0,0
CUST-00363,2026-02,262.2,0,1,0,0
CUST-00364,2026-02,144.11,0,1,0,0
CUST-00365,2026-02,69.25,0,0,0,0
CUST-00366,2026-02,530.93,0,0,1,0
CUST-00368,2026-02,156.92,0,0,0,0
CUST-00369,2026-02,426.81,0,1,0,0
CUST-00370,2026-02,835.45,0,0,0,0
CUST-00371,2026-02,84.84,0,0,0,1
CUST-00373,2026-02,155.48,0,1,0,0
CUST-00374,2026-02,1304.88,0,0,0,0
CUST-00375,2026-02,333.18,0,1,0,0
CUST-00376,2026-02,58.63,0,0,0,0
CUST-00377,2026-02,855.87,0,1,0,0
CUST-00378,2026-02,1059.53,0,1,0,0
CUST-00379,2026-02,84.22,0,1,0,0
CUST-00380,2026-02,244.97,0,0,1,0
CUST-00381,2026-02,289.61,0,0,1,0
CUST-00382,2026-02,225.98,0,0,0,0
CUST-00383,2026-02,59.44,0,0,1,1
CUST-00385,2026-02,1051.72,0,1,0,0
CUST-00386,2026-02,145.97,0,0,0,0
CUST-00387,2026-02,157.54,0,1,0,1
CUST-00388,2026-02,129.87,0,0,1,0
CUST-00389,2026-02,197.22,0,1,0,0
CUST-00390,2026-02,1016.7,0,0,1,0
CUST-00391,2026-02,1394.4,0,0,0,0
CUST-00393,2026-02,827.57,0,0,0,0
CUST-00394,2026-02,331.04,0,0,1,0
CUST-00396,2026-02,477.5,0,1,0,0
CUST-00398,2026-02,112.24,0,0,0,0
CUST-00399,2026-02,51.84,0,0,1,0
CUST-00400,2026-02,109.11,0,0,0,0
CUST-00401,2026-02,321.03,0,0,0,0
CUST-00402,2026-02,146.26,0,1,0,0
CUST-00404,2026-02,869.17,0,0,0,0
CUST-00405,2026-02,120.45,0,0,1,0
CUST-00406,2026-02,1244.45,0,0,0,0
CUST-00407,2026-02,113.72,0,1,0,0
CUST-00408,2026-02,61.5,0,1,0,0
CUST-00409,2026-02,1228.06,0,0,0,0
CUST-00410,2026-02,154.13,0,0,1,0
CUST-00411,2026-02,57.66,0,0,0,0
CUST-00412,2026-02,135.77,0,0,0,0
CUST-00413,2026-02,217.55,0,1,0,0
CUST-00414,2026-02,3179.47,0,0,0,0
CUST-00415,2026-02,200.83,0,1,0,0
CUST-00416,2026-02,94.43,0,1,0,1
CUST-00417,2026-02,72.83,0,1,0,0
CUST-00418,2026-02,96.52,0,1,0,0
CUST-00419,2026-02,76.96,0,1,0,0
CUST-00420,2026-02,3763.24,0,0,0,0
CUST-00421,2026-02,234.49,0,1,0,1
CUST-00423,2026-02,214.41,0,0,0,0
CUST-00424,2026-02,44.86,0,1,0,0
CUST-00425,2026-02,136.44,0,0,1,0
CUST-00426,2026-02,167.99,0,0,1,1
CUST-00427,2026-02,203.29,0,0,0,0
CUST-00428,2026-02,79.11,0,0,0,0
CUST-00429,2026-02,470.31,0,0,1,0
CUST-00430,2026-02,241.86,0,0,0,0
CUST-00431,2026-02,1303.22,0,0,0,0
CUST-00432,2026-02,49.25,0,1,0,0
CUST-00433,2026-02,121.83,0,0,1,0
CUST-00434,2026-02,3785.96,0,0,0,0
CUST-00436,2026-02,1182.63,0,1,0,0
CUST-00437,2026-02,133.5,0,1,0,0
CUST-00438,2026-02,2893.57,0,0,0,0
CUST-00439,2026-02,101.85,0,1,0,0
CUST-00440,2026-02,246.45,0,1,0,0
CUST-00441,2026-02,66.48,0,1,0,0
CUST-00442,2026-02,245.79,0,1,0,0
CUST-00445,2026-02,249,0,0,1,0
CUST-00446,2026-02,182.98,0,0,0,0
CUST-00447,2026-02,2307.68,0,1,0,0
CUST-00448,2026-02,108.88,0,1,0,0
CUST-00449,2026-02,129.43,0,0,0,0
CUST-00450,2026-02,1233.24,0,1,0,0
CUST-00451,2026-02,1242.93,0,1,0,0
CUST-00452,2026-02,2451.13,0,0,0,0
CUST-00453,2026-02,419.84,0,0,0,0
CUST-00454,2026-02,142.22,0,0,1,0
CUST-00455,2026-02,124.82,0,0,0,0
CUST-00456,2026-02,57.54,0,0,0,0
CUST-00458,2026-02,702.33,0,1,0,0
CUST-00459,2026-02,1094.6,0,1,0,0
CUST-00460,2026-02,63.4,0,0,1,0
CUST-00461,2026-02,63.32,0,1,0,0
CUST-00462,2026-02,126.35,0,1,0,1
CUST-00463,2026-02,105.53,0,0,0,0
CUST-00464,2026-02,167.71,0,0,0,0
CUST-00465,2026-02,1291.72,0,0,0,0
CUST-00466,2026-02,131.68,0,1,0,0
CUST-00467,2026-02,160.6,0,1,0,0
CUST-00468,2026-02,217.1,0,0,1,0
CUST-00469,2026-02,795.86,0,0,0,0
CUST-00470,2026-02,228.55,0,0,0,0
CUST-00471,2026-02,788.53,0,1,0,0
CUST-00472,2026-02,832.66,0,1,0,0
CUST-00473,2026-02,1053.76,0,1,0,0
CUST-00474,2026-02,1227.11,0,1,0,0
CUST-00475,2026-02,179.67,0,1,0,0
CUST-00476,2026-02,104.37,0,1,0,0
CUST-00477,2026-02,242.4,0,1,0,0
CUST-00478,2026-02,875.69,0,0,0,0
CUST-00479,2026-02,1212.54,0,0,0,0
CUST-00480,2026-02,113.43,0,0,1,0
CUST-00481,2026-02,230.98,0,0,1,0
CUST-00482,2026-02,43.67,0,0,0,0
CUST-00483,2026-02,195.42,0,0,0,0
CUST-00484,2026-02,136.79,0,0,1,0
CUST-00485,2026-02,1374.12,0,0,0,0
CUST-00486,2026-02,3229.12,0,0,0,0
CUST-00487,2026-02,1347.97,0,0,1,0
CUST-00488,2026-02,210.05,0,1,0,0
CUST-00489,2026-02,107.37,0,0,0,0
CUST-00490,2026-02,2904.58,0,0,0,0
CUST-00491,2026-02,197.76,0,1,0,0
CUST-00492,2026-02,472.48,0,0,0,1
CUST-00493,2026-02,3037.6,0,0,0,0
CUST-00494,2026-02,451.36,0,0,0,0
CUST-00495,2026-02,75.34,0,0,1,0
CUST-00496,2026-02,2190.08,0,1,0,0
CUST-00497,2026-02,95.86,0,0,0,0
CUST-00498,2026-02,923.64,0,0,0,0
CUST-00499,2026-02,1236.36,0,0,0,0
CUST-00500,2026-02,1293.07,1,0,0,0
CUST-00501,2026-02,1398.86,1,0,0,0
CUST-00502,2026-02,1360.93,1,0,0,0
CUST-00503,2026-02,410.25,1,0,0,0
CUST-00504,2026-02,3446.96,1,0,0,0
CUST-00505,2026-02,217.19,1,0,0,0
CUST-00506,2026-02,49.3,1,0,0,0
CUST-00507,2026-02,2965.07,1,0,0,0
CUST-00508,2026-02,175.13,1,0,0,0
CUST-00509,2026-02,65.79,1,0,0,0
CUST-00510,2026-02,249.67,1,0,0,0
CUST-00511,2026-02,243.43,1,0,0,0
CUST-00512,2026-02,1738.34,1,0,0,0
CUST-00513,2026-02,115.94,1,0,0,0
CUST-00514,2026-02,660.73,1,0,0,0
CUST-00515,2026-02,193.86,1,0,0,0
CUST-00516,2026-02,587.27,1,0,0,0
CUST-00517,2026-02,425.84,1,0,0,0
CUST-00518,2026-02,209.96,1,0,0,0
CUST-00519,2026-02,121.96,1,0,0,0
CUST-00520,2026-02,1130.27,1,0,0,0
CUST-00004,2026-03,397.28,0,1,0,0
CUST-00006,2026-03,60.88,0,0,0,0
CUST-00009,2026-03,170.09,0,0,1,0
CUST-00012,2026-03,133.67,0,0,0,0
CUST-00013,2026-03,2837.91,0,1,0,0
CUST-00014,2026-03,76.85,0,0,1,0
CUST-00015,2026-03,111.92,0,0,0,0
CUST-00016,2026-03,76.21,0,0,1,0
CUST-00021,2026-03,142.7,0,0,1,0
CUST-00022,2026-03,208.18,0,1,0,0
CUST-00024,2026-03,456.56,0,1,0,0
CUST-00027,2026-03,83.15,0,0,0,0
CUST-00029,2026-03,204.27,0,1,0,0
CUST-00030,2026-03,150.32,0,0,0,0
CUST-00037,2026-03,444.27,0,0,1,0
CUST-00038,2026-03,226.03,0,0,1,0
CUST-00039,2026-03,4607.75,0,1,0,0
CUST-00041,2026-03,292.11,0,0,1,0
CUST-00047,2026-03,64.35,0,1,0,0
CUST-00048,2026-03,240.92,0,0,0,0
CUST-00060,2026-03,138.81,0,0,0,0
CUST-00062,2026-03,525.11,0,0,0,0
CUST-00064,2026-03,1123.42,0,1,0,0
CUST-00066,2026-03,1191.51,0,0,0,0
CUST-00067,2026-03,509.48,0,0,0,0
CUST-00069,2026-03,214.52,0,0,0,0
CUST-00071,2026-03,5925.19,0,1,0,0
CUST-00072,2026-03,176.34,0,1,0,0
CUST-00074,2026-03,234.53,0,0,0,0
CUST-00075,2026-03,97.19,0,0,0,0
CUST-00076,2026-03,311.25,0,1,0,0
CUST-00077,2026-03,179.72,0,0,1,0
CUST-00078,2026-03,168.98,0,0,0,0
CUST-00082,2026-03,305.31,0,1,0,0
CUST-00085,2026-03,388.72,0,0,0,0
CUST-00087,2026-03,194.14,0,0,0,0
CUST-00088,2026-03,132.67,0,1,0,0
CUST-00091,2026-03,145.22,0,0,0,0
CUST-00092,2026-03,2475.07,0,0,0,0
CUST-00094,2026-03,5657.48,0,1,0,0
CUST-00095,2026-03,58.69,0,0,1,0
CUST-00098,2026-03,1259.95,0,0,1,0
CUST-00100,2026-03,549.75,0,1,0,0
CUST-00102,2026-03,172.51,0,0,1,0
CUST-00103,2026-03,343.33,0,1,0,0
CUST-00104,2026-03,178.47,0,0,0,0
CUST-00106,2026-03,234.29,0,1,0,0
CUST-00107,2026-03,305.55,0,1,0,0
CUST-00108,2026-03,38.82,0,1,0,0
CUST-00111,2026-03,158.92,0,1,0,0
CUST-00112,2026-03,103.66,0,0,0,0
CUST-00114,2026-03,139.81,0,1,0,0
CUST-00118,2026-03,716.57,0,0,0,0
CUST-00120,2026-03,3696.83,0,0,0,0
CUST-00122,2026-03,258.01,0,1,0,0
CUST-00123,2026-03,4508.82,0,1,0,0
CUST-00126,2026-03,297.22,0,1,0,0
CUST-00129,2026-03,300.93,0,1,0,0
CUST-00131,2026-03,1139.02,0,0,1,0
CUST-00133,2026-03,848.89,0,0,0,0
CUST-00135,2026-03,901.29,0,0,0,0
CUST-00136,2026-03,1198.27,0,1,0,0
CUST-00138,2026-03,169.79,0,1,0,0
CUST-00139,2026-03,275.63,0,1,0,0
CUST-00140,2026-03,2151.79,0,0,0,0
CUST-00141,2026-03,339.1,0,1,0,0
CUST-00142,2026-03,93.7,0,1,0,0
CUST-00143,2026-03,1539.18,0,0,0,0
CUST-00145,2026-03,48.2,0,1,0,0
CUST-00146,2026-03,1064.47,0,0,0,0
CUST-00147,2026-03,267.53,0,0,1,0
CUST-00148,2026-03,98.34,0,0,1,0
CUST-00149,2026-03,73.73,0,0,0,0
CUST-00151,2026-03,282.92,0,0,0,0
CUST-00154,2026-03,729.52,0,0,0,0
CUST-00155,2026-03,2937.39,0,1,0,0
CUST-00157,2026-03,606.45,0,1,0,0
CUST-00162,2026-03,487.44,0,0,0,0
CUST-00163,2026-03,219.33,0,0,0,0
CUST-00165,2026-03,271.56,0,1,0,0
CUST-00166,2026-03,177.66,0,1,0,0
CUST-00168,2026-03,271.39,0,0,0,0
CUST-00169,2026-03,2921.22,0,1,0,0
CUST-00170,2026-03,517.61,0,1,0,0
CUST-00171,2026-03,477.07,0,1,0,0
CUST-00172,2026-03,2668.98,0,0,0,0
CUST-00173,2026-03,239.67,0,1,0,0
CUST-00174,2026-03,208.22,0,0,0,1
CUST-00176,2026-03,199.39,0,0,0,0
CUST-00177,2026-03,101.4,0,1,0,0
CUST-00178,2026-03,306.9,0,0,0,0
CUST-00179,2026-03,1410.72,0,1,0,0
CUST-00180,2026-03,301.58,0,1,0,0
CUST-00181,2026-03,239.45,0,0,0,0
CUST-00183,2026-03,157.18,0,0,0,0
CUST-00184,2026-03,159.55,0,1,0,1
CUST-00186,2026-03,75.78,0,0,0,0
CUST-00188,2026-03,1451.18,0,0,1,0
CUST-00190,2026-03,45.26,0,0,0,0
CUST-00192,2026-03,1949.31,0,0,0,0
CUST-00193,2026-03,174.16,0,0,0,0
CUST-00194,2026-03,96.21,0,0,1,0
CUST-00195,2026-03,86.55,0,0,0,0
CUST-00196,2026-03,117.67,0,1,0,0
CUST-00197,2026-03,81.88,0,1,0,0
CUST-00198,2026-03,2795.15,0,0,0,0
CUST-00199,2026-03,61.09,0,0,1,0
CUST-00200,2026-03,130.97,0,0,0,0
CUST-00201,2026-03,80.76,0,0,1,0
CUST-00205,2026-03,337.52,0,1,0,0
CUST-00206,2026-03,215.19,0,0,1,0
CUST-00207,2026-03,1751.37,0,0,0,0
CUST-00208,2026-03,3461.51,0,0,0,0
CUST-00209,2026-03,4210.77,0,1,0,0
CUST-00210,2026-03,307.18,0,0,0,0
CUST-00211,2026-03,77.22,0,0,1,0
CUST-00214,2026-03,121.53,0,0,0,0
CUST-00215,2026-03,189.82,0,0,1,0
CUST-00216,2026-03,194.75,0,1,0,0
CUST-00217,2026-03,59.05,0,0,1,0
CUST-00220,2026-03,95.85,0,1,0,0
CUST-00221,2026-03,2303.41,0,0,0,0
CUST-00222,2026-03,750.64,0,0,0,0
CUST-00223,2026-03,274.2,0,0,1,0
CUST-00224,2026-03,87.98,0,0,1,0
CUST-00226,2026-03,720.79,0,0,0,0
CUST-00227,2026-03,307.16,0,0,0,0
CUST-00229,2026-03,124.81,0,1,0,0
CUST-00230,2026-03,339.99,0,0,1,0
CUST-00231,2026-03,144.46,0,0,0,0
CUST-00233,2026-03,1480.05,0,0,0,0
CUST-00234,2026-03,102.53,0,1,0,0
CUST-00235,2026-03,3347.16,0,1,0,0
CUST-00236,2026-03,105.95,0,1,0,0
CUST-00239,2026-03,264.82,0,0,1,0
CUST-00240,2026-03,292.8,0,1,0,0
CUST-00241,2026-03,96.92,0,1,0,0
CUST-00242,2026-03,293.5,0,1,0,0
CUST-00244,2026-03,59.11,0,0,1,0
CUST-00247,2026-03,392.69,0,1,0,0
CUST-00248,2026-03,926.09,0,0,1,0
CUST-00249,2026-03,1401.5,0,1,0,0
CUST-00250,2026-03,252.15,0,0,0,0
CUST-00251,2026-03,1455.15,0,1,0,0
CUST-00254,2026-03,110.45,0,0,1,0
CUST-00257,2026-03,2965.31,0,1,0,0
CUST-00258,2026-03,133.8,0,1,0,1
CUST-00259,2026-03,1482.29,0,0,0,0
CUST-00262,2026-03,209.91,0,0,1,0
CUST-00264,2026-03,112.37,0,0,0,0
CUST-00265,2026-03,69.69,0,0,0,0
CUST-00266,2026-03,140.54,0,1,0,0
CUST-00267,2026-03,250.01,0,0,0,0
CUST-00268,2026-03,228.13,0,1,0,0
CUST-00270,2026-03,970.5,0,0,0,0
CUST-00271,2026-03,59.33,0,0,0,0
CUST-00272,2026-03,244,0,0,0,0
CUST-00274,2026-03,106.15,0,1,0,0
CUST-00275,2026-03,334.52,0,0,1,0
CUST-00276,2026-03,96.26,0,1,0,0
CUST-00277,2026-03,144.41,0,1,0,0
CUST-00278,2026-03,254.16,0,1,0,0
CUST-00279,2026-03,236.5,0,1,0,0
CUST-00280,2026-03,185.02,0,0,0,0
CUST-00281,2026-03,250.48,0,0,0,0
CUST-00283,2026-03,203.56,0,1,0,0
CUST-00284,2026-03,200.05,0,0,1,0
CUST-00285,2026-03,61.86,0,1,0,0
CUST-00286,2026-03,1679.47,0,0,0,0
CUST-00288,2026-03,3249.65,0,0,0,0
CUST-00290,2026-03,266.56,0,1,0,0
CUST-00292,2026-03,131.5,0,0,1,0
CUST-00294,2026-03,1499.73,0,1,0,0
CUST-00296,2026-03,45.23,0,1,0,0
CUST-00297,2026-03,141.86,0,0,0,0
CUST-00298,2026-03,264.39,0,0,0,0
CUST-00299,2026-03,192.43,0,1,0,0
CUST-00300,2026-03,244.01,0,1,0,0
CUST-00301,2026-03,869.95,0,1,0,0
CUST-00302,2026-03,259.6,0,1,0,0
CUST-00303,2026-03,55.94,0,0,1,0
CUST-00304,2026-03,226.35,0,0,0,0
CUST-00305,2026-03,142.49,0,1,0,0
CUST-00306,2026-03,1377.48,0,0,0,0
CUST-00307,2026-03,1021.39,0,0,0,0
CUST-00309,2026-03,1436.04,0,0,0,0
CUST-00310,2026-03,54.21,0,1,0,1
CUST-00311,2026-03,281.33,0,1,0,0
CUST-00312,2026-03,171.59,0,1,0,0
CUST-00313,2026-03,259.33,0,0,0,0
CUST-00315,2026-03,253.46,0,1,0,0
CUST-00316,2026-03,1070.73,0,0,0,0
CUST-00317,2026-03,240.59,0,1,0,0
CUST-00319,2026-03,49.56,0,1,0,0
CUST-00320,2026-03,265.46,0,1,0,0
CUST-00321,2026-03,182.07,0,0,1,0
CUST-00322,2026-03,201.33,0,0,1,0
CUST-00323,2026-03,338.46,0,1,0,0
CUST-00326,2026-03,70.78,0,0,0,0
CUST-00327,2026-03,1350.75,0,1,0,0
CUST-00329,2026-03,39.1,0,0,0,0
CUST-00331,2026-03,196.55,0,1,0,0
CUST-00332,2026-03,53.42,0,0,0,0
CUST-00333,2026-03,192.28,0,0,0,0
CUST-00334,2026-03,117.4,0,0,0,0
CUST-00335,2026-03,197.45,0,1,0,0
CUST-00336,2026-03,122.18,0,0,0,0
CUST-00337,2026-03,289.23,0,1,0,0
CUST-00338,2026-03,297.24,0,1,0,0
CUST-00339,2026-03,147.97,0,0,0,0
CUST-00340,2026-03,1130.37,0,1,0,0
CUST-00341,2026-03,589.34,0,0,0,0
CUST-00343,2026-03,51.88,0,0,1,0
CUST-00344,2026-03,325.86,0,1,0,0
CUST-00347,2026-03,190.29,0,1,0,0
CUST-00348,2026-03,253.15,0,0,0,0
CUST-00349,2026-03,220.77,0,0,1,0
CUST-00351,2026-03,162.48,0,0,0,0
CUST-00352,2026-03,216.8,0,0,0,0
CUST-00354,2026-03,446.89,0,0,0,0
CUST-00355,2026-03,134.06,0,0,0,0
CUST-00356,2026-03,172.33,0,1,0,0
CUST-00357,2026-03,46.39,0,0,0,0
CUST-00358,2026-03,255.3,0,0,1,0
CUST-00359,2026-03,146.62,0,0,0,0
CUST-00360,2026-03,241.6,0,0,1,0
CUST-00361,2026-03,99.91,0,0,0,0
CUST-00363,2026-03,266.7,0,0,0,0
CUST-00364,2026-03,92.81,0,0,1,0
CUST-00365,2026-03,70.01,0,0,0,0
CUST-00366,2026-03,412.83,0,0,1,0
CUST-00368,2026-03,123.94,0,0,1,0
CUST-00369,2026-03,424.94,0,0,0,0
CUST-00370,2026-03,850.7,0,0,0,0
CUST-00373,2026-03,163.33,0,1,0,0
CUST-00374,2026-03,1366.97,0,1,0,0
CUST-00375,2026-03,346.71,0,1,0,0
CUST-00376,2026-03,76.33,0,1,0,0
CUST-00377,2026-03,857.19,0,0,0,0
CUST-00378,2026-03,1060.91,0,0,0,0
CUST-00379,2026-03,84.77,0,0,0,0
CUST-00380,2026-03,240.12,0,0,0,0
CUST-00381,2026-03,332.22,0,1,0,0
CUST-00382,2026-03,235.64,0,1,0,0
CUST-00385,2026-03,1029.92,0,0,1,0
CUST-00386,2026-03,147.65,0,0,0,0
CUST-00388,2026-03,130.3,0,0,0,0
CUST-00389,2026-03,192.99,0,0,1,0
CUST-00390,2026-03,998.73,0,0,0,0
CUST-00391,2026-03,1385.08,0,0,0,0
CUST-00393,2026-03,847.23,0,1,0,0
CUST-00394,2026-03,337.63,0,0,0,0
CUST-00396,2026-03,463.85,0,0,1,0
CUST-00398,2026-03,107.76,0,0,1,0
CUST-00399,2026-03,71.94,0,1,0,0
CUST-00400,2026-03,113.51,0,1,0,0
CUST-00401,2026-03,331.84,0,1,0,0
CUST-00402,2026-03,143.58,0,0,0,0
CUST-00404,2026-03,1083.07,0,1,0,0
CUST-00405,2026-03,120.31,0,0,0,0
CUST-00406,2026-03,1291.3,0,1,0,0
CUST-00407,2026-03,116,0,1,0,0
CUST-00408,2026-03,60,0,0,1,0
CUST-00409,2026-03,929.58,0,0,1,0
CUST-00410,2026-03,160.92,0,1,0,0
CUST-00411,2026-03,59.74,0,1,0,0
CUST-00412,2026-03,131.92,0,0,1,0
CUST-00413,2026-03,222.28,0,1,0,0
CUST-00414,2026-03,3277.02,0,1,0,0
CUST-00415,2026-03,203.8,0,0,0,0
CUST-00417,2026-03,72.83,0,0,0,0
CUST-00418,2026-03,97.1,0,0,0,0
CUST-00419,2026-03,80.03,0,1,0,0
CUST-00420,2026-03,4357.9,0,1,0,0
CUST-00423,2026-03,216.02,0,0,0,0
CUST-00424,2026-03,44.43,0,0,0,0
CUST-00425,2026-03,136.15,0,0,0,0
CUST-00427,2026-03,204.64,0,0,0,0
CUST-00428,2026-03,81.67,0,1,0,0
CUST-00429,2026-03,469.97,0,0,0,0
CUST-00430,2026-03,285.46,0,1,0,0
CUST-00431,2026-03,1596.8,0,1,0,0
CUST-00432,2026-03,48.85,0,0,0,0
CUST-00433,2026-03,119.6,0,0,0,0
CUST-00434,2026-03,3881.68,0,1,0,0
CUST-00436,2026-03,1211.32,0,1,0,0
CUST-00437,2026-03,186.14,0,1,0,0
CUST-00438,2026-03,2549.01,0,0,1,0
CUST-00439,2026-03,104.66,0,1,0,0
CUST-00440,2026-03,236.74,0,0,1,0
CUST-00441,2026-03,67.33,0,0,0,0
CUST-00442,2026-03,259.42,0,1,0,0
CUST-00445,2026-03,262.99,0,1,0,0
CUST-00446,2026-03,186.26,0,0,0,0
CUST-00447,2026-03,2325.72,0,0,0,0
CUST-00448,2026-03,113.25,0,1,0,0
CUST-00449,2026-03,133,0,1,0,0
CUST-00450,2026-03,1229.14,0,0,0,0
CUST-00451,2026-03,1266.35,0,0,0,0
CUST-00452,2026-03,2494.92,0,0,0,0
CUST-00453,2026-03,433.71,0,1,0,0
CUST-00454,2026-03,145,0,0,0,0
CUST-00455,2026-03,119.86,0,0,1,0
CUST-00456,2026-03,59.92,0,1,0,0
CUST-00458,2026-03,699.69,0,0,0,0
CUST-00459,2026-03,1098.94,0,0,0,0
CUST-00460,2026-03,63.91,0,0,0,0
CUST-00461,2026-03,61.81,0,0,1,1
CUST-00463,2026-03,106.7,0,0,0,0
CUST-00464,2026-03,165.04,0,0,0,0
CUST-00465,2026-03,1269.81,0,0,0,0
CUST-00466,2026-03,177.91,0,1,0,1
CUST-00467,2026-03,162.58,0,0,0,0
CUST-00468,2026-03,220.17,0,0,0,0
CUST-00469,2026-03,804.58,0,0,0,0
CUST-00470,2026-03,239.81,0,1,0,0
CUST-00471,2026-03,813.18,0,1,0,0
CUST-00472,2026-03,825.23,0,0,0,0
CUST-00473,2026-03,1106.6,0,1,0,0
CUST-00474,2026-03,1281.75,0,1,0,0
CUST-00475,2026-03,182.42,0,0,0,0
CUST-00476,2026-03,103.81,0,0,0,0
CUST-00477,2026-03,240.73,0,0,0,0
CUST-00478,2026-03,881.4,0,0,0,0
CUST-00479,2026-03,1236.16,0,0,0,0
CUST-00480,2026-03,111.87,0,0,0,1
CUST-00481,2026-03,240.79,0,1,0,0
CUST-00482,2026-03,42.62,0,0,1,0
CUST-00483,2026-03,187.6,0,0,1,0
CUST-00484,2026-03,105.88,0,0,1,0
CUST-00485,2026-03,1359.2,0,0,0,0
CUST-00486,2026-03,3177.39,0,0,0,0
CUST-00487,2026-03,1354.04,0,0,0,0
CUST-00488,2026-03,215.43,0,1,0,0
CUST-00489,2026-03,109.12,0,0,0,0
CUST-00490,2026-03,2876.14,0,0,0,0
CUST-00491,2026-03,194.25,0,0,0,0
CUST-00493,2026-03,3020.39,0,0,0,0
CUST-00494,2026-03,442.75,0,0,0,0
CUST-00495,2026-03,77.67,0,1,0,0
CUST-00496,2026-03,2253.53,0,1,0,0
CUST-00497,2026-03,96,0,0,0,0
CUST-00498,2026-03,960.05,0,1,0,0
CUST-00499,2026-03,1251.12,0,0,0,0
CUST-00500,2026-03,1295.36,0,0,0,0
CUST-00501,2026-03,1405.35,0,0,0,0
CUST-00502,2026-03,1399.5,0,1,0,0
CUST-00503,2026-03,418.13,0,0,0,0
CUST-00504,2026-03,3379.73,0,0,0,0
CUST-00505,2026-03,216.29,0,0,0,0
CUST-00506,2026-03,48.52,0,0,0,0
CUST-00507,2026-03,2997.42,0,0,0,0
CUST-00508,2026-03,168.18,0,0,1,0
CUST-00509,2026-03,66.12,0,0,0,0
CUST-00510,2026-03,253.52,0,0,0,0
CUST-00511,2026-03,253.68,0,1,0,0
CUST-00512,2026-03,1784.36,0,1,0,0
CUST-00513,2026-03,121.76,0,1,0,0
CUST-00514,2026-03,674.67,0,1,0,0
CUST-00515,2026-03,205.27,0,1,0,0
CUST-00516,2026-03,612.52,0,1,0,0
CUST-00517,2026-03,439.74,0,1,0,0
CUST-00518,2026-03,206.51,0,0,0,0
CUST-00519,2026-03,117.66,0,0,1,0
CUST-00520,2026-03,1151.9,0,0,0,0
CUST-00521,2026-03,128.26,1,0,0,0
CUST-00522,2026-03,1380.36,1,0,0,0
CUST-00523,2026-03,192.47,1,0,0,0
CUST-00524,2026-03,81.46,1,0,0,0
CUST-00525,2026-03,171.64,1,0,0,0
CUST-00526,2026-03,139.74,1,0,0,0
CUST-00527,2026-03,351.31,1,0,0,0
CUST-00528,2026-03,199.35,1,0,0,1
CUST-00529,2026-03,464.55,1,0,0,0
CUST-00530,2026-03,93.4,1,0,0,0
CUST-00531,2026-03,220.59,1,0,0,0
CUST-00532,2026-03,79.82,1,0,0,0
CUST-00533,2026-03,1403.72,1,0,0,0
CUST-00534,2026-03,208.07,1,0,0,0
CUST-00535,2026-03,910.28,1,0,0,0
CUST-00536,2026-03,80.33,1,0,0,0
CUST-00537,2026-03,195.76,1,0,0,0
CUST-00538,2026-03,91.85,1,0,0,0
CUST-00539,2026-03,234.23,1,0,0,0
CUST-00540,2026-03,1714.43,1,0,0,0
CUST-00541,2026-03,398.81,1,0,0,0
CUST-00542,2026-03,125.51,1,0,0,0
CUST-00543,2026-03,179.3,1,0,0,0
CUST-00004,2026-04,554.11,0,1,0,0
CUST-00006,2026-04,59.31,0,0,1,0
CUST-00009,2026-04,166.53,0,0,1,0
CUST-00012,2026-04,140.93,0,1,0,0
CUST-00013,2026-04,2922.11,0,1,0,0
CUST-00014,2026-04,96.7,0,1,0,0
CUST-00015,2026-04,116.79,0,1,0,0
CUST-00016,2026-04,74.04,0,0,1,0
CUST-00021,2026-04,140.65,0,0,0,0
CUST-00022,2026-04,201.55,0,0,1,0
CUST-00024,2026-04,482.72,0,1,0,0
CUST-00027,2026-04,70.69,0,0,1,0
CUST-00029,2026-04,208.44,0,1,0,0
CUST-00030,2026-04,155.59,0,1,0,0
CUST-00037,2026-04,443.4,0,0,0,0
CUST-00038,2026-04,225.49,0,0,0,0
CUST-00039,2026-04,4608.45,0,0,0,0
CUST-00041,2026-04,283.02,0,0,1,0
CUST-00047,2026-04,67.59,0,1,0,0
CUST-00048,2026-04,249.48,0,1,0,0
CUST-00060,2026-04,135.45,0,0,1,0
CUST-00062,2026-04,512.27,0,0,1,0
CUST-00064,2026-04,1166.34,0,1,0,0
CUST-00066,2026-04,1200.46,0,0,0,0
CUST-00067,2026-04,507.4,0,0,0,0
CUST-00069,2026-04,225.8,0,1,0,0
CUST-00071,2026-04,6067.24,0,1,0,0
CUST-00072,2026-04,177.45,0,0,0,0
CUST-00074,2026-04,248.14,0,1,0,0
CUST-00075,2026-04,98.8,0,0,0,0
CUST-00076,2026-04,314.67,0,0,0,0
CUST-00077,2026-04,183.56,0,1,0,0
CUST-00078,2026-04,219.15,0,1,0,0
CUST-00082,2026-04,300.93,0,0,0,0
CUST-00085,2026-04,401.12,0,1,0,0
CUST-00087,2026-04,186.62,0,0,1,0
CUST-00088,2026-04,127.73,0,0,1,0
CUST-00091,2026-04,148.63,0,1,0,0
CUST-00092,2026-04,2432.76,0,0,0,0
CUST-00094,2026-04,5893.04,0,1,0,0
CUST-00095,2026-04,56.88,0,0,1,0
CUST-00098,2026-04,1319.88,0,1,0,0
CUST-00100,2026-04,569.3,0,1,0,0
CUST-00102,2026-04,177.37,0,1,0,0
CUST-00103,2026-04,352.41,0,1,0,0
CUST-00104,2026-04,185.51,0,1,0,0
CUST-00106,2026-04,234.51,0,0,0,0
CUST-00107,2026-04,309.03,0,0,0,0
CUST-00108,2026-04,38.84,0,0,0,0
CUST-00111,2026-04,152.66,0,0,1,0
CUST-00112,2026-04,101.47,0,0,1,0
CUST-00114,2026-04,135.73,0,0,1,0
CUST-00118,2026-04,696.98,0,0,1,0
CUST-00120,2026-04,3754.85,0,0,0,0
CUST-00122,2026-04,266.3,0,1,0,0
CUST-00123,2026-04,4611.83,0,1,0,0
CUST-00126,2026-04,308.58,0,1,0,0
CUST-00129,2026-04,299.81,0,0,0,0
CUST-00131,2026-04,1140.08,0,0,0,0
CUST-00133,2026-04,828.72,0,0,1,0
CUST-00135,2026-04,913.65,0,0,0,0
CUST-00136,2026-04,1188.8,0,0,0,0
CUST-00138,2026-04,164.04,0,0,1,0
CUST-00139,2026-04,282.57,0,1,0,0
CUST-00140,2026-04,2141.26,0,0,0,0
CUST-00141,2026-04,454.25,0,1,0,0
CUST-00142,2026-04,98.75,0,1,0,0
CUST-00143,2026-04,1595.4,0,1,0,0
CUST-00145,2026-04,48.82,0,0,0,0
CUST-00146,2026-04,1050.66,0,0,0,0
CUST-00147,2026-04,280.88,0,1,0,0
CUST-00148,2026-04,101.22,0,1,0,0
CUST-00149,2026-04,76.02,0,1,0,0
CUST-00151,2026-04,294,0,1,0,0
CUST-00154,2026-04,893.58,0,1,0,0
CUST-00155,2026-04,2888.01,0,0,0,0
CUST-00157,2026-04,767.04,0,1,0,0
CUST-00162,2026-04,488.61,0,0,0,0
CUST-00163,2026-04,223.43,0,0,0,0
CUST-00165,2026-04,278.85,0,1,0,0
CUST-00166,2026-04,186.79,0,1,0,0
CUST-00168,2026-04,287.59,0,1,0,0
CUST-00169,2026-04,3329.58,0,1,0,0
CUST-00170,2026-04,528.92,0,1,0,0
CUST-00171,2026-04,493.55,0,1,0,0
CUST-00172,2026-04,2640.27,0,0,0,0
CUST-00173,2026-04,249.43,0,1,0,0
CUST-00176,2026-04,194.78,0,0,1,0
CUST-00177,2026-04,98,0,0,1,0
CUST-00178,2026-04,320.5,0,1,0,0
CUST-00179,2026-04,1404.39,0,0,0,0
CUST-00180,2026-04,319.13,0,1,0,0
CUST-00181,2026-04,243.06,0,0,0,0
CUST-00183,2026-04,162.45,0,1,0,0
CUST-00186,2026-04,90.49,0,1,0,0
CUST-00188,2026-04,1497.97,0,1,0,0
CUST-00190,2026-04,45.11,0,0,0,0
CUST-00192,2026-04,1979.49,0,0,0,0
CUST-00193,2026-04,207.15,0,1,0,0
CUST-00194,2026-04,96.31,0,0,0,0
CUST-00195,2026-04,86.84,0,0,0,0
CUST-00196,2026-04,123.47,0,1,0,0
CUST-00197,2026-04,83.98,0,1,0,0
CUST-00198,2026-04,2786.15,0,0,0,0
CUST-00199,2026-04,60.57,0,0,0,0
CUST-00200,2026-04,135.95,0,1,0,0
CUST-00201,2026-04,78.69,0,0,1,0
CUST-00205,2026-04,337.28,0,0,0,0
CUST-00206,2026-04,218.98,0,0,0,0
CUST-00207,2026-04,1784.46,0,0,0,0
CUST-00208,2026-04,3523.51,0,0,0,0
CUST-00209,2026-04,4202.7,0,0,0,0
CUST-00210,2026-04,403.97,0,1,0,0
CUST-00211,2026-04,81.01,0,1,0,0
CUST-00214,2026-04,123.03,0,0,0,0
CUST-00215,2026-04,186.57,0,0,0,0
CUST-00216,2026-04,268.28,0,1,0,0
CUST-00217,2026-04,57.55,0,0,1,0
CUST-00220,2026-04,100.31,0,1,0,0
CUST-00221,2026-04,2283.91,0,0,0,0
CUST-00222,2026-04,786.79,0,1,0,0
CUST-00223,2026-04,271.19,0,0,0,0
CUST-00224,2026-04,85.93,0,0,1,0
CUST-00226,2026-04,720.94,0,0,0,0
CUST-00227,2026-04,309.92,0,0,0,0
CUST-00229,2026-04,132.19,0,1,0,0
CUST-00230,2026-04,327.92,0,0,1,0
CUST-00231,2026-04,147.86,0,1,0,0
CUST-00233,2026-04,1539.92,0,1,0,0
CUST-00234,2026-04,99.26,0,0,1,0
CUST-00235,2026-04,3371.95,0,0,0,0
CUST-00236,2026-04,105.78,0,0,0,0
CUST-00239,2026-04,269.07,0,0,0,0
CUST-00240,2026-04,235.02,0,0,1,0
CUST-00241,2026-04,101.04,0,1,0,0
CUST-00242,2026-04,303.5,0,1,0,0
CUST-00244,2026-04,58.19,0,0,0,0
CUST-00247,2026-04,456.28,0,1,0,0
CUST-00248,2026-04,901.9,0,0,1,0
CUST-00249,2026-04,1427.8,0,0,0,0
CUST-00250,2026-04,254.09,0,0,0,0
CUST-00251,2026-04,1475.86,0,0,0,0
CUST-00254,2026-04,111.55,0,0,0,0
CUST-00257,2026-04,3053.35,0,1,0,0
CUST-00259,2026-04,1469.68,0,0,0,0
CUST-00262,2026-04,218.37,0,1,0,0
CUST-00264,2026-04,108.88,0,0,1,0
CUST-00265,2026-04,69.74,0,0,0,0
CUST-00266,2026-04,142.92,0,0,0,0
CUST-00267,2026-04,260.68,0,1,0,0
CUST-00268,2026-04,225.41,0,0,0,0
CUST-00270,2026-04,958.68,0,0,0,0
CUST-00271,2026-04,62.14,0,1,0,0
CUST-00272,2026-04,245,0,0,0,0
CUST-00274,2026-04,111.19,0,1,0,0
CUST-00275,2026-04,353.12,0,1,0,0
CUST-00276,2026-04,93.6,0,0,1,0
CUST-00277,2026-04,150.46,0,1,0,0
CUST-00278,2026-04,250.76,0,0,0,0
CUST-00279,2026-04,230.06,0,0,1,0
CUST-00280,2026-04,182.19,0,0,0,0
CUST-00281,2026-04,257.2,0,1,0,0
CUST-00283,2026-04,209.51,0,1,0,0
CUST-00284,2026-04,205.15,0,1,0,0
CUST-00285,2026-04,77.44,0,1,0,0
CUST-00286,2026-04,1963.44,0,1,0,0
CUST-00288,2026-04,3778.55,0,1,0,0
CUST-00290,2026-04,262.87,0,0,0,0
CUST-00292,2026-04,134.22,0,1,0,0
CUST-00294,2026-04,1515.59,0,0,0,0
CUST-00296,2026-04,46.33,0,1,0,0
CUST-00297,2026-04,141.69,0,0,0,0
CUST-00298,2026-04,279.42,0,1,0,0
CUST-00299,2026-04,189.5,0,0,0,0
CUST-00300,2026-04,237.24,0,0,1,0
CUST-00301,2026-04,905.4,0,1,0,0
CUST-00302,2026-04,269.11,0,1,0,0
CUST-00303,2026-04,57.02,0,0,0,0
CUST-00304,2026-04,239.5,0,1,0,0
CUST-00305,2026-04,93.69,0,0,1,0
CUST-00306,2026-04,1397.52,0,0,0,0
CUST-00307,2026-04,1016.02,0,0,0,0
CUST-00309,2026-04,1487.06,0,1,0,0
CUST-00311,2026-04,275.14,0,0,1,0
CUST-00312,2026-04,178.65,0,1,0,0
CUST-00313,2026-04,271.94,0,1,0,0
CUST-00315,2026-04,248.42,0,0,0,0
CUST-00316,2026-04,1112.3,0,1,0,0
CUST-00317,2026-04,233.64,0,0,1,0
CUST-00319,2026-04,49.68,0,0,0,0
CUST-00320,2026-04,259.14,0,0,1,0
CUST-00321,2026-04,183.91,0,0,0,0
CUST-00322,2026-04,206.89,0,1,0,0
CUST-00323,2026-04,341.57,0,0,0,0
CUST-00326,2026-04,72.5,0,1,0,0
CUST-00327,2026-04,1410.53,0,1,0,0
CUST-00329,2026-04,38.95,0,0,0,0
CUST-00331,2026-04,197.54,0,0,0,0
CUST-00332,2026-04,51.83,0,0,1,0
CUST-00333,2026-04,185.15,0,0,1,1
CUST-00334,2026-04,124.18,0,1,0,0
CUST-00335,2026-04,204.34,0,1,0,0
CUST-00336,2026-04,146.92,0,1,0,0
CUST-00337,2026-04,288.32,0,0,0,0
CUST-00338,2026-04,296.52,0,0,0,0
CUST-00339,2026-04,152.67,0,1,0,0
CUST-00340,2026-04,1180.32,0,1,0,0
CUST-00341,2026-04,600.28,0,0,0,0
CUST-00343,2026-04,51.97,0,0,0,0
CUST-00344,2026-04,331.97,0,0,0,0
CUST-00347,2026-04,193.5,0,0,0,0
CUST-00348,2026-04,252.49,0,0,0,0
CUST-00349,2026-04,227.4,0,1,0,0
CUST-00351,2026-04,161.8,0,0,0,0
CUST-00352,2026-04,213.93,0,0,0,0
CUST-00354,2026-04,454.43,0,0,0,0
CUST-00355,2026-04,131.86,0,0,0,0
CUST-00356,2026-04,166.33,0,0,1,0
CUST-00357,2026-04,46.07,0,0,0,0
CUST-00358,2026-04,255.14,0,0,0,0
CUST-00359,2026-04,145.87,0,0,0,0
CUST-00360,2026-04,241.7,0,0,0,0
CUST-00361,2026-04,97.66,0,0,1,0
CUST-00363,2026-04,257.18,0,0,1,0
CUST-00364,2026-04,97.28,0,1,0,0
CUST-00365,2026-04,69.55,0,0,0,0
CUST-00366,2026-04,413.19,0,0,0,0
CUST-00368,2026-04,124.67,0,0,0,0
CUST-00369,2026-04,493.33,0,1,0,0
CUST-00370,2026-04,828.13,0,0,1,0
CUST-00373,2026-04,171.96,0,1,0,0
CUST-00374,2026-04,1417.95,0,1,0,0
CUST-00375,2026-04,218.71,0,0,1,0
CUST-00376,2026-04,78.98,0,1,0,0
CUST-00377,2026-04,842.42,0,0,0,0
CUST-00378,2026-04,1365.15,0,1,0,0
CUST-00379,2026-04,89.52,0,1,0,0
CUST-00380,2026-04,240.16,0,0,0,0
CUST-00381,2026-04,335.02,0,0,0,0
CUST-00382,2026-04,239.05,0,0,0,0
CUST-00385,2026-04,1029.02,0,0,0,0
CUST-00386,2026-04,148.77,0,0,0,0
CUST-00388,2026-04,134.29,0,1,0,0
CUST-00389,2026-04,201.75,0,1,0,0
CUST-00390,2026-04,983.35,0,0,0,0
CUST-00391,2026-04,1375.04,0,0,0,0
CUST-00393,2026-04,883.1,0,1,0,0
CUST-00394,2026-04,331.02,0,0,0,0
CUST-00396,2026-04,461.37,0,0,0,0
CUST-00398,2026-04,109.84,0,0,0,0
CUST-00399,2026-04,72.23,0,0,0,0
CUST-00400,2026-04,109.57,0,0,1,0
CUST-00401,2026-04,342.87,0,1,0,0
CUST-00402,2026-04,148.06,0,1,0,0
CUST-00404,2026-04,1079.64,0,0,0,0
CUST-00405,2026-04,125.4,0,1,0,0
CUST-00406,2026-04,1355.43,0,1,0,0
CUST-00407,2026-04,114.84,0,0,0,1
CUST-00408,2026-04,62.31,0,1,0,0
CUST-00409,2026-04,950.09,0,1,0,0
CUST-00410,2026-04,158.78,0,0,0,0
CUST-00411,2026-04,61.63,0,1,0,0
CUST-00412,2026-04,138.95,0,1,0,0
CUST-00413,2026-04,225.27,0,0,0,0
CUST-00414,2026-04,3388.85,0,1,0,0
CUST-00415,2026-04,203.97,0,0,0,0
CUST-00417,2026-04,74.99,0,1,0,1
CUST-00418,2026-04,100.65,0,1,0,0
CUST-00419,2026-04,96.77,0,1,0,0
CUST-00420,2026-04,4368.07,0,0,0,0
CUST-00423,2026-04,219.76,0,0,0,0
CUST-00424,2026-04,42.86,0,0,1,0
CUST-00425,2026-04,133.42,0,0,1,0
CUST-00427,2026-04,211.52,0,1,0,0
CUST-00428,2026-04,81.41,0,0,0,0
CUST-00429,2026-04,488.39,0,1,0,0
CUST-00430,2026-04,297.46,0,1,0,0
CUST-00431,2026-04,1653.85,0,1,0,0
CUST-00432,2026-04,49.37,0,0,0,0
CUST-00433,2026-04,122.28,0,1,0,0
CUST-00434,2026-04,3903.44,0,0,0,0
CUST-00436,2026-04,1004.18,0,0,1,0
CUST-00437,2026-04,143.07,0,0,1,0
CUST-00438,2026-04,2568.98,0,0,0,0
CUST-00439,2026-04,106.25,0,0,0,0
CUST-00440,2026-04,240.05,0,0,0,0
CUST-00441,2026-04,65.36,0,0,1,0
CUST-00442,2026-04,263.83,0,0,0,0
CUST-00445,2026-04,266.86,0,0,0,0
CUST-00446,2026-04,188.31,0,0,0,0
CUST-00447,2026-04,2378.12,0,1,0,0
CUST-00448,2026-04,108.93,0,0,1,0
CUST-00449,2026-04,128.86,0,0,1,0
CUST-00450,2026-04,1234.26,0,0,0,0
CUST-00451,2026-04,1248.88,0,0,0,0
CUST-00452,2026-04,2466.51,0,0,0,0
CUST-00453,2026-04,440.96,0,0,0,0
CUST-00454,2026-04,142.28,0,0,0,0
CUST-00455,2026-04,120.14,0,0,0,0
CUST-00456,2026-04,57.58,0,0,1,0
CUST-00458,2026-04,806.03,0,1,0,0
CUST-00459,2026-04,1108.07,0,0,0,0
CUST-00460,2026-04,64.59,0,0,0,0
CUST-00463,2026-04,112.48,0,1,0,0
CUST-00464,2026-04,106.66,0,0,1,0
CUST-00465,2026-04,1319.62,0,1,0,0
CUST-00467,2026-04,168.11,0,1,0,0
CUST-00468,2026-04,227.81,0,1,0,0
CUST-00469,2026-04,810.99,0,0,0,0
CUST-00470,2026-04,234.44,0,0,1,0
CUST-00471,2026-04,844.38,0,1,0,0
CUST-00472,2026-04,820.37,0,0,0,0
CUST-00473,2026-04,1429.94,0,1,0,0
CUST-00474,2026-04,1291.12,0,0,0,0
CUST-00475,2026-04,190.16,0,1,0,0
CUST-00476,2026-04,107.19,0,1,0,0
CUST-00477,2026-04,240.55,0,0,0,1
CUST-00478,2026-04,878.77,0,0,0,0
CUST-00479,2026-04,1246.44,0,0,0,0
CUST-00481,2026-04,249.63,0,1,0,0
CUST-00482,2026-04,54.47,0,1,0,0
CUST-00483,2026-04,192.91,0,1,0,0
CUST-00484,2026-04,103.8,0,0,0,0
CUST-00485,2026-04,1392.19,0,1,0,0
CUST-00486,2026-04,3254.1,0,1,0,0
CUST-00487,2026-04,1405.8,0,1,0,0
CUST-00488,2026-04,226.63,0,1,0,0
CUST-00489,2026-04,108.1,0,0,0,0
CUST-00490,2026-04,2819.93,0,0,0,0
CUST-00491,2026-04,198.49,0,1,0,0
CUST-00493,2026-04,3082.64,0,1,0,0
CUST-00494,2026-04,454.81,0,1,0,0
CUST-00495,2026-04,81.24,0,1,0,0
CUST-00496,2026-04,2209.89,0,0,0,0
CUST-00497,2026-04,95.24,0,0,0,1
CUST-00498,2026-04,1006.69,0,1,0,0
CUST-00499,2026-04,1292.89,0,1,0,0
CUST-00500,2026-04,1292.53,0,0,0,0
CUST-00501,2026-04,1427.63,0,0,0,0
CUST-00502,2026-04,1440.88,0,1,0,0
CUST-00503,2026-04,412.36,0,0,0,0
CUST-00504,2026-04,3436.94,0,0,0,0
CUST-00505,2026-04,274.66,0,1,0,0
CUST-00506,2026-04,50.79,0,1,0,0
CUST-00507,2026-04,3110.57,0,1,0,0
CUST-00508,2026-04,177.32,0,1,0,0
CUST-00509,2026-04,65.64,0,0,0,0
CUST-00510,2026-04,263.69,0,1,0,0
CUST-00511,2026-04,254.44,0,0,0,0
CUST-00512,2026-04,1854.79,0,1,0,0
CUST-00513,2026-04,121.63,0,0,0,0
CUST-00514,2026-04,655.26,0,0,1,0
CUST-00515,2026-04,201.65,0,0,0,0
CUST-00516,2026-04,595.04,0,0,1,0
CUST-00517,2026-04,443.45,0,0,0,0
CUST-00518,2026-04,212.52,0,1,0,0
CUST-00519,2026-04,116.29,0,0,0,0
CUST-00520,2026-04,1146.51,0,0,0,0
CUST-00521,2026-04,127.25,0,0,0,0
CUST-00522,2026-04,1421.41,0,1,0,0
CUST-00523,2026-04,203.03,0,1,0,0
CUST-00524,2026-04,84.71,0,1,0,0
CUST-00525,2026-04,180.51,0,1,0,0
CUST-00526,2026-04,145.3,0,1,0,0
CUST-00527,2026-04,361.47,0,1,0,0
CUST-00529,2026-04,560.47,0,1,0,0
CUST-00530,2026-04,98.04,0,1,0,0
CUST-00531,2026-04,165.32,0,0,1,0
CUST-00532,2026-04,78.75,0,0,0,0
CUST-00533,2026-04,1427.27,0,0,0,0
CUST-00534,2026-04,217.14,0,1,0,0
CUST-00535,2026-04,912.69,0,0,0,0
CUST-00536,2026-04,94.12,0,1,0,0
CUST-00537,2026-04,205.26,0,1,0,0
CUST-00538,2026-04,90.91,0,0,0,0
CUST-00539,2026-04,229.7,0,0,0,0
CUST-00540,2026-04,1906.89,0,1,0,0
CUST-00541,2026-04,402.82,0,0,0,0
CUST-00542,2026-04,125.92,0,0,0,0
CUST-00543,2026-04,182.75,0,0,0,0
CUST-00544,2026-04,80.33,1,0,0,0
CUST-00545,2026-04,251.27,1,0,0,0
CUST-00546,2026-04,304.69,1,0,0,0
CUST-00547,2026-04,246.65,1,0,0,0
CUST-00548,2026-04,175.82,1,0,0,0
CUST-00549,2026-04,206.38,1,0,0,0
CUST-00550,2026-04,205.27,1,0,0,0
CUST-00551,2026-04,77.4,1,0,0,0
CUST-00552,2026-04,327.98,1,0,0,0
CUST-00553,2026-04,2260.15,1,0,0,0
CUST-00554,2026-04,140.16,1,0,0,0
CUST-00555,2026-04,159.75,1,0,0,0
CUST-00556,2026-04,821.52,1,0,0,0
CUST-00557,2026-04,3048.08,1,0,0,0
CUST-00558,2026-04,831.34,1,0,0,0
CUST-00559,2026-04,99.9,1,0,0,0
CUST-00560,2026-04,829.68,1,0,0,0
CUST-00561,2026-04,113.12,1,0,0,0
CUST-00562,2026-04,113.19,1,0,0,0
CUST-00563,2026-04,142.24,1,0,0,0
CUST-00564,2026-04,59.61,1,0,0,0
CUST-00565,2026-04,162.99,1,0,0,0
CUST-00566,2026-04,232.65,1,0,0,0
CUST-00567,2026-04,187.94,1,0,0,0
CUST-00568,2026-04,578.7,1,0,0,0
CUST-00569,2026-04,1223,1,0,0,0
CUST-00570,2026-04,469.35,1,0,0,0
CUST-00571,2026-04,173.19,1,0,0,0
CUST-00572,2026-04,70.91,1,0,0,0
CUST-00573,2026-04,81.22,1,0,0,0
CUST-00574,2026-04,1000.71,1,0,0,0
CUST-00575,2026-04,230.37,1,0,0,0
CUST-00576,2026-04,149.73,1,0,0,0
CUST-00577,2026-04,57.03,1,0,0,0
CUST-00578,2026-04,3445.58,1,0,0,0
CUST-00579,2026-04,111.27,1,0,0,0
CUST-00580,2026-04,581.36,1,0,0,0
CUST-00581,2026-04,155.16,1,0,0,0
CUST-00582,2026-04,3636.09,1,0,0,0
CUST-00004,2026-05,536.97,0,0,1,0
CUST-00006,2026-05,49.06,0,0,1,0
CUST-00009,2026-05,164.71,0,0,0,0
CUST-00012,2026-05,146.71,0,1,0,0
CUST-00013,2026-05,2956.58,0,0,0,0
CUST-00014,2026-05,95.96,0,0,0,0
CUST-00015,2026-05,113.4,0,0,1,0
CUST-00016,2026-05,75.18,0,0,0,0
CUST-00021,2026-05,147.99,0,1,0,1
CUST-00022,2026-05,194.82,0,0,1,0
CUST-00024,2026-05,479.38,0,0,0,0
CUST-00027,2026-05,72.24,0,1,0,0
CUST-00029,2026-05,200.43,0,0,1,0
CUST-00030,2026-05,155.03,0,0,0,0
CUST-00037,2026-05,431.27,0,0,1,0
CUST-00038,2026-05,226.58,0,0,0,0
CUST-00039,2026-05,4718.56,0,1,0,0
CUST-00041,2026-05,289.03,0,1,0,0
CUST-00047,2026-05,65.9,0,0,1,0
CUST-00048,2026-05,263.31,0,1,0,0
CUST-00060,2026-05,136.73,0,0,0,0
CUST-00062,2026-05,496.6,0,0,1,0
CUST-00064,2026-05,1162.02,0,0,0,0
CUST-00066,2026-05,1438.8,0,1,0,0
CUST-00067,2026-05,535.52,0,1,0,0
CUST-00069,2026-05,220.63,0,0,1,0
CUST-00071,2026-05,6121.49,0,0,0,0
CUST-00072,2026-05,216.57,0,1,0,0
CUST-00074,2026-05,253.6,0,1,0,0
CUST-00075,2026-05,101.32,0,1,0,0
CUST-00076,2026-05,310.2,0,0,0,0
CUST-00077,2026-05,189.87,0,1,0,0
CUST-00078,2026-05,215.33,0,0,0,0
CUST-00082,2026-05,308.45,0,1,0,0
CUST-00085,2026-05,415.95,0,1,0,0
CUST-00087,2026-05,181,0,0,1,0
CUST-00088,2026-05,106.81,0,0,1,0
CUST-00091,2026-05,149.79,0,0,0,0
CUST-00092,2026-05,2695.95,0,1,0,1
CUST-00094,2026-05,5264.18,0,0,1,0
CUST-00095,2026-05,55.99,0,0,0,0
CUST-00098,2026-05,1340.51,0,0,0,0
CUST-00100,2026-05,579.41,0,0,0,0
CUST-00102,2026-05,182.23,0,1,0,0
CUST-00103,2026-05,352.57,0,0,0,0
CUST-00104,2026-05,184.46,0,0,0,0
CUST-00106,2026-05,242.03,0,1,0,0
CUST-00107,2026-05,300.12,0,0,1,0
CUST-00108,2026-05,38.85,0,0,0,0
CUST-00111,2026-05,154.72,0,0,0,0
CUST-00112,2026-05,101.65,0,0,0,0
CUST-00114,2026-05,133.98,0,0,0,0
CUST-00118,2026-05,680.37,0,0,1,0
CUST-00120,2026-05,3808.72,0,0,0,0
CUST-00122,2026-05,266.53,0,0,0,0
CUST-00123,2026-05,4601.36,0,0,0,0
CUST-00126,2026-05,315.25,0,1,0,0
CUST-00129,2026-05,316.46,0,1,0,0
CUST-00131,2026-05,1165.53,0,1,0,0
CUST-00133,2026-05,847.98,0,1,0,0
CUST-00135,2026-05,1092.36,0,1,0,0
CUST-00136,2026-05,1181.46,0,0,0,0
CUST-00138,2026-05,195.26,0,1,0,0
CUST-00139,2026-05,293.9,0,1,0,0
CUST-00140,2026-05,2168.81,0,0,0,0
CUST-00141,2026-05,465.31,0,1,0,0
CUST-00142,2026-05,96.76,0,0,1,0
CUST-00143,2026-05,1581.99,0,0,0,0
CUST-00145,2026-05,51.66,0,1,0,0
CUST-00146,2026-05,1030.43,0,0,0,0
CUST-00147,2026-05,281.09,0,0,0,0
CUST-00148,2026-05,97.74,0,0,1,0
CUST-00149,2026-05,75.87,0,0,0,0
CUST-00151,2026-05,298.57,0,0,0,0
CUST-00154,2026-05,913.82,0,1,0,0
CUST-00155,2026-05,2967.4,0,1,0,0
CUST-00157,2026-05,756.25,0,0,0,0
CUST-00162,2026-05,489.08,0,0,0,0
CUST-00163,2026-05,230.37,0,1,0,0
CUST-00165,2026-05,288.22,0,1,0,0
CUST-00166,2026-05,182.82,0,0,1,0
CUST-00168,2026-05,290.53,0,0,0,0
CUST-00169,2026-05,3277.8,0,0,0,0
CUST-00170,2026-05,535.28,0,0,0,0
CUST-00171,2026-05,514.24,0,1,0,0
CUST-00172,2026-05,3039.35,0,1,0,0
CUST-00173,2026-05,252.81,0,0,0,0
CUST-00176,2026-05,203.43,0,1,0,0
CUST-00177,2026-05,100.39,0,1,0,0
CUST-00178,2026-05,319.13,0,0,0,0
CUST-00179,2026-05,1425.24,0,0,0,0
CUST-00180,2026-05,327.9,0,1,0,0
CUST-00181,2026-05,245.67,0,0,0,0
CUST-00183,2026-05,162.57,0,0,0,0
CUST-00186,2026-05,91.75,0,0,0,0
CUST-00188,2026-05,1468.08,0,0,0,0
CUST-00190,2026-05,45.83,0,0,0,0
CUST-00192,2026-05,2003.97,0,0,0,0
CUST-00193,2026-05,203.73,0,0,0,0
CUST-00194,2026-05,99.51,0,1,0,0
CUST-00195,2026-05,90.72,0,1,0,0
CUST-00196,2026-05,123.94,0,0,0,0
CUST-00197,2026-05,82.5,0,0,0,0
CUST-00198,2026-05,2318.03,0,0,1,0
CUST-00199,2026-05,58.86,0,0,1,0
CUST-00200,2026-05,131.91,0,0,1,0
CUST-00201,2026-05,82.03,0,1,0,0
CUST-00205,2026-05,346.11,0,1,0,0
CUST-00206,2026-05,226.22,0,1,0,0
CUST-00207,2026-05,1838.78,0,1,0,0
CUST-00208,2026-05,3515.91,0,0,0,0
CUST-00209,2026-05,4155.71,0,0,0,0
CUST-00210,2026-05,404.08,0,0,0,0
CUST-00211,2026-05,77.89,0,0,1,0
CUST-00214,2026-05,129.05,0,1,0,0
CUST-00215,2026-05,193.68,0,1,0,0
CUST-00216,2026-05,268.79,0,0,0,0
CUST-00217,2026-05,59.13,0,1,0,0
CUST-00220,2026-05,100.23,0,0,0,0
CUST-00221,2026-05,2318.35,0,0,0,0
CUST-00222,2026-05,778.98,0,0,0,0
CUST-00223,2026-05,286.09,0,1,0,0
CUST-00224,2026-05,83.88,0,0,1,0
CUST-00226,2026-05,741.5,0,1,0,0
CUST-00227,2026-05,317.1,0,1,0,0
CUST-00229,2026-05,127.04,0,0,1,0
CUST-00230,2026-05,315.82,0,0,1,0
CUST-00231,2026-05,147.61,0,0,0,0
CUST-00233,2026-05,1575.43,0,1,0,0
CUST-00234,2026-05,97.6,0,0,0,0
CUST-00235,2026-05,3467.04,0,1,0,0
CUST-00236,2026-05,104.56,0,0,0,0
CUST-00239,2026-05,267.48,0,0,0,0
CUST-00240,2026-05,266.29,0,1,0,0
CUST-00241,2026-05,102.73,0,0,0,0
CUST-00242,2026-05,300.27,0,0,0,0
CUST-00244,2026-05,57.09,0,0,0,0
CUST-00247,2026-05,463.35,0,0,0,1
CUST-00248,2026-05,915.53,0,0,0,0
CUST-00249,2026-05,1477.65,0,1,0,0
CUST-00250,2026-05,251.34,0,0,0,0
CUST-00251,2026-05,1496.77,0,0,0,0
CUST-00254,2026-05,113.98,0,1,0,0
CUST-00257,2026-05,3063.4,0,0,0,0
CUST-00259,2026-05,1499.25,0,1,0,0
CUST-00262,2026-05,225.3,0,1,0,0
CUST-00264,2026-05,107.7,0,0,0,0
CUST-00265,2026-05,73.73,0,1,0,0
CUST-00266,2026-05,146.29,0,1,0,0
CUST-00267,2026-05,273.86,0,1,0,0
CUST-00268,2026-05,233.56,0,1,0,0
CUST-00270,2026-05,931.8,0,0,1,0
CUST-00271,2026-05,65.84,0,1,0,0
CUST-00272,2026-05,259.24,0,1,0,0
CUST-00274,2026-05,111.61,0,0,0,0
CUST-00275,2026-05,361.95,0,1,0,0
CUST-00276,2026-05,91.95,0,0,0,0
CUST-00277,2026-05,148.15,0,0,0,0
CUST-00278,2026-05,163.32,0,0,1,0
CUST-00279,2026-05,240.54,0,1,0,0
CUST-00280,2026-05,182.45,0,0,0,0
CUST-00281,2026-05,253.87,0,0,0,0
CUST-00283,2026-05,209.65,0,0,0,0
CUST-00284,2026-05,205.93,0,0,0,0
CUST-00285,2026-05,76.75,0,0,0,0
CUST-00286,2026-05,2000.99,0,0,0,0
CUST-00288,2026-05,3728.51,0,0,0,0
CUST-00290,2026-05,261.13,0,0,0,0
CUST-00292,2026-05,130.51,0,0,1,0
CUST-00294,2026-05,1474.03,0,0,1,0
CUST-00296,2026-05,60.15,0,1,0,0
CUST-00297,2026-05,181.68,0,1,0,0
CUST-00298,2026-05,281.48,0,0,0,0
CUST-00299,2026-05,182.33,0,0,1,0
CUST-00300,2026-05,236.59,0,0,0,0
CUST-00301,2026-05,950.25,0,1,0,0
CUST-00302,2026-05,277.4,0,1,0,0
CUST-00303,2026-05,55.41,0,0,1,0
CUST-00304,2026-05,247.46,0,1,0,0
CUST-00305,2026-05,94.71,0,0,0,0
CUST-00306,2026-05,1385.38,0,0,0,0
CUST-00307,2026-05,992.06,0,0,1,0
CUST-00309,2026-05,1717.02,0,1,0,0
CUST-00311,2026-05,355.04,0,1,0,0
CUST-00312,2026-05,177.17,0,0,0,0
CUST-00313,2026-05,261.22,0,0,1,0
CUST-00315,2026-05,326.48,0,1,0,0
CUST-00316,2026-05,1137.94,0,1,0,0
CUST-00317,2026-05,238.48,0,1,0,0
CUST-00319,2026-05,50.13,0,0,0,0
CUST-00320,2026-05,266.44,0,1,0,0
CUST-00321,2026-05,176.84,0,0,1,0
CUST-00322,2026-05,218.78,0,1,0,0
CUST-00323,2026-05,335.65,0,0,0,0
CUST-00326,2026-05,71.96,0,0,0,0
CUST-00327,2026-05,1449.67,0,1,0,0
CUST-00329,2026-05,37.62,0,0,1,0
CUST-00331,2026-05,205.74,0,1,0,0
CUST-00332,2026-05,52.52,0,0,0,0
CUST-00334,2026-05,131.11,0,1,0,0
CUST-00335,2026-05,246.36,0,1,0,0
CUST-00336,2026-05,144.84,0,0,0,0
CUST-00337,2026-05,280.46,0,0,1,0
CUST-00338,2026-05,292.28,0,0,0,0
CUST-00339,2026-05,161.66,0,1,0,0
CUST-00340,2026-05,1161.84,0,0,0,0
CUST-00341,2026-05,587.23,0,0,1,0
CUST-00343,2026-05,50.39,0,0,1,0
CUST-00344,2026-05,332.58,0,0,0,0
CUST-00347,2026-05,195.79,0,0,0,0
CUST-00348,2026-05,254.62,0,0,0,0
CUST-00349,2026-05,240.54,0,1,0,0
CUST-00351,2026-05,170.07,0,1,0,0
CUST-00352,2026-05,220.98,0,1,0,0
CUST-00354,2026-05,471.05,0,1,0,0
CUST-00355,2026-05,102.69,0,0,1,1
CUST-00356,2026-05,162.81,0,0,1,0
CUST-00357,2026-05,45.41,0,0,0,0
CUST-00358,2026-05,269.91,0,1,0,0
CUST-00359,2026-05,145.04,0,0,0,1
CUST-00360,2026-05,247.62,0,1,0,0
CUST-00361,2026-05,93.79,0,0,1,0
CUST-00363,2026-05,250.56,0,0,1,0
CUST-00364,2026-05,93.95,0,0,1,0
CUST-00365,2026-05,69.08,0,0,0,0
CUST-00366,2026-05,430.51,0,1,0,0
CUST-00368,2026-05,125.9,0,0,0,0
CUST-00369,2026-05,516.46,0,1,0,0
CUST-00370,2026-05,843.3,0,0,0,0
CUST-00373,2026-05,171.87,0,0,0,0
CUST-00374,2026-05,1398.89,0,0,0,0
CUST-00375,2026-05,230.29,0,1,0,0
CUST-00376,2026-05,101.37,0,1,0,0
CUST-00377,2026-05,864.99,0,1,0,0
CUST-00378,2026-05,1373.24,0,0,0,0
CUST-00379,2026-05,94.75,0,1,0,0
CUST-00380,2026-05,248.8,0,1,0,0
CUST-00381,2026-05,354.16,0,1,0,0
CUST-00382,2026-05,236.44,0,0,0,0
CUST-00385,2026-05,1020.75,0,0,0,0
CUST-00386,2026-05,150.27,0,0,0,0
CUST-00388,2026-05,133.42,0,0,0,0
CUST-00389,2026-05,239.55,0,1,0,0
CUST-00390,2026-05,978.93,0,0,0,0
CUST-00391,2026-05,1361.07,0,0,0,0
CUST-00393,2026-05,866.62,0,0,0,0
CUST-00394,2026-05,441.33,0,1,0,0
CUST-00396,2026-05,483.07,0,1,0,0
CUST-00398,2026-05,111.53,0,0,0,0
CUST-00399,2026-05,72.17,0,0,0,0
CUST-00400,2026-05,112.92,0,1,0,0
CUST-00401,2026-05,356.56,0,1,0,0
CUST-00402,2026-05,144.93,0,0,1,0
CUST-00404,2026-05,1115.24,0,1,0,0
CUST-00405,2026-05,121.24,0,0,1,0
CUST-00406,2026-05,1394.61,0,1,0,0
CUST-00408,2026-05,81.01,0,1,0,0
CUST-00409,2026-05,936.33,0,0,0,0
CUST-00410,2026-05,155.43,0,0,1,0
CUST-00411,2026-05,62.99,0,1,0,0
CUST-00412,2026-05,145.68,0,1,0,0
CUST-00413,2026-05,225.39,0,0,0,0
CUST-00414,2026-05,3513.55,0,1,0,0
CUST-00415,2026-05,203.85,0,0,0,0
CUST-00418,2026-05,100.82,0,0,0,0
CUST-00419,2026-05,94.21,0,0,1,0
CUST-00420,2026-05,4366.5,0,0,0,0
CUST-00423,2026-05,219.64,0,0,0,0
CUST-00424,2026-05,34.54,0,0,1,0
CUST-00425,2026-05,129.42,0,0,1,0
CUST-00427,2026-05,257.23,0,1,0,0
CUST-00428,2026-05,78.69,0,0,1,0
CUST-00429,2026-05,489.07,0,0,0,0
CUST-00430,2026-05,310.77,0,1,0,1
CUST-00431,2026-05,1636.6,0,0,0,0
CUST-00432,2026-05,49.14,0,0,0,0
CUST-00433,2026-05,127.57,0,1,0,0
CUST-00434,2026-05,3843.47,0,0,0,0
CUST-00436,2026-05,1004.81,0,0,0,0
CUST-00437,2026-05,146.95,0,1,0,0
CUST-00438,2026-05,2642.71,0,1,0,0
CUST-00439,2026-05,109.13,0,1,0,0
CUST-00440,2026-05,233.98,0,0,1,0
CUST-00441,2026-05,67.22,0,1,0,0
CUST-00442,2026-05,275.84,0,1,0,0
CUST-00445,2026-05,340.33,0,1,0,1
CUST-00446,2026-05,196.63,0,1,0,0
CUST-00447,2026-05,2417.08,0,0,0,0
CUST-00448,2026-05,110.93,0,0,0,0
CUST-00449,2026-05,133.71,0,1,0,0
CUST-00450,2026-05,1252.82,0,0,0,0
CUST-00451,2026-05,826.66,0,0,1,0
CUST-00452,2026-05,2554.44,0,1,0,0
CUST-00453,2026-05,439.4,0,0,0,0
CUST-00454,2026-05,123.07,0,0,1,0
CUST-00455,2026-05,117.02,0,0,1,0
CUST-00456,2026-05,59.86,0,1,0,0
CUST-00458,2026-05,838.33,0,1,0,0
CUST-00459,2026-05,1098.97,0,0,0,0
CUST-00460,2026-05,63.8,0,0,0,0
CUST-00463,2026-05,112.78,0,0,0,0
CUST-00464,2026-05,108.01,0,0,0,0
CUST-00465,2026-05,1361.1,0,1,0,0
CUST-00467,2026-05,170.01,0,0,0,0
CUST-00468,2026-05,239.24,0,1,0,0
CUST-00469,2026-05,824.62,0,0,0,0
CUST-00470,2026-05,239.21,0,1,0,0
CUST-00471,2026-05,864.79,0,1,0,0
CUST-00472,2026-05,1024.17,0,1,0,0
CUST-00473,2026-05,1401.42,0,0,0,0
CUST-00474,2026-05,1296.33,0,0,0,0
CUST-00475,2026-05,192.74,0,0,0,0
CUST-00476,2026-05,110.73,0,1,0,0
CUST-00478,2026-05,916.74,0,1,0,0
CUST-00479,2026-05,1263.42,0,0,0,0
CUST-00481,2026-05,248.54,0,0,0,0
CUST-00482,2026-05,55.12,0,0,0,0
CUST-00483,2026-05,189.73,0,0,0,0
CUST-00484,2026-05,101.26,0,0,1,0
CUST-00485,2026-05,1443.37,0,1,0,0
CUST-00486,2026-05,3250.23,0,0,0,0
CUST-00487,2026-05,1388.87,0,0,0,0
CUST-00488,2026-05,234.75,0,1,0,0
CUST-00489,2026-05,108.81,0,0,0,0
CUST-00490,2026-05,2843.67,0,0,0,0
CUST-00491,2026-05,207.75,0,1,0,0
CUST-00493,2026-05,3125.12,0,0,0,0
CUST-00494,2026-05,447.06,0,0,0,0
CUST-00495,2026-05,80.4,0,0,0,0
CUST-00496,2026-05,2225.35,0,0,0,0
CUST-00498,2026-05,1025.98,0,0,0,0
CUST-00499,2026-05,1339.36,0,1,0,0
CUST-00500,2026-05,1292.43,0,0,0,0
CUST-00501,2026-05,1444.83,0,0,0,0
CUST-00502,2026-05,1401.59,0,0,1,0
CUST-00503,2026-05,420.19,0,0,0,0
CUST-00504,2026-05,3512.19,0,1,0,0
CUST-00505,2026-05,285.63,0,1,0,0
CUST-00506,2026-05,49.38,0,0,1,0
CUST-00507,2026-05,3406.65,0,1,0,0
CUST-00508,2026-05,182.64,0,1,0,0
CUST-00509,2026-05,66.49,0,0,0,0
CUST-00510,2026-05,277.96,0,1,0,0
CUST-00511,2026-05,261.89,0,1,0,0
CUST-00512,2026-05,1999.74,0,1,0,0
CUST-00513,2026-05,127.4,0,1,0,0
CUST-00514,2026-05,646.73,0,0,0,0
CUST-00515,2026-05,207.79,0,1,0,0
CUST-00516,2026-05,616.47,0,1,0,0
CUST-00517,2026-05,459.66,0,1,0,0
CUST-00518,2026-05,279.38,0,1,0,0
CUST-00519,2026-05,112.47,0,0,1,0
CUST-00520,2026-05,1164.71,0,0,0,0
CUST-00521,2026-05,128.82,0,0,0,0
CUST-00522,2026-05,1457.36,0,1,0,0
CUST-00523,2026-05,209.85,0,1,0,0
CUST-00524,2026-05,89.52,0,1,0,0
CUST-00525,2026-05,175.58,0,0,1,0
CUST-00526,2026-05,147.84,0,0,0,0
CUST-00527,2026-05,352.96,0,0,1,0
CUST-00529,2026-05,565.58,0,0,0,0
CUST-00530,2026-05,100.55,0,1,0,0
CUST-00531,2026-05,161.7,0,0,1,0
CUST-00532,2026-05,75.92,0,0,1,0
CUST-00533,2026-05,1452.18,0,0,0,0
CUST-00534,2026-05,220.01,0,0,0,0
CUST-00535,2026-05,937.42,0,1,0,0
CUST-00536,2026-05,99.5,0,1,0,0
CUST-00537,2026-05,199.28,0,0,1,0
CUST-00538,2026-05,91.31,0,0,0,0
CUST-00539,2026-05,236.23,0,1,0,0
CUST-00540,2026-05,1915.2,0,0,0,0
CUST-00541,2026-05,395.64,0,0,0,0
CUST-00542,2026-05,131.1,0,1,0,0
CUST-00543,2026-05,181.93,0,0,0,0
CUST-00544,2026-05,82.45,0,1,0,0
CUST-00545,2026-05,244.1,0,0,1,0
CUST-00546,2026-05,309.86,0,0,0,0
CUST-00547,2026-05,258.7,0,1,0,0
CUST-00548,2026-05,182.4,0,1,0,0
CUST-00549,2026-05,201.42,0,0,1,0
CUST-00550,2026-05,204.4,0,0,0,0
CUST-00551,2026-05,81.65,0,1,0,0
CUST-00552,2026-05,318.49,0,0,1,0
CUST-00553,2026-05,2284.67,0,0,0,0
CUST-00554,2026-05,143.42,0,1,0,0
CUST-00555,2026-05,166.93,0,1,0,0
CUST-00556,2026-05,799.46,0,0,1,0
CUST-00557,2026-05,3084.99,0,0,0,0
CUST-00558,2026-05,809.93,0,0,1,0
CUST-00559,2026-05,104.96,0,1,0,0
CUST-00560,2026-05,814.94,0,0,0,0
CUST-00561,2026-05,111.71,0,0,0,0
CUST-00562,2026-05,94.46,0,0,1,0
CUST-00563,2026-05,139.06,0,0,1,0
CUST-00564,2026-05,62.21,0,1,0,0
CUST-00565,2026-05,158.98,0,0,1,0
CUST-00566,2026-05,261.24,0,1,0,0
CUST-00567,2026-05,233.94,0,1,0,0
CUST-00568,2026-05,568.9,0,0,0,0
CUST-00569,2026-05,1261.49,0,1,0,0
CUST-00570,2026-05,464.96,0,0,0,0
CUST-00571,2026-05,166.79,0,0,1,0
CUST-00572,2026-05,68.43,0,0,1,0
CUST-00573,2026-05,79.54,0,0,1,0
CUST-00574,2026-05,1038.5,0,1,0,0
CUST-00575,2026-05,222.01,0,0,1,0
CUST-00576,2026-05,158.05,0,1,0,0
CUST-00577,2026-05,57.71,0,0,0,0
CUST-00578,2026-05,3529.55,0,1,0,0
CUST-00579,2026-05,108.51,0,0,1,0
CUST-00580,2026-05,567.35,0,0,1,0
CUST-00581,2026-05,151.09,0,0,1,0
CUST-00582,2026-05,3714.49,0,1,0,0
CUST-00583,2026-05,432.82,1,0,0,0
CUST-00584,2026-05,164.94,1,0,0,0
CUST-00585,2026-05,101.4,1,0,0,0
CUST-00586,2026-05,1106.34,1,0,0,0
CUST-00587,2026-05,177.98,1,0,0,0
CUST-00588,2026-05,57.41,1,0,0,0
CUST-00589,2026-05,2710.01,1,0,0,0
CUST-00590,2026-05,89.51,1,0,0,0
CUST-00591,2026-05,223.39,1,0,0,0
CUST-00592,2026-05,53.53,1,0,0,0
CUST-00593,2026-05,80.14,1,0,0,0
CUST-00594,2026-05,196.88,1,0,0,0
CUST-00595,2026-05,893.52,1,0,0,0
CUST-00596,2026-05,707.26,1,0,0,0
CUST-00597,2026-05,126.76,1,0,0,0
CUST-00598,2026-05,211.97,1,0,0,0
CUST-00599,2026-05,89.42,1,0,0,0
CUST-00600,2026-05,136.76,1,0,0,0
CUST-00601,2026-05,133.02,1,0,0,0
CUST-00602,2026-05,227.86,1,0,0,0
CUST-00603,2026-05,105.75,1,0,0,0
CUST-00604,2026-05,525.49,1,0,0,0
CUST-00004,2026-06,544.98,0,0,0,0
CUST-00006,2026-06,47.21,0,0,1,0
CUST-00009,2026-06,160.92,0,0,1,0
CUST-00012,2026-06,150.78,0,1,0,1
CUST-00013,2026-06,3035.88,0,1,0,0
CUST-00014,2026-06,92.63,0,0,1,0
CUST-00015,2026-06,111.49,0,0,0,1
CUST-00016,2026-06,74.38,0,0,0,0
CUST-00022,2026-06,191.38,0,0,0,0
CUST-00024,2026-06,488.8,0,0,0,0
CUST-00027,2026-06,75.2,0,1,0,0
CUST-00029,2026-06,200.73,0,0,0,0
CUST-00030,2026-06,155.25,0,0,0,0
CUST-00037,2026-06,436,0,0,0,0
CUST-00038,2026-06,227.88,0,0,0,0
CUST-00039,2026-06,4699.77,0,0,0,0
CUST-00041,2026-06,290.82,0,0,0,0
CUST-00047,2026-06,63.87,0,0,1,0
CUST-00048,2026-06,276.98,0,1,0,0
CUST-00060,2026-06,139.03,0,0,0,0
CUST-00062,2026-06,488.13,0,0,0,0
CUST-00064,2026-06,1200.33,0,1,0,0
CUST-00066,2026-06,1485.85,0,1,0,0
CUST-00067,2026-06,673.13,0,1,0,0
CUST-00069,2026-06,224.24,0,0,0,0
CUST-00071,2026-06,6229.22,0,0,0,0
CUST-00072,2026-06,228.92,0,1,0,0
CUST-00074,2026-06,244.09,0,0,1,0
CUST-00075,2026-06,103.43,0,1,0,0
CUST-00076,2026-06,316.2,0,0,0,0
CUST-00077,2026-06,182.49,0,0,1,0
CUST-00078,2026-06,224.59,0,1,0,0
CUST-00082,2026-06,308.65,0,0,0,0
CUST-00085,2026-06,417.67,0,0,0,0
CUST-00087,2026-06,176.58,0,0,1,0
CUST-00088,2026-06,108.79,0,0,0,0
CUST-00091,2026-06,143.86,0,0,1,0
CUST-00094,2026-06,6029.19,0,1,0,0
CUST-00095,2026-06,55.28,0,0,0,0
CUST-00098,2026-06,1389.39,0,1,0,0
CUST-00100,2026-06,587.32,0,0,0,0
CUST-00102,2026-06,188.37,0,1,0,0
CUST-00103,2026-06,344.08,0,0,1,0
CUST-00104,2026-06,190.75,0,1,0,0
CUST-00106,2026-06,254.22,0,1,0,0
CUST-00107,2026-06,224.04,0,0,1,0
CUST-00108,2026-06,41.17,0,1,0,0
CUST-00111,2026-06,160.81,0,1,0,0
CUST-00112,2026-06,99.95,0,0,0,0
CUST-00114,2026-06,130.47,0,0,1,0
CUST-00118,2026-06,693.2,0,0,0,0
CUST-00120,2026-06,3858.13,0,0,0,0
CUST-00122,2026-06,278.89,0,1,0,0
CUST-00123,2026-06,4780.08,0,1,0,0
CUST-00126,2026-06,318.42,0,0,0,0
CUST-00129,2026-06,311.26,0,0,0,0
CUST-00131,2026-06,1203.86,0,1,0,0
CUST-00133,2026-06,858.92,0,0,0,0
CUST-00135,2026-06,1135.43,0,1,0,0
CUST-00136,2026-06,1198.43,0,0,0,0
CUST-00138,2026-06,189.78,0,0,1,0
CUST-00139,2026-06,304.26,0,1,0,0
CUST-00140,2026-06,2219.94,0,1,0,0
CUST-00141,2026-06,394.24,0,0,1,0
CUST-00142,2026-06,101.52,0,1,0,0
CUST-00143,2026-06,1602.65,0,0,0,0
CUST-00145,2026-06,52.37,0,0,0,0
CUST-00146,2026-06,1333.23,0,1,0,1
CUST-00147,2026-06,285.86,0,0,0,0
CUST-00148,2026-06,102.54,0,1,0,0
CUST-00149,2026-06,74.4,0,0,0,0
CUST-00151,2026-06,290.44,0,0,1,0
CUST-00154,2026-06,928.67,0,0,0,0
CUST-00155,2026-06,3083.59,0,1,0,0
CUST-00157,2026-06,747.17,0,0,0,0
CUST-00162,2026-06,590.84,0,1,0,0
CUST-00163,2026-06,232.36,0,0,0,0
CUST-00165,2026-06,297.84,0,1,0,0
CUST-00166,2026-06,190.28,0,1,0,0
CUST-00168,2026-06,296.84,0,1,0,0
CUST-00169,2026-06,3370.67,0,1,0,0
CUST-00170,2026-06,558.25,0,1,0,0
CUST-00171,2026-06,517.56,0,0,0,0
CUST-00172,2026-06,3014.77,0,0,0,0
CUST-00173,2026-06,263.59,0,1,0,0
CUST-00176,2026-06,196.88,0,0,1,0
CUST-00177,2026-06,103.7,0,1,0,0
CUST-00178,2026-06,316.66,0,0,0,0
CUST-00179,2026-06,1474.92,0,1,0,0
CUST-00180,2026-06,322.44,0,0,0,0
CUST-00181,2026-06,256.08,0,1,0,0
CUST-00183,2026-06,98.9,0,0,1,0
CUST-00186,2026-06,96.29,0,1,0,0
CUST-00188,2026-06,1476.4,0,0,0,0
CUST-00190,2026-06,47.1,0,1,0,0
CUST-00192,2026-06,2040.49,0,0,0,0
CUST-00193,2026-06,215.34,0,1,0,0
CUST-00194,2026-06,97.93,0,0,0,0
CUST-00195,2026-06,92.95,0,1,0,0
CUST-00196,2026-06,172.22,0,1,0,0
CUST-00197,2026-06,86.39,0,1,0,0
CUST-00198,2026-06,2285.36,0,0,0,0
CUST-00199,2026-06,60.44,0,1,0,0
CUST-00200,2026-06,132.73,0,0,0,0
CUST-00201,2026-06,81.12,0,0,0,0
CUST-00205,2026-06,351.21,0,0,0,0
CUST-00206,2026-06,229.86,0,0,0,0
CUST-00207,2026-06,1878.91,0,1,0,0
CUST-00208,2026-06,3569.9,0,0,0,0
CUST-00209,2026-06,4085.49,0,0,0,1
CUST-00210,2026-06,422.2,0,1,0,0
CUST-00211,2026-06,82.08,0,1,0,0
CUST-00214,2026-06,128.62,0,0,0,0
CUST-00215,2026-06,202.86,0,1,0,1
CUST-00216,2026-06,277.44,0,1,0,0
CUST-00217,2026-06,59.49,0,0,0,0
CUST-00220,2026-06,103.61,0,1,0,0
CUST-00221,2026-06,2386.66,0,1,0,0
CUST-00222,2026-06,938.43,0,1,0,0
CUST-00223,2026-06,295.23,0,1,0,0
CUST-00224,2026-06,83.27,0,0,0,0
CUST-00226,2026-06,735.76,0,0,0,0
CUST-00227,2026-06,305.43,0,0,1,0
CUST-00229,2026-06,123.98,0,0,1,0
CUST-00230,2026-06,325.53,0,1,0,1
CUST-00231,2026-06,153.36,0,1,0,0
CUST-00233,2026-06,1610.05,0,1,0,0
CUST-00234,2026-06,94.96,0,0,1,0
CUST-00235,2026-06,3568.6,0,1,0,0
CUST-00236,2026-06,101.28,0,0,1,0
CUST-00239,2026-06,325.79,0,1,0,0
CUST-00240,2026-06,268.32,0,0,0,0
CUST-00241,2026-06,105.84,0,1,0,0
CUST-00242,2026-06,302.78,0,0,0,0
CUST-00244,2026-06,58.5,0,1,0,0
CUST-00248,2026-06,916.25,0,0,0,0
CUST-00249,2026-06,1529.6,0,1,0,0
CUST-00250,2026-06,246.8,0,0,0,0
CUST-00251,2026-06,1485.94,0,0,0,0
CUST-00254,2026-06,119.04,0,1,0,0
CUST-00257,2026-06,3133.75,0,1,0,0
CUST-00259,2026-06,1183.66,0,0,1,0
CUST-00262,2026-06,238.66,0,1,0,0
CUST-00264,2026-06,111.65,0,1,0,0
CUST-00265,2026-06,78.03,0,1,0,0
CUST-00266,2026-06,146.76,0,0,0,0
CUST-00267,2026-06,277.64,0,0,0,0
CUST-00268,2026-06,243.28,0,1,0,1
CUST-00270,2026-06,913.49,0,0,0,0
CUST-00271,2026-06,65.05,0,0,0,0
CUST-00272,2026-06,266.61,0,1,0,0
CUST-00274,2026-06,114.06,0,1,0,0
CUST-00275,2026-06,349.63,0,0,1,0
CUST-00276,2026-06,93.27,0,0,0,0
CUST-00277,2026-06,156.49,0,1,0,0
CUST-00278,2026-06,162.7,0,0,0,0
CUST-00279,2026-06,252.52,0,1,0,0
CUST-00280,2026-06,182.71,0,0,0,0
CUST-00281,2026-06,248.46,0,0,1,1
CUST-00283,2026-06,201.85,0,0,1,0
CUST-00284,2026-06,216.51,0,1,0,0
CUST-00285,2026-06,76.39,0,0,0,0
CUST-00286,2026-06,1964.52,0,0,0,0
CUST-00288,2026-06,3702.24,0,0,0,0
CUST-00290,2026-06,264.88,0,0,0,0
CUST-00292,2026-06,130.91,0,0,0,0
CUST-00294,2026-06,1454.26,0,0,0,1
CUST-00296,2026-06,62.76,0,1,0,0
CUST-00297,2026-06,190.03,0,1,0,0
CUST-00298,2026-06,272.26,0,0,1,0
CUST-00299,2026-06,190.47,0,1,0,0
CUST-00300,2026-06,243.06,0,1,0,0
CUST-00301,2026-06,955.36,0,0,0,0
CUST-00302,2026-06,292.68,0,1,0,0
CUST-00303,2026-06,55.96,0,0,0,0
CUST-00304,2026-06,238.16,0,0,1,0
CUST-00305,2026-06,97.16,0,1,0,1
CUST-00306,2026-06,1431.27,0,1,0,0
CUST-00307,2026-06,977.15,0,0,0,0
CUST-00309,2026-06,1710.86,0,0,0,0
CUST-00311,2026-06,355.41,0,0,0,0
CUST-00312,2026-06,180.47,0,0,0,0
CUST-00313,2026-06,271.06,0,1,0,0
CUST-00315,2026-06,315.16,0,0,1,0
CUST-00316,2026-06,1115.98,0,0,0,0
CUST-00317,2026-06,244.39,0,1,0,0
CUST-00319,2026-06,63.96,0,1,0,0
CUST-00320,2026-06,280.9,0,1,0,0
CUST-00321,2026-06,180.23,0,0,0,0
CUST-00322,2026-06,221.7,0,0,0,0
CUST-00323,2026-06,342.51,0,1,0,0
CUST-00326,2026-06,70,0,0,1,0
CUST-00327,2026-06,1480.86,0,1,0,0
CUST-00329,2026-06,37.66,0,0,0,0
CUST-00331,2026-06,207.93,0,0,0,0
CUST-00332,2026-06,50.61,0,0,1,0
CUST-00334,2026-06,138.89,0,1,0,0
CUST-00335,2026-06,256.13,0,1,0,0
CUST-00336,2026-06,148.08,0,1,0,0
CUST-00337,2026-06,271.1,0,0,1,0
CUST-00338,2026-06,291.07,0,0,0,1
CUST-00339,2026-06,157.06,0,0,1,0
CUST-00340,2026-06,1183.49,0,0,0,0
CUST-00341,2026-06,608.91,0,1,0,0
CUST-00343,2026-06,50.87,0,0,0,0
CUST-00344,2026-06,322.18,0,0,1,0
CUST-00347,2026-06,191.13,0,0,1,0
CUST-00348,2026-06,250.97,0,0,0,0
CUST-00349,2026-06,238.74,0,0,0,0
CUST-00351,2026-06,166.88,0,0,0,0
CUST-00352,2026-06,233.4,0,1,0,0
CUST-00354,2026-06,489.55,0,1,0,0
CUST-00356,2026-06,163.22,0,0,0,0
CUST-00357,2026-06,44.54,0,0,0,0
CUST-00358,2026-06,271.81,0,0,0,0
CUST-00360,2026-06,250.75,0,0,0,0
CUST-00361,2026-06,93.91,0,0,0,1
CUST-00363,2026-06,250.27,0,0,0,0
CUST-00364,2026-06,121.63,0,1,0,0
CUST-00365,2026-06,68.52,0,0,0,0
CUST-00366,2026-06,430.34,0,0,0,0
CUST-00368,2026-06,93.19,0,0,1,0
CUST-00369,2026-06,538.26,0,1,0,0
CUST-00370,2026-06,879.92,0,1,0,0
CUST-00373,2026-06,167.38,0,0,1,0
CUST-00374,2026-06,1390.7,0,0,0,0
CUST-00375,2026-06,237.68,0,1,0,0
CUST-00376,2026-06,100.77,0,0,0,0
CUST-00377,2026-06,724.87,0,0,1,0
CUST-00378,2026-06,1341.49,0,0,1,0
CUST-00379,2026-06,91.19,0,0,1,0
CUST-00380,2026-06,244.24,0,0,0,0
CUST-00381,2026-06,375.14,0,1,0,0
CUST-00382,2026-06,240.38,0,0,0,0
CUST-00385,2026-06,1056.22,0,1,0,0
CUST-00386,2026-06,151.87,0,0,0,0
CUST-00388,2026-06,141.2,0,1,0,0
CUST-00389,2026-06,244.45,0,1,0,0
CUST-00390,2026-06,1007.61,0,1,0,0
CUST-00391,2026-06,1339.86,0,0,0,0
CUST-00393,2026-06,881.5,0,0,0,0
CUST-00394,2026-06,427.09,0,0,1,0
CUST-00396,2026-06,496.47,0,1,0,0
CUST-00398,2026-06,113.83,0,1,0,0
CUST-00399,2026-06,73.45,0,0,0,0
CUST-00400,2026-06,114.68,0,0,0,0
CUST-00401,2026-06,351.2,0,0,0,0
CUST-00402,2026-06,145.84,0,0,0,0
CUST-00404,2026-06,1118.86,0,0,0,0
CUST-00405,2026-06,127.79,0,1,0,0
CUST-00406,2026-06,1402.77,0,0,0,0
CUST-00408,2026-06,84.81,0,1,0,0
CUST-00409,2026-06,950.34,0,0,0,0
CUST-00410,2026-06,151.27,0,0,1,0
CUST-00411,2026-06,61.65,0,0,1,0
CUST-00412,2026-06,142.05,0,0,1,0
CUST-00413,2026-06,236.15,0,1,0,0
CUST-00414,2026-06,3599.77,0,1,0,0
CUST-00415,2026-06,204.29,0,0,0,0
CUST-00418,2026-06,97.99,0,0,1,0
CUST-00419,2026-06,91.69,0,0,1,0
CUST-00420,2026-06,4296.15,0,0,0,0
CUST-00423,2026-06,223.29,0,0,0,0
CUST-00424,2026-06,34.86,0,0,0,0
CUST-00425,2026-06,132.26,0,1,0,0
CUST-00427,2026-06,251.48,0,0,1,0
CUST-00428,2026-06,81.55,0,1,0,0
CUST-00429,2026-06,490.62,0,0,0,0
CUST-00431,2026-06,1665.33,0,0,0,0
CUST-00432,2026-06,52.08,0,1,0,0
CUST-00433,2026-06,131.88,0,1,0,0
CUST-00434,2026-06,3953.64,0,1,0,0
CUST-00436,2026-06,1050.06,0,1,0,0
CUST-00437,2026-06,152.76,0,1,0,0
CUST-00438,2026-06,2627.38,0,0,0,0
CUST-00439,2026-06,106.48,0,0,1,0
CUST-00440,2026-06,230.24,0,0,0,0
CUST-00441,2026-06,67.73,0,0,0,0
CUST-00442,2026-06,280.5,0,0,0,0
CUST-00446,2026-06,199.67,0,0,0,0
CUST-00447,2026-06,2413.29,0,0,0,0
CUST-00448,2026-06,111.17,0,0,0,0
CUST-00449,2026-06,139.49,0,1,0,0
CUST-00450,2026-06,1229.24,0,0,0,0
CUST-00451,2026-06,853.86,0,1,0,0
CUST-00452,2026-06,2619.74,0,1,0,0
CUST-00453,2026-06,447.16,0,0,0,0
CUST-00454,2026-06,126.22,0,1,0,0
CUST-00455,2026-06,123.8,0,1,0,0
CUST-00456,2026-06,59.81,0,0,0,0
CUST-00458,2026-06,876.86,0,1,0,0
CUST-00459,2026-06,1091.21,0,0,0,0
CUST-00460,2026-06,64.01,0,0,0,0
CUST-00463,2026-06,115.2,0,1,0,0
CUST-00464,2026-06,108.7,0,0,0,0
CUST-00465,2026-06,1357.27,0,0,0,0
CUST-00467,2026-06,178.05,0,1,0,0
CUST-00468,2026-06,242.36,0,0,0,0
CUST-00469,2026-06,842.51,0,1,0,0
CUST-00470,2026-06,246.8,0,1,0,0
CUST-00471,2026-06,851.53,0,0,0,0
CUST-00472,2026-06,1058.94,0,1,0,0
CUST-00473,2026-06,1375.97,0,0,0,0
CUST-00474,2026-06,1311.34,0,0,0,0
CUST-00475,2026-06,193.19,0,0,0,0
CUST-00476,2026-06,110.56,0,0,0,1
CUST-00478,2026-06,941.69,0,1,0,0
CUST-00479,2026-06,1233.53,0,0,1,0
CUST-00481,2026-06,245.12,0,0,0,0
CUST-00482,2026-06,56.74,0,1,0,0
CUST-00483,2026-06,192.62,0,0,0,0
CUST-00484,2026-06,102.05,0,0,0,0
CUST-00485,2026-06,1462.54,0,0,0,0
CUST-00486,2026-06,3233.34,0,0,0,0
CUST-00487,2026-06,1363.1,0,0,0,0
CUST-00488,2026-06,161.82,0,0,1,0
CUST-00489,2026-06,106.62,0,0,1,0
CUST-00490,2026-06,2923.34,0,1,0,0
CUST-00491,2026-06,209.29,0,0,0,1
CUST-00493,2026-06,3104.16,0,0,0,0
CUST-00494,2026-06,446.31,0,0,0,0
CUST-00495,2026-06,105.34,0,1,0,0
CUST-00496,2026-06,2187.08,0,0,0,0
CUST-00498,2026-06,1042.2,0,0,0,0
CUST-00499,2026-06,1316.75,0,0,0,0
CUST-00500,2026-06,1278.45,0,0,0,0
CUST-00501,2026-06,1451.35,0,0,0,0
CUST-00502,2026-06,1441.06,0,1,0,0
CUST-00503,2026-06,431.78,0,1,0,0
CUST-00504,2026-06,3469.2,0,0,0,0
CUST-00505,2026-06,290.31,0,0,0,0
CUST-00506,2026-06,51.97,0,1,0,0
CUST-00507,2026-06,3535.12,0,1,0,0
CUST-00508,2026-06,183.32,0,0,0,0
CUST-00509,2026-06,68.31,0,1,0,0
CUST-00510,2026-06,275.11,0,0,0,0
CUST-00511,2026-06,267.83,0,1,0,0
CUST-00512,2026-06,2040.72,0,1,0,0
CUST-00513,2026-06,130.56,0,1,0,0
CUST-00514,2026-06,774.11,0,1,0,0
CUST-00515,2026-06,201.14,0,0,1,0
CUST-00516,2026-06,618.18,0,0,0,0
CUST-00517,2026-06,481.59,0,1,0,0
CUST-00518,2026-06,282.34,0,0,0,0
CUST-00519,2026-06,109.49,0,0,1,0
CUST-00520,2026-06,1161.7,0,0,0,0
CUST-00521,2026-06,78.68,0,0,1,0
CUST-00522,2026-06,1508.45,0,1,0,0
CUST-00523,2026-06,206.48,0,0,0,0
CUST-00524,2026-06,93.5,0,1,0,0
CUST-00525,2026-06,184.2,0,1,0,0
CUST-00526,2026-06,144.72,0,0,1,0
CUST-00527,2026-06,363.53,0,1,0,0
CUST-00529,2026-06,651.29,0,1,0,0
CUST-00530,2026-06,102.4,0,0,0,0
CUST-00531,2026-06,167.72,0,1,0,0
CUST-00532,2026-06,77.08,0,0,0,0
CUST-00533,2026-06,1455.77,0,0,0,0
CUST-00534,2026-06,226.65,0,1,0,0
CUST-00535,2026-06,968.91,0,1,0,0
CUST-00536,2026-06,102.88,0,1,0,0
CUST-00537,2026-06,200.11,0,0,0,0
CUST-00538,2026-06,95.97,0,1,0,0
CUST-00539,2026-06,249.83,0,1,0,0
CUST-00540,2026-06,1928.05,0,0,0,0
CUST-00541,2026-06,390.11,0,0,0,0
CUST-00542,2026-06,136.57,0,1,0,0
CUST-00543,2026-06,252.49,0,1,0,0
CUST-00544,2026-06,86.55,0,1,0,0
CUST-00545,2026-06,255.02,0,1,0,0
CUST-00546,2026-06,314.26,0,0,0,0
CUST-00547,2026-06,256.6,0,0,0,0
CUST-00548,2026-06,187.75,0,1,0,0
CUST-00549,2026-06,261.44,0,1,0,0
CUST-00550,2026-06,212.7,0,1,0,0
CUST-00551,2026-06,84.42,0,1,0,0
CUST-00552,2026-06,217.96,0,0,1,0
CUST-00553,2026-06,2280.96,0,0,0,0
CUST-00554,2026-06,142.4,0,0,0,0
CUST-00555,2026-06,173.86,0,1,0,1
CUST-00556,2026-06,834.46,0,1,0,0
CUST-00557,2026-06,3294.67,0,1,0,0
CUST-00558,2026-06,827.5,0,1,0,0
CUST-00559,2026-06,107.84,0,1,0,0
CUST-00560,2026-06,855.07,0,1,0,0
CUST-00561,2026-06,110.05,0,0,0,0
CUST-00562,2026-06,92.91,0,0,0,0
CUST-00563,2026-06,133.62,0,0,1,0
CUST-00564,2026-06,63.46,0,1,0,0
CUST-00565,2026-06,166.98,0,1,0,0
CUST-00566,2026-06,254.64,0,0,1,1
CUST-00567,2026-06,245.07,0,1,0,0
CUST-00568,2026-06,582.23,0,1,0,0
CUST-00569,2026-06,1259.44,0,0,0,0
CUST-00570,2026-06,456.87,0,0,0,0
CUST-00571,2026-06,173.88,0,1,0,0
CUST-00572,2026-06,67.22,0,0,0,0
CUST-00573,2026-06,81.11,0,0,0,0
CUST-00574,2026-06,1041.6,0,0,0,0
CUST-00575,2026-06,232.5,0,1,0,0
CUST-00576,2026-06,163.89,0,1,0,0
CUST-00577,2026-06,56.7,0,0,0,0
CUST-00578,2026-06,3475.12,0,0,0,0
CUST-00579,2026-06,109.45,0,0,0,0
CUST-00580,2026-06,593.32,0,1,0,0
CUST-00581,2026-06,149.34,0,0,0,0
CUST-00582,2026-06,3814.71,0,1,0,0
CUST-00583,2026-06,434.21,0,0,0,0
CUST-00584,2026-06,174.68,0,1,0,0
CUST-00585,2026-06,105.15,0,1,0,0
CUST-00586,2026-06,1122.76,0,0,0,0
CUST-00587,2026-06,172.96,0,0,1,0
CUST-00588,2026-06,58.61,0,1,0,0
CUST-00589,2026-06,2815.14,0,1,0,0
CUST-00590,2026-06,92.3,0,1,0,0
CUST-00591,2026-06,218.15,0,0,1,0
CUST-00592,2026-06,54.31,0,0,0,0
CUST-00593,2026-06,83.71,0,1,0,0
CUST-00594,2026-06,207.26,0,1,0,0
CUST-00595,2026-06,927.65,0,1,0,0
CUST-00596,2026-06,741.79,0,1,0,0
CUST-00597,2026-06,94.14,0,0,1,0
CUST-00598,2026-06,211.41,0,0,0,0
CUST-00599,2026-06,87.86,0,0,0,0
CUST-00600,2026-06,137.42,0,0,0,0
CUST-00601,2026-06,130.93,0,0,0,0
CUST-00602,2026-06,228.21,0,0,0,0
CUST-00603,2026-06,108.37,0,1,0,0
CUST-00604,2026-06,518.5,0,0,0,1
CUST-00605,2026-06,940.27,1,0,0,0
CUST-00606,2026-06,135.52,1,0,0,0
CUST-00607,2026-06,1318.06,1,0,0,0
CUST-00608,2026-06,1055.96,1,0,0,0
CUST-00609,2026-06,136.87,1,0,0,0
CUST-00610,2026-06,42.41,1,0,0,0
CUST-00611,2026-06,1069.3,1,0,0,0
CUST-00612,2026-06,1049.38,1,0,0,0
CUST-00613,2026-06,196.99,1,0,0,0
CUST-00614,2026-06,246.64,1,0,0,0
CUST-00615,2026-06,67.02,1,0,0,0
CUST-00616,2026-06,331.42,1,0,0,0
CUST-00617,2026-06,131.22,1,0,0,0
CUST-00618,2026-06,227.34,1,0,0,0
CUST-00619,2026-06,121.6,1,0,0,0
CUST-00620,2026-06,229.3,1,0,0,0
CUST-00621,2026-06,161.09,1,0,0,0
CUST-00622,2026-06,155.62,1,0,0,0
CUST-00623,2026-06,3186.16,1,0,0,0
CUST-00624,2026-06,975.5,1,0,0,0
CUST-00625,2026-06,80.71,1,0,0,0
CUST-00626,2026-06,197.15,1,0,0,0
CUST-00627,2026-06,760.23,1,0,0,0
CUST-00628,2026-06,1039.07,1,0,0,0
CUST-00004,2026-07,545.29,0,0,0,0
CUST-00006,2026-07,47.63,0,0,0,0
CUST-00009,2026-07,169.31,0,1,0,0
CUST-00013,2026-07,3070.27,0,0,0,0
CUST-00014,2026-07,91.62,0,0,0,0
CUST-00016,2026-07,73.86,0,0,0,0
CUST-00022,2026-07,188.63,0,0,0,0
CUST-00024,2026-07,509.21,0,1,0,0
CUST-00027,2026-07,76.65,0,0,0,0
CUST-00029,2026-07,205.3,0,1,0,0
CUST-00030,2026-07,158.39,0,1,0,0
CUST-00037,2026-07,442.35,0,0,0,0
CUST-00038,2026-07,238.44,0,1,0,0
CUST-00039,2026-07,4787,0,0,0,0
CUST-00041,2026-07,282.03,0,0,1,0
CUST-00047,2026-07,66.51,0,1,0,0
CUST-00048,2026-07,289.33,0,1,0,0
CUST-00060,2026-07,146.22,0,1,0,0
CUST-00062,2026-07,477.34,0,0,1,0
CUST-00064,2026-07,1206.13,0,0,0,0
CUST-00066,2026-07,1550.23,0,1,0,0
CUST-00067,2026-07,667.95,0,0,0,0
CUST-00069,2026-07,233.5,0,1,0,0
CUST-00071,2026-07,6294.97,0,0,0,0
CUST-00072,2026-07,225.98,0,0,0,0
CUST-00074,2026-07,235.54,0,0,1,0
CUST-00075,2026-07,104.42,0,0,0,0
CUST-00076,2026-07,318.7,0,0,0,0
CUST-00077,2026-07,175.99,0,0,1,0
CUST-00078,2026-07,226.65,0,0,0,0
CUST-00082,2026-07,221.64,0,0,1,0
CUST-00085,2026-07,435.58,0,1,0,0
CUST-00087,2026-07,171.82,0,0,1,0
CUST-00088,2026-07,106.33,0,0,1,0
CUST-00091,2026-07,144.43,0,0,0,0
CUST-00094,2026-07,6118.93,0,0,0,0
CUST-00095,2026-07,55.69,0,0,0,0
CUST-00098,2026-07,1440.82,0,1,0,0
CUST-00100,2026-07,591.12,0,0,0,0
CUST-00102,2026-07,193.82,0,1,0,0
CUST-00103,2026-07,339.96,0,0,0,0
CUST-00104,2026-07,185.28,0,0,1,0
CUST-00106,2026-07,261.88,0,1,0,1
CUST-00107,2026-07,231.47,0,1,0,0
CUST-00108,2026-07,42.94,0,1,0,0
CUST-00111,2026-07,163.01,0,0,0,0
CUST-00112,2026-07,101.71,0,0,0,0
CUST-00114,2026-07,126.52,0,0,1,0
CUST-00118,2026-07,779.57,0,1,0,0
CUST-00120,2026-07,3930.4,0,0,0,0
CUST-00122,2026-07,288.57,0,1,0,0
CUST-00123,2026-07,4791.91,0,0,0,1
CUST-00126,2026-07,261.98,0,0,1,0
CUST-00129,2026-07,325.95,0,1,0,0
CUST-00131,2026-07,1200.13,0,0,0,0
CUST-00133,2026-07,597.27,0,0,1,0
CUST-00135,2026-07,1159.6,0,1,0,0
CUST-00136,2026-07,1163.86,0,0,1,0
CUST-00138,2026-07,183.8,0,0,1,0
CUST-00139,2026-07,297.39,0,0,1,0
CUST-00140,2026-07,2174.85,0,0,1,0
CUST-00141,2026-07,500.45,0,1,0,0
CUST-00142,2026-07,101.21,0,0,0,0
CUST-00143,2026-07,1652.62,0,1,0,0
CUST-00145,2026-07,53.47,0,1,0,0
CUST-00147,2026-07,283.52,0,0,0,0
CUST-00148,2026-07,105.49,0,1,0,0
CUST-00149,2026-07,74.5,0,0,0,0
CUST-00151,2026-07,288.43,0,0,0,0
CUST-00154,2026-07,926.5,0,0,0,0
CUST-00155,2026-07,3022.37,0,0,0,0
CUST-00157,2026-07,778.99,0,1,0,0
CUST-00162,2026-07,576.86,0,0,1,0
CUST-00163,2026-07,262.69,0,1,0,0
CUST-00165,2026-07,287.39,0,0,1,0
CUST-00166,2026-07,190.64,0,0,0,0
CUST-00168,2026-07,291.16,0,0,0,0
CUST-00169,2026-07,3463.1,0,1,0,0
CUST-00170,2026-07,570.34,0,1,0,0
CUST-00171,2026-07,516.57,0,0,0,0
CUST-00172,2026-07,2964.53,0,0,0,0
CUST-00173,2026-07,341.64,0,1,0,0
CUST-00176,2026-07,189.11,0,0,1,0
CUST-00177,2026-07,103.96,0,0,0,0
CUST-00178,2026-07,308.42,0,0,1,0
CUST-00179,2026-07,1510.52,0,1,0,0
CUST-00180,2026-07,338.41,0,1,0,0
CUST-00181,2026-07,265.59,0,1,0,0
CUST-00183,2026-07,100.09,0,0,0,0
CUST-00186,2026-07,100.5,0,1,0,0
CUST-00188,2026-07,1436.79,0,0,1,0
CUST-00190,2026-07,48.02,0,0,0,0
CUST-00192,2026-07,2095.38,0,1,0,0
CUST-00193,2026-07,226.27,0,1,0,1
CUST-00194,2026-07,96.33,0,0,0,0
CUST-00195,2026-07,91.06,0,0,1,0
CUST-00196,2026-07,171.52,0,0,0,0
CUST-00197,2026-07,84.82,0,0,0,0
CUST-00198,2026-07,2249.48,0,0,0,0
CUST-00199,2026-07,62.36,0,1,0,0
CUST-00200,2026-07,130.9,0,0,0,0
CUST-00201,2026-07,80.76,0,0,0,0
CUST-00205,2026-07,345.66,0,0,0,0
CUST-00206,2026-07,243.19,0,1,0,0
CUST-00207,2026-07,1948.64,0,1,0,0
CUST-00208,2026-07,3524.14,0,0,0,0
CUST-00210,2026-07,442.36,0,1,0,0
CUST-00211,2026-07,92.69,0,1,0,0
CUST-00214,2026-07,134.05,0,1,0,0
CUST-00216,2026-07,283.69,0,1,0,0
CUST-00217,2026-07,62.62,0,1,0,0
CUST-00220,2026-07,108.11,0,1,0,0
CUST-00221,2026-07,2407.48,0,0,0,0
CUST-00222,2026-07,1130.7,0,1,0,0
CUST-00223,2026-07,298.07,0,0,0,0
CUST-00224,2026-07,83.89,0,0,0,0
CUST-00226,2026-07,720,0,0,1,0
CUST-00227,2026-07,294.1,0,0,1,0
CUST-00229,2026-07,120.27,0,0,1,1
CUST-00231,2026-07,151.08,0,0,0,0
CUST-00233,2026-07,1638.02,0,0,0,0
CUST-00234,2026-07,96.27,0,0,0,0
CUST-00235,2026-07,3678.54,0,1,0,0
CUST-00236,2026-07,103.53,0,1,0,0
CUST-00239,2026-07,316.25,0,0,1,0
CUST-00240,2026-07,269.66,0,0,0,0
CUST-00241,2026-07,107.41,0,0,0,0
CUST-00242,2026-07,320.42,0,1,0,0
CUST-00244,2026-07,57.46,0,0,0,1
CUST-00248,2026-07,924.82,0,0,0,0
CUST-00249,2026-07,1550.59,0,0,0,0
CUST-00250,2026-07,254.63,0,1,0,0
CUST-00251,2026-07,1524.52,0,1,0,0
CUST-00254,2026-07,125.17,0,1,0,0
CUST-00257,2026-07,3073.95,0,0,0,0
CUST-00259,2026-07,1211.67,0,1,0,0
CUST-00262,2026-07,243.3,0,0,0,0
CUST-00264,2026-07,112.42,0,0,0,0
CUST-00265,2026-07,75.49,0,0,1,0
CUST-00266,2026-07,146.25,0,0,0,0
CUST-00267,2026-07,292.73,0,1,0,0
CUST-00270,2026-07,887.48,0,0,1,0
CUST-00271,2026-07,63.91,0,0,0,0
CUST-00272,2026-07,259.15,0,0,1,0
CUST-00274,2026-07,117.5,0,1,0,0
CUST-00275,2026-07,346.32,0,0,0,0
CUST-00276,2026-07,92.47,0,0,0,0
CUST-00277,2026-07,161.14,0,1,0,0
CUST-00278,2026-07,164.74,0,0,0,0
CUST-00279,2026-07,247.33,0,0,1,0
CUST-00280,2026-07,187.54,0,1,0,0
CUST-00283,2026-07,213.85,0,1,0,1
CUST-00284,2026-07,226.02,0,1,0,0
CUST-00285,2026-07,76.83,0,0,0,0
CUST-00286,2026-07,2016.42,0,1,0,0
CUST-00288,2026-07,3718.29,0,0,0,0
CUST-00290,2026-07,275.02,0,1,0,0
CUST-00292,2026-07,137.27,0,1,0,0
CUST-00296,2026-07,63.26,0,0,0,0
CUST-00297,2026-07,196.02,0,1,0,0
CUST-00298,2026-07,279.47,0,1,0,0
CUST-00299,2026-07,191.25,0,0,0,0
CUST-00300,2026-07,240.24,0,0,0,0
CUST-00301,2026-07,969.79,0,0,0,0
CUST-00302,2026-07,305.08,0,1,0,0
CUST-00303,2026-07,58.66,0,1,0,0
CUST-00304,2026-07,248.78,0,1,0,0
CUST-00306,2026-07,1478.07,0,1,0,0
CUST-00307,2026-07,1095.64,0,1,0,0
CUST-00309,2026-07,1790.65,0,1,0,0
CUST-00311,2026-07,364.02,0,1,0,0
CUST-00312,2026-07,175.8,0,0,1,0
CUST-00313,2026-07,273.34,0,0,0,0
CUST-00315,2026-07,303.7,0,0,1,0
CUST-00316,2026-07,1085.64,0,0,1,0
CUST-00317,2026-07,250.25,0,1,0,0
CUST-00319,2026-07,62.42,0,0,1,0
CUST-00320,2026-07,275.56,0,0,0,0
CUST-00321,2026-07,184.77,0,1,0,0
CUST-00322,2026-07,214.94,0,0,1,0
CUST-00323,2026-07,334.99,0,0,1,0
CUST-00326,2026-07,71.62,0,1,0,0
CUST-00327,2026-07,1514.22,0,1,0,0
CUST-00329,2026-07,28.92,0,0,1,0
CUST-00331,2026-07,213.02,0,1,0,0
CUST-00332,2026-07,52.83,0,1,0,0
CUST-00334,2026-07,134.74,0,0,1,0
CUST-00335,2026-07,189.28,0,0,1,0
CUST-00336,2026-07,152.63,0,1,0,0
CUST-00337,2026-07,273.94,0,0,0,0
CUST-00339,2026-07,164.34,0,1,0,0
CUST-00340,2026-07,1187.92,0,0,0,0
CUST-00341,2026-07,633.14,0,1,0,0
CUST-00343,2026-07,68.07,0,1,0,0
CUST-00344,2026-07,311.74,0,0,1,0
CUST-00347,2026-07,197.89,0,1,0,0
CUST-00348,2026-07,259.34,0,1,0,0
CUST-00349,2026-07,168,0,0,1,0
CUST-00351,2026-07,162.27,0,0,1,0
CUST-00352,2026-07,231.47,0,0,0,0
CUST-00354,2026-07,493.35,0,0,0,0
CUST-00356,2026-07,164.1,0,0,0,0
CUST-00357,2026-07,43.88,0,0,0,0
CUST-00358,2026-07,279.99,0,1,0,0
CUST-00360,2026-07,250.18,0,0,0,0
CUST-00363,2026-07,247.61,0,0,0,0
CUST-00364,2026-07,124.3,0,1,0,0
CUST-00365,2026-07,71.52,0,1,0,0
CUST-00366,2026-07,439.98,0,1,0,0
CUST-00368,2026-07,90.03,0,0,1,0
CUST-00369,2026-07,558.97,0,1,0,0
CUST-00370,2026-07,878.1,0,0,0,0
CUST-00373,2026-07,166.74,0,0,0,0
CUST-00374,2026-07,1367.18,0,0,0,0
CUST-00375,2026-07,239.23,0,0,0,0
CUST-00376,2026-07,98.17,0,0,1,0
CUST-00377,2026-07,717.78,0,0,0,0
CUST-00378,2026-07,1367.13,0,0,0,0
CUST-00379,2026-07,91.73,0,0,0,0
CUST-00380,2026-07,258.27,0,1,0,0
CUST-00381,2026-07,393.58,0,1,0,0
CUST-00382,2026-07,234.03,0,0,1,0
CUST-00385,2026-07,1026.2,0,0,1,0
CUST-00386,2026-07,151.55,0,0,0,0
CUST-00388,2026-07,148.22,0,1,0,0
CUST-00389,2026-07,257.72,0,1,0,0
CUST-00390,2026-07,1044.46,0,1,0,0
CUST-00391,2026-07,1358.19,0,0,0,0
CUST-00393,2026-07,1127.91,0,1,0,0
CUST-00394,2026-07,412.27,0,0,1,0
CUST-00396,2026-07,493.93,0,0,0,0
CUST-00398,2026-07,115,0,0,0,0
CUST-00399,2026-07,70.82,0,0,1,0
CUST-00400,2026-07,121.48,0,1,0,0
CUST-00401,2026-07,371.64,0,1,0,0
CUST-00402,2026-07,143.34,0,0,0,0
CUST-00404,2026-07,1142.48,0,1,0,0
CUST-00405,2026-07,132.46,0,1,0,0
CUST-00406,2026-07,1367.34,0,0,1,0
CUST-00408,2026-07,99.98,0,1,0,0
CUST-00409,2026-07,924.29,0,0,1,0
CUST-00410,2026-07,145.29,0,0,1,0
CUST-00411,2026-07,60.5,0,0,0,0
CUST-00412,2026-07,149.26,0,1,0,0
CUST-00413,2026-07,228.52,0,0,1,0
CUST-00414,2026-07,3530.15,0,0,0,0
CUST-00415,2026-07,213.14,0,1,0,0
CUST-00418,2026-07,99.09,0,0,0,0
CUST-00419,2026-07,92.34,0,0,0,0
CUST-00420,2026-07,4430,0,1,0,0
CUST-00423,2026-07,226.53,0,0,0,0
CUST-00424,2026-07,36.03,0,1,0,0
CUST-00425,2026-07,135.4,0,1,0,0
CUST-00427,2026-07,265.82,0,1,0,0
CUST-00428,2026-07,78.91,0,0,1,0
CUST-00429,2026-07,491.12,0,0,0,0
CUST-00431,2026-07,1699.25,0,1,0,0
CUST-00432,2026-07,51.67,0,0,0,0
CUST-00433,2026-07,128.2,0,0,1,0
CUST-00434,2026-07,4037.94,0,1,0,0
CUST-00436,2026-07,1022.03,0,0,1,0
CUST-00437,2026-07,209.08,0,1,0,0
CUST-00438,2026-07,2698.97,0,1,0,0
CUST-00439,2026-07,103.8,0,0,1,0
CUST-00440,2026-07,234.69,0,0,0,0
CUST-00441,2026-07,71.7,0,1,0,0
CUST-00442,2026-07,278.79,0,0,0,0
CUST-00446,2026-07,202.38,0,0,0,0
CUST-00447,2026-07,2368.08,0,0,0,0
CUST-00448,2026-07,106.95,0,0,1,0
CUST-00449,2026-07,140.15,0,0,0,0
CUST-00450,2026-07,1286.54,0,1,0,0
CUST-00451,2026-07,877.27,0,1,0,0
CUST-00452,2026-07,2635.48,0,0,0,0
CUST-00453,2026-07,463.64,0,1,0,0
CUST-00454,2026-07,121.92,0,0,1,0
CUST-00455,2026-07,154.6,0,1,0,0
CUST-00456,2026-07,60.26,0,0,0,0
CUST-00458,2026-07,759.21,0,0,1,0
CUST-00459,2026-07,1123.57,0,1,0,0
CUST-00460,2026-07,63.47,0,0,0,0
CUST-00463,2026-07,118.73,0,1,0,0
CUST-00464,2026-07,106.21,0,0,1,0
CUST-00465,2026-07,1319.39,0,0,1,0
CUST-00467,2026-07,182.58,0,1,0,1
CUST-00468,2026-07,239.68,0,0,0,0
CUST-00469,2026-07,818.72,0,0,1,0
CUST-00470,2026-07,248.62,0,0,0,0
CUST-00471,2026-07,835.72,0,0,0,0
CUST-00472,2026-07,1053.18,0,0,0,0
CUST-00473,2026-07,1374.57,0,0,0,0
CUST-00474,2026-07,1312.28,0,0,0,0
CUST-00475,2026-07,203.65,0,1,0,0
CUST-00478,2026-07,927.67,0,0,0,0
CUST-00479,2026-07,1262.05,0,1,0,0
CUST-00481,2026-07,241.36,0,0,0,0
CUST-00482,2026-07,59.84,0,1,0,0
CUST-00483,2026-07,197.46,0,1,0,0
CUST-00484,2026-07,101.66,0,0,0,0
CUST-00485,2026-07,1492.93,0,1,0,0
CUST-00486,2026-07,3266.29,0,0,0,0
CUST-00487,2026-07,1336.75,0,0,0,0
CUST-00488,2026-07,165.46,0,1,0,0
CUST-00489,2026-07,107.7,0,0,0,0
CUST-00490,2026-07,2699.61,0,0,1,0
CUST-00493,2026-07,3168.56,0,1,0,0
CUST-00494,2026-07,468.35,0,1,0,0
CUST-00495,2026-07,109.98,0,1,0,0
CUST-00496,2026-07,2203.93,0,0,0,0
CUST-00498,2026-07,1053.6,0,0,0,0
CUST-00499,2026-07,1335.68,0,0,0,0
CUST-00500,2026-07,1296.6,0,0,0,0
CUST-00501,2026-07,1417.65,0,0,1,0
CUST-00502,2026-07,1419.23,0,0,0,0
CUST-00503,2026-07,419.52,0,0,1,0
CUST-00504,2026-07,3583.98,0,1,0,0
CUST-00505,2026-07,295.36,0,0,0,0
CUST-00506,2026-07,52.59,0,0,0,0
CUST-00507,2026-07,3605.22,0,0,0,0
CUST-00508,2026-07,187.38,0,1,0,0
CUST-00509,2026-07,71.02,0,1,0,0
CUST-00510,2026-07,286.86,0,1,0,0
CUST-00511,2026-07,261.76,0,0,1,0
CUST-00512,2026-07,2037.12,0,0,0,0
CUST-00513,2026-07,126.94,0,0,1,0
CUST-00514,2026-07,794.32,0,1,0,0
CUST-00515,2026-07,210.15,0,1,0,0
CUST-00516,2026-07,611.77,0,0,0,0
CUST-00517,2026-07,496.56,0,1,0,0
CUST-00518,2026-07,297.38,0,1,0,0
CUST-00519,2026-07,116.05,0,1,0,1
CUST-00520,2026-07,1170.92,0,0,0,0
CUST-00521,2026-07,95.06,0,1,0,0
CUST-00522,2026-07,1485.96,0,0,0,0
CUST-00523,2026-07,213.43,0,1,0,0
CUST-00524,2026-07,94.76,0,0,0,0
CUST-00525,2026-07,185.65,0,0,0,0
CUST-00526,2026-07,151.25,0,1,0,0
CUST-00527,2026-07,363.24,0,0,0,0
CUST-00529,2026-07,642.72,0,0,0,0
CUST-00530,2026-07,105.48,0,1,0,0
CUST-00531,2026-07,162.2,0,0,1,0
CUST-00532,2026-07,76.62,0,0,0,0
CUST-00533,2026-07,1501.52,0,1,0,0
CUST-00534,2026-07,235.68,0,1,0,0
CUST-00535,2026-07,951.89,0,0,0,0
CUST-00536,2026-07,105.94,0,1,0,0
CUST-00537,2026-07,203.01,0,0,0,0
CUST-00538,2026-07,100.25,0,1,0,0
CUST-00539,2026-07,246.43,0,0,0,0
CUST-00540,2026-07,1921,0,0,0,0
CUST-00541,2026-07,387.86,0,0,0,0
CUST-00542,2026-07,131.15,0,0,1,0
CUST-00543,2026-07,246.67,0,0,1,1
CUST-00544,2026-07,84.22,0,0,1,0
CUST-00545,2026-07,261.98,0,1,0,0
CUST-00546,2026-07,305.91,0,0,1,0
CUST-00547,2026-07,249.47,0,0,1,0
CUST-00548,2026-07,185.01,0,0,0,0
CUST-00549,2026-07,260.62,0,0,0,0
CUST-00550,2026-07,221.41,0,1,0,0
CUST-00551,2026-07,81.66,0,0,1,0
CUST-00552,2026-07,225.84,0,1,0,0
CUST-00553,2026-07,2272.98,0,0,0,0
CUST-00554,2026-07,142.87,0,0,0,0
CUST-00556,2026-07,862.99,0,1,0,0
CUST-00557,2026-07,3400.34,0,1,0,0
CUST-00558,2026-07,851.03,0,1,0,0
CUST-00559,2026-07,111.25,0,1,0,0
CUST-00560,2026-07,884.47,0,1,0,0
CUST-00561,2026-07,110.15,0,0,0,0
CUST-00562,2026-07,95.35,0,1,0,0
CUST-00563,2026-07,129.06,0,0,1,0
CUST-00564,2026-07,62.66,0,0,0,0
CUST-00565,2026-07,167.66,0,0,0,0
CUST-00567,2026-07,170.94,0,0,1,0
CUST-00568,2026-07,590.02,0,0,0,0
CUST-00569,2026-07,1270.04,0,0,0,0
CUST-00570,2026-07,455.23,0,0,0,0
CUST-00571,2026-07,168.65,0,0,1,0
CUST-00572,2026-07,70.47,0,1,0,0
CUST-00573,2026-07,84.94,0,1,0,0
CUST-00574,2026-07,1042.04,0,0,0,0
CUST-00575,2026-07,234.95,0,0,0,0
CUST-00576,2026-07,160.3,0,0,1,0
CUST-00577,2026-07,55.78,0,0,0,0
CUST-00578,2026-07,3496.78,0,0,0,0
CUST-00579,2026-07,115.6,0,1,0,0
CUST-00580,2026-07,592.08,0,0,0,0
CUST-00581,2026-07,151.05,0,0,0,0
CUST-00582,2026-07,3934.48,0,1,0,0
CUST-00583,2026-07,351.57,0,0,1,0
CUST-00584,2026-07,180,0,1,0,0
CUST-00585,2026-07,108.75,0,1,0,0
CUST-00586,2026-07,1101.56,0,0,0,0
CUST-00587,2026-07,167.37,0,0,1,0
CUST-00588,2026-07,60.29,0,1,0,0
CUST-00589,2026-07,2776.38,0,0,0,0
CUST-00590,2026-07,95.18,0,1,0,0
CUST-00591,2026-07,224.49,0,1,0,0
CUST-00592,2026-07,52.31,0,0,1,0
CUST-00593,2026-07,84.95,0,0,0,0
CUST-00594,2026-07,214.88,0,1,0,0
CUST-00595,2026-07,958.43,0,1,0,0
CUST-00596,2026-07,897.39,0,1,0,0
CUST-00597,2026-07,92.05,0,0,1,0
CUST-00598,2026-07,209.7,0,0,0,0
CUST-00599,2026-07,92.28,0,1,0,0
CUST-00600,2026-07,137.73,0,0,0,0
CUST-00601,2026-07,135.47,0,1,0,0
CUST-00602,2026-07,219.44,0,0,1,0
CUST-00603,2026-07,104.25,0,0,1,0
CUST-00605,2026-07,928.41,0,0,0,0
CUST-00606,2026-07,133.81,0,0,0,0
CUST-00607,2026-07,1309.14,0,0,0,0
CUST-00608,2026-07,1068.28,0,0,0,0
CUST-00609,2026-07,138.91,0,0,0,0
CUST-00610,2026-07,43.17,0,0,0,0
CUST-00611,2026-07,1071.49,0,0,0,0
CUST-00612,2026-07,1020.19,0,0,1,0
CUST-00613,2026-07,198.47,0,0,0,0
CUST-00614,2026-07,246.49,0,0,0,0
CUST-00615,2026-07,69.51,0,1,0,0
CUST-00616,2026-07,343.02,0,1,0,0
CUST-00617,2026-07,138.62,0,1,0,0
CUST-00618,2026-07,234.36,0,1,0,0
CUST-00619,2026-07,120.57,0,0,0,0
CUST-00620,2026-07,237.35,0,1,0,0
CUST-00621,2026-07,155.85,0,0,1,0
CUST-00622,2026-07,156.13,0,0,0,0
CUST-00623,2026-07,3241.11,0,0,0,0
CUST-00624,2026-07,991.58,0,0,0,0
CUST-00625,2026-07,81.88,0,0,0,0
CUST-00626,2026-07,192.78,0,0,1,1
CUST-00627,2026-07,849.82,0,1,0,0
CUST-00628,2026-07,1067.58,0,1,0,0
CUST-00629,2026-07,973.78,1,0,0,0
CUST-00630,2026-07,102.7,1,0,0,0
CUST-00631,2026-07,109.26,1,0,0,0
CUST-00632,2026-07,1197.42,1,0,0,0
CUST-00633,2026-07,2932.8,1,0,0,0
CUST-00634,2026-07,1201.86,1,0,0,0
CUST-00635,2026-07,116.38,1,0,0,0
CUST-00636,2026-07,59.87,1,0,0,0
CUST-00637,2026-07,3698.15,1,0,0,0
CUST-00638,2026-07,566.9,1,0,0,0
CUST-00639,2026-07,1893.17,1,0,0,1
CUST-00640,2026-07,761.52,1,0,0,0
CUST-00641,2026-07,249.75,1,0,0,0
CUST-00642,2026-07,326.13,1,0,0,0
CUST-00643,2026-07,61.79,1,0,0,0
CUST-00644,2026-07,149.26,1,0,0,0
CUST-00645,2026-07,915.69,1,0,0,0
CUST-00646,2026-07,419.57,1,0,0,0
CUST-00647,2026-07,3495.14,1,0,0,0
CUST-00648,2026-07,1057.08,1,0,0,0
CUST-00649,2026-07,987.9,1,0,0,0
CUST-00004,2026-08,568.08,0,1,0,0
CUST-00006,2026-08,48.34,0,0,0,0
CUST-00009,2026-08,200.45,0,1,0,0
CUST-00013,2026-08,3056.2,0,0,0,0
CUST-00014,2026-08,88.37,0,0,1,0
CUST-00016,2026-08,72.39,0,0,0,0
CUST-00022,2026-08,187.95,0,0,0,0
CUST-00024,2026-08,498.62,0,0,1,0
CUST-00027,2026-08,73.91,0,0,1,0
CUST-00029,2026-08,203.3,0,0,0,0
CUST-00030,2026-08,130.18,0,0,1,0
CUST-00037,2026-08,461.19,0,1,0,0
CUST-00038,2026-08,252.65,0,1,0,0
CUST-00039,2026-08,4723.33,0,0,0,0
CUST-00041,2026-08,289.93,0,1,0,0
CUST-00047,2026-08,64.84,0,0,1,0
CUST-00048,2026-08,282.7,0,0,1,1
CUST-00060,2026-08,144.56,0,0,0,0
CUST-00062,2026-08,483.42,0,0,0,0
CUST-00064,2026-08,1246.63,0,1,0,0
CUST-00066,2026-08,1524.25,0,0,0,0
CUST-00067,2026-08,670.46,0,0,0,0
CUST-00069,2026-08,235.46,0,0,0,0
CUST-00071,2026-08,6305.22,0,0,0,0
CUST-00072,2026-08,237.41,0,1,0,0
CUST-00074,2026-08,291.66,0,1,0,0
CUST-00075,2026-08,104.83,0,0,0,0
CUST-00076,2026-08,322.74,0,0,0,0
CUST-00077,2026-08,175.15,0,0,0,0
CUST-00078,2026-08,223.58,0,0,0,0
CUST-00082,2026-08,226.61,0,1,0,0
CUST-00085,2026-08,446.2,0,1,0,0
CUST-00087,2026-08,169.66,0,0,0,0
CUST-00088,2026-08,103.6,0,0,1,0
CUST-00091,2026-08,148.48,0,1,0,0
CUST-00094,2026-08,6336.74,0,1,0,0
CUST-00095,2026-08,55.05,0,0,0,0
CUST-00098,2026-08,1450.25,0,0,0,0
CUST-00100,2026-08,446.31,0,0,1,0
CUST-00102,2026-08,202.97,0,1,0,0
CUST-00103,2026-08,351.16,0,1,0,0
CUST-00104,2026-08,192.41,0,1,0,0
CUST-00107,2026-08,236.38,0,1,0,0
CUST-00108,2026-08,41.64,0,0,1,0
CUST-00111,2026-08,166.6,0,1,0,0
CUST-00112,2026-08,100.17,0,0,0,0
CUST-00114,2026-08,154.06,0,1,0,0
CUST-00118,2026-08,787.03,0,0,0,0
CUST-00120,2026-08,3945.38,0,0,0,0
CUST-00122,2026-08,290.93,0,0,0,0
CUST-00126,2026-08,314.89,0,1,0,0
CUST-00129,2026-08,338.25,0,1,0,0
CUST-00131,2026-08,1229.63,0,1,0,0
CUST-00133,2026-08,625.55,0,1,0,0
CUST-00135,2026-08,1173.16,0,0,0,0
CUST-00136,2026-08,1165.97,0,0,0,0
CUST-00138,2026-08,182.9,0,0,0,0
CUST-00139,2026-08,397.55,0,1,0,0
CUST-00140,2026-08,2116.74,0,0,1,0
CUST-00141,2026-08,530.18,0,1,0,0
CUST-00142,2026-08,104.08,0,1,0,0
CUST-00143,2026-08,1700.32,0,1,0,0
CUST-00145,2026-08,53.91,0,0,0,0
CUST-00147,2026-08,300.08,0,1,0,0
CUST-00148,2026-08,106.69,0,0,0,0
CUST-00149,2026-08,74.17,0,0,0,0
CUST-00151,2026-08,329.87,0,1,0,0
CUST-00154,2026-08,901.43,0,0,1,0
CUST-00155,2026-08,3093.03,0,1,0,0
CUST-00157,2026-08,794.9,0,1,0,0
CUST-00162,2026-08,604.92,0,1,0,0
CUST-00163,2026-08,262.77,0,0,0,0
CUST-00165,2026-08,304,0,1,0,0
CUST-00166,2026-08,188.32,0,0,0,0
CUST-00168,2026-08,304.86,0,1,0,0
CUST-00169,2026-08,3571,0,1,0,0
CUST-00170,2026-08,574.4,0,0,0,0
CUST-00171,2026-08,526.93,0,1,0,0
CUST-00172,2026-08,2927.21,0,0,0,0
CUST-00173,2026-08,354.07,0,1,0,0
CUST-00176,2026-08,197.05,0,1,0,0
CUST-00177,2026-08,86.6,0,0,1,0
CUST-00178,2026-08,299.3,0,0,1,0
CUST-00179,2026-08,1554.9,0,1,0,0
CUST-00180,2026-08,350.2,0,1,0,0
CUST-00181,2026-08,274.46,0,1,0,0
CUST-00183,2026-08,117.69,0,1,0,0
CUST-00186,2026-08,102.08,0,0,0,0
CUST-00188,2026-08,1404.54,0,0,1,0
CUST-00190,2026-08,47.08,0,0,0,0
CUST-00192,2026-08,2160.99,0,1,0,0
CUST-00194,2026-08,97.65,0,0,0,0
CUST-00195,2026-08,94.39,0,1,0,0
CUST-00196,2026-08,170.29,0,0,0,0
CUST-00197,2026-08,88.33,0,1,0,0
CUST-00198,2026-08,2289.42,0,0,0,0
CUST-00199,2026-08,65.74,0,1,0,0
CUST-00200,2026-08,134.62,0,1,0,1
CUST-00201,2026-08,80.4,0,0,0,0
CUST-00205,2026-08,432.59,0,1,0,0
CUST-00206,2026-08,245.43,0,0,0,0
CUST-00207,2026-08,1948.47,0,0,0,0
CUST-00208,2026-08,3553.03,0,0,0,0
CUST-00210,2026-08,434.15,0,0,0,0
CUST-00211,2026-08,95.51,0,1,0,0
CUST-00214,2026-08,139.92,0,1,0,0
CUST-00216,2026-08,322.61,0,1,0,1
CUST-00217,2026-08,64.61,0,1,0,0
CUST-00220,2026-08,107.64,0,0,0,0
CUST-00221,2026-08,2499.68,0,1,0,0
CUST-00222,2026-08,1179.92,0,1,0,0
CUST-00223,2026-08,310.63,0,1,0,0
CUST-00224,2026-08,84.22,0,0,0,0
CUST-00226,2026-08,709.54,0,0,0,0
CUST-00227,2026-08,307.56,0,1,0,0
CUST-00231,2026-08,154.47,0,1,0,0
CUST-00233,2026-08,1284.47,0,0,1,0
CUST-00234,2026-08,100.77,0,1,0,0
CUST-00235,2026-08,3778.61,0,1,0,0
CUST-00236,2026-08,100.83,0,0,1,0
CUST-00239,2026-08,323.01,0,1,0,0
CUST-00240,2026-08,264.72,0,0,0,0
CUST-00241,2026-08,104.45,0,0,1,0
CUST-00242,2026-08,318.07,0,0,0,0
CUST-00248,2026-08,902.05,0,0,1,0
CUST-00249,2026-08,1580.45,0,0,0,0
CUST-00250,2026-08,268.54,0,1,0,0
CUST-00251,2026-08,1932.37,0,1,0,0
CUST-00254,2026-08,132.03,0,1,0,0
CUST-00257,2026-08,3104.22,0,0,0,0
CUST-00259,2026-08,1193.93,0,0,0,0
CUST-00262,2026-08,171.58,0,0,1,0
CUST-00264,2026-08,110.81,0,0,0,0
CUST-00265,2026-08,78.68,0,1,0,0
CUST-00266,2026-08,150.82,0,1,0,0
CUST-00267,2026-08,283.47,0,0,1,0
CUST-00270,2026-08,917.95,0,1,0,0
CUST-00271,2026-08,65.44,0,1,0,0
CUST-00272,2026-08,274.21,0,1,0,0
CUST-00274,2026-08,115.59,0,0,0,0
CUST-00275,2026-08,347.73,0,0,0,0
CUST-00276,2026-08,93.95,0,0,0,0
CUST-00277,2026-08,154.85,0,0,1,0
CUST-00278,2026-08,161.92,0,0,0,0
CUST-00279,2026-08,239.81,0,0,1,0
CUST-00280,2026-08,181.34,0,0,1,0
CUST-00284,2026-08,223.76,0,0,0,0
CUST-00285,2026-08,74.81,0,0,1,0
CUST-00286,2026-08,2091.34,0,1,0,0
CUST-00288,2026-08,3649.55,0,0,0,0
CUST-00290,2026-08,291.48,0,1,0,1
CUST-00292,2026-08,191.46,0,1,0,0
CUST-00296,2026-08,66.21,0,1,0,0
CUST-00297,2026-08,235.36,0,1,0,0
CUST-00298,2026-08,288.84,0,1,0,0
CUST-00299,2026-08,190.46,0,0,0,0
CUST-00300,2026-08,231.26,0,0,1,0
CUST-00301,2026-08,991.68,0,1,0,0
CUST-00302,2026-08,303.23,0,0,0,0
CUST-00303,2026-08,60.94,0,1,0,0
CUST-00304,2026-08,260.29,0,1,0,0
CUST-00306,2026-08,1470.82,0,0,0,0
CUST-00307,2026-08,1100.88,0,0,0,0
CUST-00309,2026-08,1867.92,0,1,0,0
CUST-00311,2026-08,382.86,0,1,0,0
CUST-00312,2026-08,172.13,0,0,1,0
CUST-00313,2026-08,276.92,0,0,0,0
CUST-00315,2026-08,313.14,0,1,0,0
CUST-00316,2026-08,1132.73,0,1,0,0
CUST-00317,2026-08,249.34,0,0,0,0
CUST-00319,2026-08,63.89,0,1,0,0
CUST-00320,2026-08,290.81,0,1,0,0
CUST-00321,2026-08,178.64,0,0,1,1
CUST-00322,2026-08,207.24,0,0,1,0
CUST-00323,2026-08,334.36,0,0,0,0
CUST-00326,2026-08,70.44,0,0,0,0
CUST-00327,2026-08,1581.17,0,1,0,0
CUST-00329,2026-08,36.52,0,1,0,0
CUST-00331,2026-08,219.01,0,1,0,0
CUST-00332,2026-08,51.52,0,0,1,0
CUST-00334,2026-08,140.98,0,1,0,1
CUST-00335,2026-08,186.08,0,0,0,0
CUST-00336,2026-08,156.84,0,1,0,0
CUST-00337,2026-08,263.98,0,0,1,0
CUST-00339,2026-08,161.15,0,0,0,0
CUST-00340,2026-08,1193.49,0,0,0,0
CUST-00341,2026-08,634.83,0,0,0,0
CUST-00343,2026-08,71.13,0,1,0,0
CUST-00344,2026-08,300.16,0,0,1,0
CUST-00347,2026-08,201.32,0,0,0,0
CUST-00348,2026-08,359.44,0,1,0,0
CUST-00349,2026-08,176.92,0,1,0,0
CUST-00351,2026-08,221.15,0,1,0,0
CUST-00352,2026-08,234.96,0,0,0,0
CUST-00354,2026-08,494.22,0,0,0,0
CUST-00356,2026-08,171.48,0,1,0,0
CUST-00357,2026-08,61.21,0,1,0,0
CUST-00358,2026-08,275.39,0,0,0,0
CUST-00360,2026-08,252.99,0,0,0,0
CUST-00363,2026-08,246.99,0,0,0,0
CUST-00364,2026-08,124.79,0,0,0,0
CUST-00365,2026-08,72.5,0,0,0,0
CUST-00366,2026-08,461.54,0,1,0,0
CUST-00368,2026-08,93.45,0,1,0,0
CUST-00369,2026-08,544.55,0,0,1,0
CUST-00370,2026-08,922.86,0,1,0,0
CUST-00373,2026-08,162.99,0,0,1,0
CUST-00374,2026-08,1396.23,0,1,0,0
CUST-00375,2026-08,241.73,0,0,0,0
CUST-00376,2026-08,99.6,0,0,0,0
CUST-00377,2026-08,719.94,0,0,0,0
CUST-00378,2026-08,1381.21,0,0,0,0
CUST-00379,2026-08,93.39,0,0,0,0
CUST-00380,2026-08,257.62,0,0,0,0
CUST-00381,2026-08,398.37,0,0,0,0
CUST-00382,2026-08,234.47,0,0,0,0
CUST-00385,2026-08,1008.49,0,0,0,0
CUST-00386,2026-08,153.01,0,0,0,0
CUST-00388,2026-08,144.72,0,0,1,0
CUST-00389,2026-08,270.24,0,1,0,0
CUST-00390,2026-08,1033.45,0,0,0,0
CUST-00391,2026-08,1361.22,0,0,0,0
CUST-00393,2026-08,1120.89,0,0,0,0
CUST-00394,2026-08,399.72,0,0,1,0
CUST-00396,2026-08,516.09,0,1,0,0
CUST-00398,2026-08,117.1,0,0,0,0
CUST-00399,2026-08,74.63,0,1,0,0
CUST-00400,2026-08,121.35,0,0,0,0
CUST-00401,2026-08,364.73,0,0,0,0
CUST-00402,2026-08,142.66,0,0,0,0
CUST-00404,2026-08,1115.82,0,0,1,0
CUST-00405,2026-08,137.18,0,1,0,0
CUST-00406,2026-08,1349.9,0,0,0,0
CUST-00408,2026-08,98.84,0,0,0,0
CUST-00409,2026-08,618.95,0,0,1,0
CUST-00410,2026-08,141.25,0,0,1,0
CUST-00411,2026-08,58.6,0,0,1,0
CUST-00412,2026-08,148.01,0,0,0,0
CUST-00413,2026-08,232.06,0,0,0,0
CUST-00414,2026-08,3518.61,0,0,0,0
CUST-00415,2026-08,215.56,0,0,0,0
CUST-00418,2026-08,104.35,0,1,0,0
CUST-00419,2026-08,92.21,0,0,0,0
CUST-00420,2026-08,4536.38,0,1,0,0
CUST-00423,2026-08,224.75,0,0,0,0
CUST-00424,2026-08,35.85,0,0,0,0
CUST-00425,2026-08,139.78,0,1,0,0
CUST-00427,2026-08,274.45,0,1,0,0
CUST-00428,2026-08,80.22,0,0,0,0
CUST-00429,2026-08,625.78,0,1,0,0
CUST-00431,2026-08,1718.62,0,0,0,0
CUST-00432,2026-08,53.36,0,1,0,0
CUST-00433,2026-08,133.4,0,1,0,0
CUST-00434,2026-08,4012.82,0,0,0,0
CUST-00436,2026-08,1006.56,0,0,0,0
CUST-00437,2026-08,202.2,0,0,1,0
CUST-00438,2026-08,2777.85,0,1,0,0
CUST-00439,2026-08,100.75,0,0,1,0
CUST-00440,2026-08,246.2,0,1,0,0
CUST-00441,2026-08,71.34,0,0,0,1
CUST-00442,2026-08,369.04,0,1,0,0
CUST-00446,2026-08,202.55,0,0,0,0
CUST-00447,2026-08,2430.34,0,1,0,0
CUST-00448,2026-08,104.3,0,0,1,0
CUST-00449,2026-08,137.08,0,0,1,0
CUST-00450,2026-08,1292.57,0,0,0,0
CUST-00451,2026-08,864.58,0,0,0,0
CUST-00452,2026-08,2667.06,0,0,0,0
CUST-00453,2026-08,479.57,0,1,0,0
CUST-00454,2026-08,123.06,0,0,0,0
CUST-00455,2026-08,163.3,0,1,0,0
CUST-00456,2026-08,62.36,0,1,0,0
CUST-00458,2026-08,766.09,0,0,0,0
CUST-00459,2026-08,1155.82,0,1,0,0
CUST-00460,2026-08,64.63,0,0,0,0
CUST-00463,2026-08,121.17,0,1,0,0
CUST-00464,2026-08,67.37,0,0,1,0
CUST-00465,2026-08,1285.86,0,0,1,0
CUST-00468,2026-08,231.67,0,0,1,0
CUST-00469,2026-08,847.75,0,1,0,0
CUST-00470,2026-08,252.7,0,0,0,0
CUST-00471,2026-08,1054.51,0,1,0,0
CUST-00472,2026-08,1029.85,0,0,1,0
CUST-00473,2026-08,1386.85,0,0,0,0
CUST-00474,2026-08,1276.41,0,0,1,0
CUST-00475,2026-08,212.86,0,1,0,1
CUST-00478,2026-08,960.86,0,1,0,0
CUST-00479,2026-08,1233.27,0,0,1,0
CUST-00481,2026-08,248.97,0,1,0,0
CUST-00482,2026-08,57.68,0,0,1,0
CUST-00483,2026-08,190.25,0,0,1,0
CUST-00484,2026-08,140.79,0,1,0,0
CUST-00485,2026-08,1516.54,0,0,0,0
CUST-00486,2026-08,3703.61,0,1,0,0
CUST-00487,2026-08,1319.27,0,0,0,1
CUST-00488,2026-08,168.44,0,0,0,0
CUST-00489,2026-08,111.48,0,1,0,0
CUST-00490,2026-08,2804.16,0,1,0,0
CUST-00493,2026-08,3264.76,0,1,0,0
CUST-00494,2026-08,463.33,0,0,0,0
CUST-00495,2026-08,108.16,0,0,0,0
CUST-00496,2026-08,2474.38,0,1,0,0
CUST-00498,2026-08,1059.17,0,0,0,0
CUST-00499,2026-08,1338.48,0,0,0,0
CUST-00500,2026-08,1281.71,0,0,0,0
CUST-00501,2026-08,1449.32,0,1,0,0
CUST-00502,2026-08,1485.32,0,1,0,0
CUST-00503,2026-08,474.47,0,1,0,0
CUST-00504,2026-08,3641.71,0,0,0,0
CUST-00505,2026-08,311.65,0,1,0,0
CUST-00506,2026-08,55,0,1,0,0
CUST-00507,2026-08,3544.64,0,0,0,0
CUST-00508,2026-08,190.88,0,0,0,0
CUST-00509,2026-08,72.95,0,1,0,0
CUST-00510,2026-08,276.52,0,0,1,0
CUST-00511,2026-08,252.48,0,0,1,1
CUST-00512,2026-08,2008.92,0,0,0,0
CUST-00513,2026-08,133.28,0,1,0,0
CUST-00514,2026-08,608.38,0,0,1,0
CUST-00515,2026-08,211.82,0,0,0,0
CUST-00516,2026-08,594.82,0,0,1,0
CUST-00517,2026-08,612.67,0,1,0,0
CUST-00518,2026-08,300.07,0,0,0,0
CUST-00520,2026-08,1141,0,0,1,0
CUST-00521,2026-08,93.99,0,0,0,0
CUST-00522,2026-08,1560.13,0,1,0,0
CUST-00523,2026-08,207.94,0,0,1,0
CUST-00524,2026-08,64,0,0,1,0
CUST-00525,2026-08,179.2,0,0,1,0
CUST-00526,2026-08,145.34,0,0,1,0
CUST-00527,2026-08,359.95,0,0,0,0
CUST-00529,2026-08,822.4,0,1,0,0
CUST-00530,2026-08,147.04,0,1,0,0
CUST-00531,2026-08,163.11,0,0,0,0
CUST-00532,2026-08,77.59,0,0,0,0
CUST-00533,2026-08,1554.85,0,1,0,0
CUST-00534,2026-08,238.04,0,0,0,0
CUST-00535,2026-08,996.82,0,1,0,0
CUST-00536,2026-08,110.53,0,1,0,0
CUST-00537,2026-08,199.71,0,0,0,0
CUST-00538,2026-08,105.95,0,1,0,0
CUST-00539,2026-08,238.27,0,0,1,1
CUST-00540,2026-08,1994.81,0,1,0,0
CUST-00541,2026-08,393.76,0,0,0,0
CUST-00542,2026-08,132.42,0,0,0,0
CUST-00544,2026-08,82.51,0,0,1,0
CUST-00545,2026-08,256.32,0,0,1,0
CUST-00546,2026-08,310.66,0,0,0,0
CUST-00547,2026-08,259.72,0,1,0,0
CUST-00548,2026-08,187.31,0,0,0,0
CUST-00549,2026-08,258.12,0,0,0,0
CUST-00550,2026-08,215.4,0,0,1,0
CUST-00551,2026-08,80.43,0,0,0,0
CUST-00552,2026-08,222.61,0,0,0,0
CUST-00553,2026-08,2235.35,0,0,0,0
CUST-00554,2026-08,137.75,0,0,1,0
CUST-00556,2026-08,838.9,0,0,1,0
CUST-00557,2026-08,3456.73,0,0,0,0
CUST-00558,2026-08,826.41,0,0,1,0
CUST-00559,2026-08,117.06,0,1,0,0
CUST-00560,2026-08,929.16,0,1,0,0
CUST-00561,2026-08,108.15,0,0,0,0
CUST-00562,2026-08,96.74,0,0,0,0
CUST-00563,2026-08,134.91,0,1,0,0
CUST-00564,2026-08,60.89,0,0,1,0
CUST-00565,2026-08,163.44,0,0,1,0
CUST-00567,2026-08,173.83,0,0,0,0
CUST-00568,2026-08,607.5,0,1,0,0
CUST-00569,2026-08,1327.23,0,1,0,0
CUST-00570,2026-08,443.25,0,0,1,0
CUST-00571,2026-08,162.86,0,0,1,0
CUST-00572,2026-08,70.35,0,0,0,0
CUST-00573,2026-08,86.21,0,0,0,0
CUST-00574,2026-08,1051.9,0,0,0,0
CUST-00575,2026-08,226.75,0,0,1,0
CUST-00576,2026-08,164.26,0,1,0,0
CUST-00577,2026-08,58.14,0,1,0,0
CUST-00578,2026-08,3924.02,0,1,0,0
CUST-00579,2026-08,118.6,0,1,0,0
CUST-00580,2026-08,618.53,0,1,0,0
CUST-00581,2026-08,148.33,0,0,0,0
CUST-00582,2026-08,3963.41,0,0,0,0
CUST-00583,2026-08,365.07,0,1,0,0
CUST-00584,2026-08,179.71,0,0,0,0
CUST-00585,2026-08,110.56,0,0,0,0
CUST-00586,2026-08,1152.89,0,1,0,0
CUST-00587,2026-08,177.17,0,1,0,0
CUST-00588,2026-08,62.54,0,1,0,0
CUST-00589,2026-08,2879.21,0,1,0,0
CUST-00590,2026-08,100.38,0,1,0,0
CUST-00591,2026-08,135.74,0,0,1,0
CUST-00592,2026-08,38.24,0,0,1,0
CUST-00593,2026-08,86.28,0,0,0,0
CUST-00594,2026-08,221.66,0,1,0,0
CUST-00595,2026-08,1004.09,0,1,0,0
CUST-00596,2026-08,942.66,0,1,0,0
CUST-00597,2026-08,95.17,0,1,0,0
CUST-00598,2026-08,211.67,0,0,0,0
CUST-00599,2026-08,91.88,0,0,0,0
CUST-00600,2026-08,136.54,0,0,0,0
CUST-00601,2026-08,141.52,0,1,0,0
CUST-00602,2026-08,227.86,0,1,0,0
CUST-00603,2026-08,102.3,0,0,0,0
CUST-00605,2026-08,953.51,0,1,0,0
CUST-00606,2026-08,134.1,0,0,0,0
CUST-00607,2026-08,1366.91,0,1,0,0
CUST-00608,2026-08,1097.59,0,1,0,0
CUST-00609,2026-08,137.65,0,0,0,0
CUST-00610,2026-08,42.83,0,0,0,0
CUST-00611,2026-08,1113.21,0,1,0,0
CUST-00612,2026-08,1029.49,0,0,0,0
CUST-00613,2026-08,198.7,0,0,0,0
CUST-00614,2026-08,260.69,0,1,0,0
CUST-00615,2026-08,68.92,0,0,0,0
CUST-00616,2026-08,340.27,0,0,0,0
CUST-00617,2026-08,144.42,0,1,0,0
CUST-00618,2026-08,241.53,0,1,0,0
CUST-00619,2026-08,83.14,0,0,1,0
CUST-00620,2026-08,244.45,0,1,0,0
CUST-00621,2026-08,151.21,0,0,1,0
CUST-00622,2026-08,150.04,0,0,1,0
CUST-00623,2026-08,3325.7,0,1,0,0
CUST-00624,2026-08,994.84,0,0,0,0
CUST-00625,2026-08,81.47,0,0,0,1
CUST-00627,2026-08,865.94,0,0,0,0
CUST-00628,2026-08,1091.41,0,1,0,0
CUST-00629,2026-08,995.72,0,1,0,0
CUST-00630,2026-08,108.44,0,1,0,0
CUST-00631,2026-08,107.23,0,0,0,0
CUST-00632,2026-08,1239.54,0,1,0,0
CUST-00633,2026-08,2967.35,0,0,0,0
CUST-00634,2026-08,1243.65,0,1,0,0
CUST-00635,2026-08,114.37,0,0,0,0
CUST-00636,2026-08,40.68,0,0,1,0
CUST-00637,2026-08,3665.53,0,0,0,1
CUST-00638,2026-08,563.25,0,0,0,0
CUST-00640,2026-08,745.89,0,0,1,0
CUST-00641,2026-08,241.28,0,0,1,0
CUST-00642,2026-08,321.23,0,0,0,0
CUST-00643,2026-08,64.68,0,1,0,0
CUST-00644,2026-08,151.47,0,0,0,0
CUST-00645,2026-08,959.2,0,1,0,0
CUST-00646,2026-08,412.4,0,0,0,0
CUST-00647,2026-08,3465.15,0,0,0,0
CUST-00648,2026-08,1080.19,0,1,0,0
CUST-00649,2026-08,964,0,0,1,0
CUST-00650,2026-08,1183.12,1,0,0,0
CUST-00651,2026-08,1192.96,1,0,0,0
CUST-00652,2026-08,1333.56,1,0,0,0
CUST-00653,2026-08,243.55,1,0,0,0
CUST-00654,2026-08,50.6,1,0,0,0
CUST-00655,2026-08,232.4,1,0,0,0
CUST-00656,2026-08,1311.88,1,0,0,0
CUST-00657,2026-08,47.43,1,0,0,0
CUST-00658,2026-08,180.7,1,0,0,0
CUST-00659,2026-08,152.23,1,0,0,0
CUST-00660,2026-08,524.12,1,0,0,0
CUST-00661,2026-08,136.98,1,0,0,0
CUST-00662,2026-08,941.83,1,0,0,0
CUST-00663,2026-08,231.03,1,0,0,0
CUST-00664,2026-08,192.55,1,0,0,0
CUST-00665,2026-08,119.34,1,0,0,0
CUST-00666,2026-08,154.06,1,0,0,0
CUST-00667,2026-08,2708.59,1,0,0,0
CUST-00004,2026-09,586.4,0,1,0,0
CUST-00006,2026-09,48.99,0,0,0,0
CUST-00009,2026-09,198.15,0,0,0,0
CUST-00013,2026-09,3059.44,0,0,0,0
CUST-00014,2026-09,88.44,0,0,0,0
CUST-00016,2026-09,74.91,0,1,0,0
CUST-00022,2026-09,192.94,0,1,0,0
CUST-00024,2026-09,519.6,0,1,0,0
CUST-00027,2026-09,76.54,0,1,0,0
CUST-00029,2026-09,203.3,0,0,0,0
CUST-00030,2026-09,131.63,0,0,0,0
CUST-00037,2026-09,487.13,0,1,0,0
CUST-00038,2026-09,266.9,0,1,0,0
CUST-00039,2026-09,4874.97,0,1,0,0
CUST-00041,2026-09,285.04,0,0,0,0
CUST-00047,2026-09,63.79,0,0,0,0
CUST-00060,2026-09,151.39,0,1,0,0
CUST-00062,2026-09,504.17,0,1,0,0
CUST-00064,2026-09,1235.05,0,0,0,0
CUST-00066,2026-09,1491.53,0,0,1,0
CUST-00067,2026-09,653.32,0,0,1,0
CUST-00069,2026-09,239.63,0,0,0,0
CUST-00071,2026-09,6506.02,0,1,0,0
CUST-00072,2026-09,240.22,0,0,0,0
CUST-00074,2026-09,345.01,0,1,0,0
CUST-00075,2026-09,101.43,0,0,1,0
CUST-00076,2026-09,315.37,0,0,1,0
CUST-00077,2026-09,180.4,0,1,0,0
CUST-00078,2026-09,222.78,0,0,0,0
CUST-00082,2026-09,218.04,0,0,1,0
CUST-00085,2026-09,440.41,0,0,0,0
CUST-00087,2026-09,172.36,0,0,0,0
CUST-00088,2026-09,138.46,0,1,0,0
CUST-00091,2026-09,152.94,0,1,0,0
CUST-00094,2026-09,6421.81,0,0,0,0
CUST-00095,2026-09,54.42,0,0,0,0
CUST-00098,2026-09,1413.6,0,0,1,0
CUST-00100,2026-09,456.77,0,1,0,0
CUST-00102,2026-09,195.03,0,0,1,0
CUST-00103,2026-09,354.01,0,0,0,0
CUST-00104,2026-09,201.26,0,1,0,0
CUST-00107,2026-09,234.47,0,0,0,0
CUST-00108,2026-09,43.8,0,1,0,0
CUST-00111,2026-09,163.84,0,0,0,0
CUST-00112,2026-09,104.15,0,1,0,0
CUST-00114,2026-09,148.08,0,0,1,0
CUST-00118,2026-09,819.19,0,1,0,0
CUST-00120,2026-09,3946.81,0,0,0,0
CUST-00122,2026-09,299.4,0,1,0,0
CUST-00126,2026-09,317.38,0,0,0,0
CUST-00129,2026-09,350.58,0,1,0,0
CUST-00131,2026-09,1194.5,0,0,1,0
CUST-00133,2026-09,620.86,0,0,0,0
CUST-00135,2026-09,1151.68,0,0,0,0
CUST-00136,2026-09,1199.06,0,1,0,0
CUST-00138,2026-09,193.23,0,1,0,0
CUST-00139,2026-09,418.1,0,1,0,0
CUST-00140,2026-09,2152.1,0,0,0,0
CUST-00141,2026-09,347.77,0,0,1,0
CUST-00142,2026-09,109.45,0,1,0,0
CUST-00143,2026-09,1672.12,0,0,0,0
CUST-00145,2026-09,56,0,1,0,0
CUST-00147,2026-09,294.58,0,0,0,0
CUST-00148,2026-09,112.35,0,1,0,0
CUST-00149,2026-09,73.85,0,0,0,0
CUST-00151,2026-09,374.92,0,1,0,0
CUST-00154,2026-09,877.41,0,0,1,0
CUST-00155,2026-09,3189.94,0,1,0,0
CUST-00157,2026-09,802.87,0,0,0,0
CUST-00162,2026-09,710.24,0,1,0,0
CUST-00163,2026-09,259.52,0,0,0,0
CUST-00165,2026-09,295.97,0,0,1,0
CUST-00166,2026-09,195.7,0,1,0,0
CUST-00168,2026-09,296.38,0,0,1,0
CUST-00169,2026-09,3574,0,0,0,0
CUST-00170,2026-09,556.45,0,0,1,0
CUST-00171,2026-09,396.59,0,0,1,0
CUST-00172,2026-09,3013.77,0,1,0,0
CUST-00173,2026-09,370.11,0,1,0,0
CUST-00176,2026-09,197.49,0,0,0,0
CUST-00177,2026-09,85.53,0,0,0,0
CUST-00178,2026-09,297.04,0,0,0,0
CUST-00179,2026-09,1581.13,0,0,0,0
CUST-00180,2026-09,341.16,0,0,1,0
CUST-00181,2026-09,285.33,0,1,0,0
CUST-00183,2026-09,118.81,0,0,0,0
CUST-00186,2026-09,105.91,0,1,0,0
CUST-00188,2026-09,1442.53,0,1,0,0
CUST-00190,2026-09,48.7,0,1,0,0
CUST-00192,2026-09,2187.56,0,0,0,0
CUST-00194,2026-09,102.58,0,1,0,0
CUST-00195,2026-09,93.07,0,0,0,0
CUST-00196,2026-09,226.61,0,1,0,0
CUST-00197,2026-09,114.62,0,1,0,0
CUST-00198,2026-09,2355.57,0,1,0,0
CUST-00199,2026-09,42.76,0,0,1,0
CUST-00201,2026-09,84.21,0,1,0,0
CUST-00205,2026-09,419.49,0,0,1,0
CUST-00206,2026-09,247.83,0,0,0,0
CUST-00207,2026-09,1983.52,0,0,0,0
CUST-00208,2026-09,3626.19,0,1,0,0
CUST-00210,2026-09,417.15,0,0,1,0
CUST-00211,2026-09,94.33,0,0,0,0
CUST-00214,2026-09,140.17,0,0,0,0
CUST-00217,2026-09,67.47,0,1,0,0
CUST-00220,2026-09,104.37,0,0,1,0
CUST-00221,2026-09,2514.65,0,0,0,0
CUST-00222,2026-09,1146.18,0,0,1,0
CUST-00223,2026-09,303.47,0,0,1,0
CUST-00224,2026-09,85.8,0,0,0,0
CUST-00226,2026-09,709.15,0,0,0,0
CUST-00227,2026-09,318.33,0,1,0,0
CUST-00231,2026-09,154.91,0,0,0,0
CUST-00233,2026-09,922.97,0,0,1,0
CUST-00234,2026-09,96.96,0,0,1,0
CUST-00235,2026-09,3788.93,0,0,0,0
CUST-00236,2026-09,103.55,0,1,0,0
CUST-00239,2026-09,325.04,0,0,0,0
CUST-00240,2026-09,271.95,0,1,0,0
CUST-00241,2026-09,100.8,0,0,1,0
CUST-00242,2026-09,326.84,0,1,0,0
CUST-00248,2026-09,878.2,0,0,1,0
CUST-00249,2026-09,1651.06,0,1,0,0
CUST-00250,2026-09,262.95,0,0,1,0
CUST-00251,2026-09,1984.73,0,1,0,0
CUST-00254,2026-09,128.96,0,0,1,0
CUST-00257,2026-09,3172.14,0,1,0,0
CUST-00259,2026-09,1192.2,0,0,0,0
CUST-00262,2026-09,172.9,0,0,0,0
CUST-00264,2026-09,111.39,0,0,0,0
CUST-00265,2026-09,78.94,0,0,0,0
CUST-00266,2026-09,148.96,0,0,0,0
CUST-00267,2026-09,274.22,0,0,1,0
CUST-00270,2026-09,912.89,0,0,0,0
CUST-00271,2026-09,69.05,0,1,0,0
CUST-00272,2026-09,272.76,0,0,0,0
CUST-00274,2026-09,77.53,0,0,1,0
CUST-00275,2026-09,361.64,0,1,0,0
CUST-00276,2026-09,97.58,0,1,0,0
CUST-00277,2026-09,161.45,0,1,0,0
CUST-00278,2026-09,166.35,0,1,0,0
CUST-00279,2026-09,237.89,0,0,0,0
CUST-00280,2026-09,183.55,0,0,0,0
CUST-00284,2026-09,236.18,0,1,0,0
CUST-00285,2026-09,74,0,0,0,0
CUST-00286,2026-09,2068.35,0,0,0,0
CUST-00288,2026-09,3633.71,0,0,0,0
CUST-00292,2026-09,184.45,0,0,1,0
CUST-00296,2026-09,47.02,0,0,1,0
CUST-00297,2026-09,275.5,0,1,0,0
CUST-00298,2026-09,295.5,0,1,0,0
CUST-00299,2026-09,193.99,0,0,0,0
CUST-00300,2026-09,237.15,0,1,0,0
CUST-00301,2026-09,971.15,0,0,1,0
CUST-00302,2026-09,301.43,0,0,0,0
CUST-00303,2026-09,61.38,0,0,0,0
CUST-00304,2026-09,274.7,0,1,0,0
CUST-00306,2026-09,1484.77,0,0,0,0
CUST-00307,2026-09,1095.54,0,0,0,0
CUST-00309,2026-09,1829.61,0,0,1,0
CUST-00311,2026-09,393.18,0,1,0,0
CUST-00312,2026-09,166.42,0,0,1,0
CUST-00313,2026-09,286.7,0,1,0,0
CUST-00315,2026-09,315.54,0,0,0,0
CUST-00316,2026-09,1131.67,0,0,0,0
CUST-00317,2026-09,263.22,0,1,0,0
CUST-00319,2026-09,61.74,0,0,1,0
CUST-00320,2026-09,291.28,0,0,0,0
CUST-00322,2026-09,215.49,0,1,0,0
CUST-00323,2026-09,324.56,0,0,1,0
CUST-00326,2026-09,74.28,0,1,0,0
CUST-00327,2026-09,1613.73,0,1,0,0
CUST-00329,2026-09,36.36,0,0,0,0
CUST-00331,2026-09,211.13,0,0,1,0
CUST-00332,2026-09,49.73,0,0,1,0
CUST-00335,2026-09,194.35,0,1,0,0
CUST-00336,2026-09,162.27,0,1,0,0
CUST-00337,2026-09,256.85,0,0,1,0
CUST-00339,2026-09,164.79,0,1,0,0
CUST-00340,2026-09,1161.48,0,0,1,0
CUST-00341,2026-09,644.03,0,0,0,0
CUST-00343,2026-09,70.46,0,0,0,0
CUST-00344,2026-09,291.93,0,0,1,0
CUST-00347,2026-09,195.15,0,0,1,0
CUST-00348,2026-09,373.09,0,1,0,0
CUST-00349,2026-09,171.89,0,0,1,0
CUST-00351,2026-09,215.65,0,0,1,0
CUST-00352,2026-09,225.98,0,0,1,0
CUST-00354,2026-09,494.68,0,0,0,0
CUST-00356,2026-09,165.17,0,0,1,0
CUST-00357,2026-09,59.69,0,0,1,0
CUST-00358,2026-09,291.51,0,1,0,0
CUST-00360,2026-09,265.33,0,1,0,0
CUST-00363,2026-09,254.21,0,1,0,0
CUST-00364,2026-09,171.28,0,1,0,0
CUST-00365,2026-09,69.98,0,0,1,0
CUST-00366,2026-09,469.15,0,0,0,0
CUST-00368,2026-09,95.67,0,1,0,0
CUST-00369,2026-09,567.71,0,1,0,0
CUST-00370,2026-09,938.96,0,0,0,0
CUST-00373,2026-09,169.52,0,1,0,0
CUST-00374,2026-09,1422.48,0,0,0,0
CUST-00375,2026-09,250.24,0,1,0,0
CUST-00376,2026-09,102.5,0,1,0,0
CUST-00377,2026-09,701.13,0,0,1,0
CUST-00378,2026-09,1350.11,0,0,1,0
CUST-00379,2026-09,95.27,0,1,0,0
CUST-00380,2026-09,249.99,0,0,1,0
CUST-00381,2026-09,398.23,0,0,0,0
CUST-00382,2026-09,241.22,0,1,0,0
CUST-00385,2026-09,1052.72,0,1,0,0
CUST-00386,2026-09,159.77,0,1,0,0
CUST-00388,2026-09,144.08,0,0,0,0
CUST-00389,2026-09,274.27,0,0,0,0
CUST-00390,2026-09,1164.22,0,1,0,0
CUST-00391,2026-09,1426.03,0,1,0,0
CUST-00393,2026-09,1162.04,0,1,0,0
CUST-00394,2026-09,412.79,0,1,0,0
CUST-00396,2026-09,529.94,0,1,0,0
CUST-00398,2026-09,121.21,0,1,0,0
CUST-00399,2026-09,75.75,0,0,0,0
CUST-00400,2026-09,155.03,0,1,0,0
CUST-00401,2026-09,364.8,0,0,0,0
CUST-00402,2026-09,145.96,0,1,0,0
CUST-00404,2026-09,1164.41,0,1,0,0
CUST-00405,2026-09,136.83,0,0,0,0
CUST-00406,2026-09,1409.95,0,1,0,0
CUST-00408,2026-09,97.21,0,0,0,0
CUST-00409,2026-09,630.99,0,0,0,0
CUST-00410,2026-09,142.21,0,0,0,0
CUST-00411,2026-09,56.63,0,0,1,0
CUST-00412,2026-09,144.01,0,0,1,0
CUST-00413,2026-09,245.14,0,1,0,0
CUST-00414,2026-09,3539.91,0,0,0,0
CUST-00415,2026-09,221.58,0,1,0,0
CUST-00418,2026-09,105.41,0,0,0,0
CUST-00419,2026-09,97.67,0,1,0,0
CUST-00420,2026-09,4504.25,0,0,0,0
CUST-00423,2026-09,231.82,0,1,0,0
CUST-00424,2026-09,36.05,0,0,0,0
CUST-00425,2026-09,141.75,0,0,0,0
CUST-00427,2026-09,276.8,0,0,0,0
CUST-00428,2026-09,83.26,0,1,0,0
CUST-00429,2026-09,643.39,0,1,0,0
CUST-00431,2026-09,1768.15,0,1,0,0
CUST-00432,2026-09,54.52,0,1,0,0
CUST-00433,2026-09,128.73,0,0,1,0
CUST-00434,2026-09,4130.84,0,1,0,0
CUST-00436,2026-09,1032.66,0,1,0,0
CUST-00437,2026-09,201.76,0,0,0,0
CUST-00438,2026-09,2821.09,0,0,0,0
CUST-00439,2026-09,104.54,0,1,0,0
CUST-00440,2026-09,329.54,0,1,0,0
CUST-00442,2026-09,376.22,0,0,0,0
CUST-00446,2026-09,208.93,0,1,0,0
CUST-00447,2026-09,2436.65,0,0,0,0
CUST-00448,2026-09,103.36,0,0,0,0
CUST-00449,2026-09,136.1,0,0,0,0
CUST-00450,2026-09,1270.12,0,0,0,0
CUST-00451,2026-09,856.99,0,0,0,0
CUST-00452,2026-09,2715.65,0,0,0,0
CUST-00453,2026-09,528.45,0,1,0,0
CUST-00454,2026-09,124.02,0,0,0,0
CUST-00455,2026-09,158.63,0,0,1,0
CUST-00456,2026-09,64.37,0,1,0,0
CUST-00458,2026-09,782.05,0,1,0,0
CUST-00459,2026-09,1345.73,0,1,0,0
CUST-00460,2026-09,65.2,0,0,0,0
CUST-00463,2026-09,127.78,0,1,0,0
CUST-00464,2026-09,66.49,0,0,0,0
CUST-00465,2026-09,1321.46,0,1,0,0
CUST-00468,2026-09,224.43,0,0,1,0
CUST-00469,2026-09,840.35,0,0,0,0
CUST-00470,2026-09,250.56,0,0,0,0
CUST-00471,2026-09,1272.08,0,1,0,0
CUST-00472,2026-09,1002.18,0,0,1,0
CUST-00473,2026-09,1355.72,0,0,1,0
CUST-00474,2026-09,1330.9,0,1,0,0
CUST-00478,2026-09,990.53,0,1,0,0
CUST-00479,2026-09,1275.9,0,1,0,0
CUST-00481,2026-09,257.83,0,1,0,0
CUST-00482,2026-09,58.92,0,1,0,0
CUST-00483,2026-09,114.69,0,0,1,0
CUST-00484,2026-09,144.58,0,1,0,0
CUST-00485,2026-09,1519.05,0,0,0,0
CUST-00486,2026-09,3781.07,0,1,0,0
CUST-00488,2026-09,168.84,0,0,0,0
CUST-00489,2026-09,107.47,0,0,1,0
CUST-00490,2026-09,2776.96,0,0,0,0
CUST-00493,2026-09,2485.79,0,0,1,0
CUST-00494,2026-09,476.36,0,1,0,0
CUST-00495,2026-09,107.9,0,0,0,0
CUST-00496,2026-09,2028.9,0,0,1,0
CUST-00498,2026-09,1088.75,0,1,0,0
CUST-00499,2026-09,1376.23,0,1,0,0
CUST-00500,2026-09,1328.84,0,1,0,0
CUST-00501,2026-09,1439.81,0,0,0,0
CUST-00502,2026-09,1456.99,0,0,0,0
CUST-00503,2026-09,356.33,0,0,1,0
CUST-00504,2026-09,3609.23,0,0,0,0
CUST-00505,2026-09,305.18,0,0,1,0
CUST-00506,2026-09,57.71,0,1,0,0
CUST-00507,2026-09,3018.55,0,0,1,0
CUST-00508,2026-09,201.43,0,1,0,0
CUST-00509,2026-09,76.78,0,1,0,0
CUST-00510,2026-09,265.9,0,0,1,0
CUST-00512,2026-09,1995.85,0,0,0,0
CUST-00513,2026-09,130.26,0,0,1,0
CUST-00514,2026-09,768.11,0,1,0,0
CUST-00515,2026-09,204.35,0,0,1,0
CUST-00516,2026-09,589.3,0,0,0,0
CUST-00517,2026-09,621.6,0,0,0,0
CUST-00518,2026-09,290.07,0,0,1,0
CUST-00520,2026-09,1191.35,0,1,0,0
CUST-00521,2026-09,97.75,0,1,0,0
CUST-00522,2026-09,1135.2,0,0,1,0
CUST-00523,2026-09,216.56,0,1,0,0
CUST-00524,2026-09,63.38,0,0,0,0
CUST-00525,2026-09,183.13,0,1,0,0
CUST-00526,2026-09,141.44,0,0,1,0
CUST-00527,2026-09,361.83,0,0,0,0
CUST-00529,2026-09,862.71,0,1,0,0
CUST-00530,2026-09,150.14,0,1,0,0
CUST-00531,2026-09,161.58,0,0,0,0
CUST-00532,2026-09,76.8,0,0,0,0
CUST-00533,2026-09,1581.98,0,0,0,0
CUST-00534,2026-09,230.15,0,0,1,0
CUST-00535,2026-09,1001.63,0,0,0,0
CUST-00536,2026-09,107.21,0,0,1,0
CUST-00537,2026-09,205.72,0,1,0,0
CUST-00538,2026-09,108.43,0,1,0,0
CUST-00540,2026-09,1971.52,0,0,0,0
CUST-00541,2026-09,383.13,0,0,1,0
CUST-00542,2026-09,128.33,0,0,1,0
CUST-00544,2026-09,79.71,0,0,1,0
CUST-00545,2026-09,269.72,0,1,0,0
CUST-00546,2026-09,309.51,0,0,0,0
CUST-00547,2026-09,347.95,0,1,0,0
CUST-00548,2026-09,193.76,0,1,0,0
CUST-00549,2026-09,259.18,0,0,0,0
CUST-00550,2026-09,209.31,0,0,1,0
CUST-00551,2026-09,83.86,0,1,0,0
CUST-00552,2026-09,233.85,0,1,0,0
CUST-00553,2026-09,2238.43,0,0,0,0
CUST-00554,2026-09,143.58,0,1,0,0
CUST-00556,2026-09,824.33,0,0,0,0
CUST-00557,2026-09,3401.76,0,0,0,0
CUST-00558,2026-09,849.19,0,1,0,0
CUST-00559,2026-09,114.33,0,0,1,0
CUST-00560,2026-09,913,0,0,0,0
CUST-00561,2026-09,112.08,0,1,0,0
CUST-00562,2026-09,98.79,0,1,0,0
CUST-00563,2026-09,139.82,0,1,0,0
CUST-00564,2026-09,63.64,0,1,0,0
CUST-00565,2026-09,157.99,0,0,1,0
CUST-00567,2026-09,180.01,0,1,0,0
CUST-00568,2026-09,590.82,0,0,1,0
CUST-00569,2026-09,1295.73,0,0,1,0
CUST-00570,2026-09,440.16,0,0,0,0
CUST-00571,2026-09,167.94,0,1,0,0
CUST-00572,2026-09,74.01,0,1,0,0
CUST-00573,2026-09,84.05,0,0,1,0
CUST-00574,2026-09,1023.05,0,0,1,0
CUST-00575,2026-09,237.65,0,1,0,0
CUST-00576,2026-09,162.78,0,0,0,0
CUST-00577,2026-09,56.6,0,0,1,0
CUST-00578,2026-09,4226.68,0,1,0,0
CUST-00579,2026-09,117.22,0,0,0,0
CUST-00580,2026-09,607.24,0,0,0,0
CUST-00581,2026-09,184.17,0,1,0,0
CUST-00582,2026-09,4108.95,0,1,0,0
CUST-00583,2026-09,354.93,0,0,1,0
CUST-00584,2026-09,186.6,0,1,0,0
CUST-00585,2026-09,106.22,0,0,1,0
CUST-00586,2026-09,1341.53,0,1,0,0
CUST-00587,2026-09,171.52,0,0,1,0
CUST-00588,2026-09,62.48,0,0,0,0
CUST-00589,2026-09,2917.7,0,0,0,0
CUST-00590,2026-09,100.69,0,0,0,0
CUST-00591,2026-09,134,0,0,0,0
CUST-00592,2026-09,39.8,0,1,0,0
CUST-00593,2026-09,86.49,0,0,0,0
CUST-00594,2026-09,222.97,0,0,0,0
CUST-00595,2026-09,1039.23,0,1,0,0
CUST-00596,2026-09,957.73,0,0,0,0
CUST-00597,2026-09,100.62,0,1,0,0
CUST-00598,2026-09,207.06,0,0,1,0
CUST-00599,2026-09,89.79,0,0,1,0
CUST-00600,2026-09,143.29,0,1,0,0
CUST-00601,2026-09,148.54,0,1,0,0
CUST-00602,2026-09,235.68,0,1,0,0
CUST-00603,2026-09,105.85,0,1,0,0
CUST-00605,2026-09,994.13,0,1,0,0
CUST-00606,2026-09,129.46,0,0,1,0
CUST-00607,2026-09,1345.85,0,0,0,0
CUST-00608,2026-09,1130.83,0,1,0,0
CUST-00609,2026-09,138.24,0,0,0,0
CUST-00610,2026-09,44.5,0,1,0,0
CUST-00611,2026-09,1138.96,0,1,0,0
CUST-00612,2026-09,1081.63,0,1,0,0
CUST-00613,2026-09,207.35,0,1,0,0
CUST-00614,2026-09,251.27,0,0,1,0
CUST-00615,2026-09,70.01,0,0,0,0
CUST-00616,2026-09,345.84,0,0,0,0
CUST-00617,2026-09,141.68,0,0,0,0
CUST-00618,2026-09,253.22,0,1,0,0
CUST-00619,2026-09,83.69,0,0,0,0
CUST-00620,2026-09,243.21,0,0,0,0
CUST-00621,2026-09,146.24,0,0,1,0
CUST-00622,2026-09,206.55,0,1,0,0
CUST-00623,2026-09,3533.84,0,1,0,0
CUST-00624,2026-09,1005.15,0,0,0,0
CUST-00627,2026-09,861.96,0,0,0,0
CUST-00628,2026-09,1130.29,0,1,0,0
CUST-00629,2026-09,688.15,0,0,1,0
CUST-00630,2026-09,75.24,0,0,1,0
CUST-00631,2026-09,112.06,0,1,0,0
CUST-00632,2026-09,1241.27,0,0,0,0
CUST-00633,2026-09,3001.89,0,0,0,0
CUST-00634,2026-09,1247.75,0,0,0,0
CUST-00635,2026-09,120.08,0,1,0,0
CUST-00636,2026-09,39.84,0,0,1,0
CUST-00638,2026-09,681.03,0,1,0,0
CUST-00640,2026-09,726.52,0,0,1,0
CUST-00641,2026-09,242.73,0,0,0,0
CUST-00642,2026-09,319.72,0,0,0,0
CUST-00643,2026-09,66.96,0,1,0,0
CUST-00644,2026-09,151.73,0,0,0,0
CUST-00645,2026-09,987.4,0,1,0,0
CUST-00646,2026-09,413.59,0,0,0,0
CUST-00647,2026-09,3560.15,0,1,0,0
CUST-00648,2026-09,1080.3,0,0,0,0
CUST-00649,2026-09,967.13,0,0,0,0
CUST-00650,2026-09,1204.07,0,0,0,0
CUST-00651,2026-09,1173.3,0,0,0,0
CUST-00652,2026-09,1333.42,0,0,0,0
CUST-00653,2026-09,235.27,0,0,1,0
CUST-00654,2026-09,51.81,0,1,0,0
CUST-00655,2026-09,235.81,0,0,0,0
CUST-00656,2026-09,1325.45,0,0,0,0
CUST-00657,2026-09,49.68,0,1,0,0
CUST-00658,2026-09,181.03,0,0,0,0
CUST-00659,2026-09,156.75,0,1,0,0
CUST-00660,2026-09,542.6,0,1,0,0
CUST-00661,2026-09,131.97,0,0,1,0
CUST-00662,2026-09,936.16,0,0,0,0
CUST-00663,2026-09,223.61,0,0,1,0
CUST-00664,2026-09,192.96,0,0,0,0
CUST-00665,2026-09,156.93,0,1,0,0
CUST-00666,2026-09,152.47,0,0,0,0
CUST-00667,2026-09,3022.05,0,1,0,0
CUST-00668,2026-09,199.16,1,0,0,0
CUST-00669,2026-09,67.01,1,0,0,0
CUST-00670,2026-09,1060.08,1,0,0,0
CUST-00671,2026-09,113.7,1,0,0,0
CUST-00672,2026-09,3017.8,1,0,0,0
CUST-00673,2026-09,916.77,1,0,0,0
CUST-00674,2026-09,608.05,1,0,0,0
CUST-00675,2026-09,242.2,1,0,0,0
CUST-00676,2026-09,2876.25,1,0,0,0
CUST-00677,2026-09,54.06,1,0,0,0
CUST-00678,2026-09,1308.91,1,0,0,0
CUST-00679,2026-09,45.64,1,0,0,0
CUST-00680,2026-09,156.4,1,0,0,0
CUST-00681,2026-09,246.46,1,0,0,0
CUST-00682,2026-09,426.97,1,0,0,0
CUST-00683,2026-09,104.13,1,0,0,0
CUST-00684,2026-09,2172.07,1,0,0,0
CUST-00685,2026-09,87.54,1,0,0,0
CUST-00686,2026-09,78.49,1,0,0,0
CUST-00687,2026-09,190.55,1,0,0,0
CUST-00688,2026-09,2882.26,1,0,0,0
CUST-00689,2026-09,2659.76,1,0,0,0
CUST-00690,2026-09,971.78,1,0,0,0
CUST-00691,2026-09,158.01,1,0,0,0
CUST-00692,2026-09,342.22,1,0,0,0
CUST-00693,2026-09,678.92,1,0,0,0
CUST-00694,2026-09,180.44,1,0,0,0
CUST-00695,2026-09,257.49,1,0,0,0
CUST-00696,2026-09,84.47,1,0,0,0
CUST-00697,2026-09,59.88,1,0,0,0
CUST-00698,2026-09,201.16,1,0,0,0
CUST-00699,2026-09,1330.88,1,0,0,0
CUST-00700,2026-09,256.65,1,0,0,0
CUST-00701,2026-09,43.71,1,0,0,0
CUST-00702,2026-09,209.81,1,0,0,0
CUST-00703,2026-09,110.11,1,0,0,0
CUST-00704,2026-09,168.78,1,0,0,0
